protocol,rep,model,idx,y,pred
P2_rgkf,0,Mean,0,0.37,0.2884090909090909
P2_rgkf,0,Mean,1,0.37,0.2884090909090909
P2_rgkf,0,Mean,6,0.64,0.2884090909090909
P2_rgkf,0,Mean,14,0.48,0.2884090909090909
P2_rgkf,0,Mean,16,0.96,0.2884090909090909
P2_rgkf,0,Mean,22,0.23,0.2884090909090909
P2_rgkf,0,Mean,26,0.38,0.2884090909090909
P2_rgkf,0,Mean,30,0.54,0.2884090909090909
P2_rgkf,0,Mean,35,0.17,0.2884090909090909
P2_rgkf,0,Mean,37,0.13,0.2884090909090909
P2_rgkf,0,Mean,45,0.21,0.2884090909090909
P2_rgkf,0,Mean,47,0.76,0.2884090909090909
P2_rgkf,0,Mean,49,0.55,0.2884090909090909
P2_rgkf,0,Mean,52,0.4,0.2884090909090909
P2_rgkf,0,Mean,72,0.21,0.2884090909090909
P2_rgkf,0,Mean,74,0.15,0.2884090909090909
P2_rgkf,0,Mean,83,0.15,0.2884090909090909
P2_rgkf,0,Mean,85,0.15,0.2884090909090909
P2_rgkf,0,Mean,91,0.14,0.2884090909090909
P2_rgkf,0,Mean,93,0.2,0.2884090909090909
P2_rgkf,0,Mean,101,0.2,0.2884090909090909
P2_rgkf,0,Mean,106,0.17,0.2884090909090909
P2_rgkf,0,MVR,0,0.37,0.2806837450941532
P2_rgkf,0,MVR,1,0.37,0.2806837450941532
P2_rgkf,0,MVR,6,0.64,0.4953021342716644
P2_rgkf,0,MVR,14,0.48,0.3993169604472161
P2_rgkf,0,MVR,16,0.96,0.568821450697475
P2_rgkf,0,MVR,22,0.23,0.206233905814471
P2_rgkf,0,MVR,26,0.38,0.2725939725512451
P2_rgkf,0,MVR,30,0.54,0.614560334072881
P2_rgkf,0,MVR,35,0.17,0.2114676570573286
P2_rgkf,0,MVR,37,0.13,0.2114676570573286
P2_rgkf,0,MVR,45,0.21,0.1677334935522418
P2_rgkf,0,MVR,47,0.76,0.1907468447374049
P2_rgkf,0,MVR,49,0.55,0.2084179202967838
P2_rgkf,0,MVR,52,0.4,0.2282953846553527
P2_rgkf,0,MVR,72,0.21,0.1770405012721249
P2_rgkf,0,MVR,74,0.15,0.2069010431917325
P2_rgkf,0,MVR,83,0.15,0.2779932810770794
P2_rgkf,0,MVR,85,0.15,0.1557678812527455
P2_rgkf,0,MVR,91,0.14,0.2176164005017208
P2_rgkf,0,MVR,93,0.2,0.1620294587211834
P2_rgkf,0,MVR,101,0.2,0.1516433560307239
P2_rgkf,0,MVR,106,0.17,0.1657147169251707
P2_rgkf,0,Ridge,0,0.37,0.3566206682276445
P2_rgkf,0,Ridge,1,0.37,0.3566206682276445
P2_rgkf,0,Ridge,6,0.64,0.4594448774302066
P2_rgkf,0,Ridge,14,0.48,0.3876733321295259
P2_rgkf,0,Ridge,16,0.96,0.4783387946143226
P2_rgkf,0,Ridge,22,0.23,0.2654944709948662
P2_rgkf,0,Ridge,26,0.38,0.3307472019172764
P2_rgkf,0,Ridge,30,0.54,0.604614877369076
P2_rgkf,0,Ridge,35,0.17,0.2429374014391762
P2_rgkf,0,Ridge,37,0.13,0.2429374014391762
P2_rgkf,0,Ridge,45,0.21,0.1829908962654776
P2_rgkf,0,Ridge,47,0.76,0.2132962681063661
P2_rgkf,0,Ridge,49,0.55,0.2414887403835664
P2_rgkf,0,Ridge,52,0.4,0.2642288070332957
P2_rgkf,0,Ridge,72,0.21,0.1587033698012657
P2_rgkf,0,Ridge,74,0.15,0.2166537425758435
P2_rgkf,0,Ridge,83,0.15,0.3222680495897243
P2_rgkf,0,Ridge,85,0.15,0.1220090705862514
P2_rgkf,0,Ridge,91,0.14,0.2167472728103244
P2_rgkf,0,Ridge,93,0.2,0.1694760360152869
P2_rgkf,0,Ridge,101,0.2,0.1664213497143281
P2_rgkf,0,Ridge,106,0.17,0.1714708940395207
P2_rgkf,0,RF,0,0.37,0.3828763318604311
P2_rgkf,0,RF,1,0.37,0.3828763318604311
P2_rgkf,0,RF,6,0.64,0.3887791197441015
P2_rgkf,0,RF,14,0.48,0.4626484596420814
P2_rgkf,0,RF,16,0.96,0.6517629835044058
P2_rgkf,0,RF,22,0.23,0.2881257983331283
P2_rgkf,0,RF,26,0.38,0.3847966607774589
P2_rgkf,0,RF,30,0.54,0.5956662500357969
P2_rgkf,0,RF,35,0.17,0.1844268030004334
P2_rgkf,0,RF,37,0.13,0.1844268030004334
P2_rgkf,0,RF,45,0.21,0.1879035134464189
P2_rgkf,0,RF,47,0.76,0.3391239230671236
P2_rgkf,0,RF,49,0.55,0.3252227325909332
P2_rgkf,0,RF,52,0.4,0.3230236849718856
P2_rgkf,0,RF,72,0.21,0.1858815032087657
P2_rgkf,0,RF,74,0.15,0.1857900382486052
P2_rgkf,0,RF,83,0.15,0.1992647128453769
P2_rgkf,0,RF,85,0.15,0.182531207413107
P2_rgkf,0,RF,91,0.14,0.1852031083202604
P2_rgkf,0,RF,93,0.2,0.1893901958538803
P2_rgkf,0,RF,101,0.2,0.1847963904107171
P2_rgkf,0,RF,106,0.17,0.1873359774851585
P2_rgkf,0,ET,0,0.37,0.3769791810189898
P2_rgkf,0,ET,1,0.37,0.3769791810189898
P2_rgkf,0,ET,6,0.64,0.379818571499017
P2_rgkf,0,ET,14,0.48,0.49212063721833
P2_rgkf,0,ET,16,0.96,0.6667727829940902
P2_rgkf,0,ET,22,0.23,0.2659531987464958
P2_rgkf,0,ET,26,0.38,0.3831243660257793
P2_rgkf,0,ET,30,0.54,0.5679393458618877
P2_rgkf,0,ET,35,0.17,0.1659118678245233
P2_rgkf,0,ET,37,0.13,0.1659118678245233
P2_rgkf,0,ET,45,0.21,0.1882044575142088
P2_rgkf,0,ET,47,0.76,0.3280190594942588
P2_rgkf,0,ET,49,0.55,0.324331011822824
P2_rgkf,0,ET,52,0.4,0.3066830125040968
P2_rgkf,0,ET,72,0.21,0.1883499030036658
P2_rgkf,0,ET,74,0.15,0.1839479880663079
P2_rgkf,0,ET,83,0.15,0.1870228618113412
P2_rgkf,0,ET,85,0.15,0.1841667889618673
P2_rgkf,0,ET,91,0.14,0.1930354076424257
P2_rgkf,0,ET,93,0.2,0.2012028044825303
P2_rgkf,0,ET,101,0.2,0.1799057574242797
P2_rgkf,0,ET,106,0.17,0.1907579540098823
P2_rgkf,0,XGB,0,0.37,0.3679072260856628
P2_rgkf,0,XGB,1,0.37,0.3679072260856628
P2_rgkf,0,XGB,6,0.64,0.3141889274120331
P2_rgkf,0,XGB,14,0.48,0.443754106760025
P2_rgkf,0,XGB,16,0.96,0.701772153377533
P2_rgkf,0,XGB,22,0.23,0.2458371371030807
P2_rgkf,0,XGB,26,0.38,0.3642669916152954
P2_rgkf,0,XGB,30,0.54,0.5929111242294312
P2_rgkf,0,XGB,35,0.17,0.1568647027015686
P2_rgkf,0,XGB,37,0.13,0.1568647027015686
P2_rgkf,0,XGB,45,0.21,0.2071671932935714
P2_rgkf,0,XGB,47,0.76,0.3313876688480377
P2_rgkf,0,XGB,49,0.55,0.3437777459621429
P2_rgkf,0,XGB,52,0.4,0.3598083853721618
P2_rgkf,0,XGB,72,0.21,0.2372798919677734
P2_rgkf,0,XGB,74,0.15,0.2006553560495376
P2_rgkf,0,XGB,83,0.15,0.180829256772995
P2_rgkf,0,XGB,85,0.15,0.1454070061445236
P2_rgkf,0,XGB,91,0.14,0.1977007836103439
P2_rgkf,0,XGB,93,0.2,0.2082387208938598
P2_rgkf,0,XGB,101,0.2,0.2087350785732269
P2_rgkf,0,XGB,106,0.17,0.2020511180162429
P2_rgkf,0,LGBM,0,0.37,0.3765765198578251
P2_rgkf,0,LGBM,1,0.37,0.3765765198578251
P2_rgkf,0,LGBM,6,0.64,0.3460867477637273
P2_rgkf,0,LGBM,14,0.48,0.4543718529739285
P2_rgkf,0,LGBM,16,0.96,0.7192772451787319
P2_rgkf,0,LGBM,22,0.23,0.2530279324143621
P2_rgkf,0,LGBM,26,0.38,0.3982517370454642
P2_rgkf,0,LGBM,30,0.54,0.5949279751326908
P2_rgkf,0,LGBM,35,0.17,0.1620259875536128
P2_rgkf,0,LGBM,37,0.13,0.1620259875536128
P2_rgkf,0,LGBM,45,0.21,0.1860546908487395
P2_rgkf,0,LGBM,47,0.76,0.3187120005427493
P2_rgkf,0,LGBM,49,0.55,0.3368384812711392
P2_rgkf,0,LGBM,52,0.4,0.3291155621504304
P2_rgkf,0,LGBM,72,0.21,0.2073968612407649
P2_rgkf,0,LGBM,74,0.15,0.1938851945961115
P2_rgkf,0,LGBM,83,0.15,0.1477697052194856
P2_rgkf,0,LGBM,85,0.15,0.1316485447964451
P2_rgkf,0,LGBM,91,0.14,0.1907257906910624
P2_rgkf,0,LGBM,93,0.2,0.2375669736821841
P2_rgkf,0,LGBM,101,0.2,0.2255806719103496
P2_rgkf,0,LGBM,106,0.17,0.1923633012716332
P2_rgkf,0,CatB,0,0.37,0.3722176324713493
P2_rgkf,0,CatB,1,0.37,0.3722176324713493
P2_rgkf,0,CatB,6,0.64,0.3792306836792652
P2_rgkf,0,CatB,14,0.48,0.4818800897839074
P2_rgkf,0,CatB,16,0.96,0.6491282634183008
P2_rgkf,0,CatB,22,0.23,0.2674907002218613
P2_rgkf,0,CatB,26,0.38,0.361544341271005
P2_rgkf,0,CatB,30,0.54,0.5785934449558707
P2_rgkf,0,CatB,35,0.17,0.1717792747980788
P2_rgkf,0,CatB,37,0.13,0.1717792747980788
P2_rgkf,0,CatB,45,0.21,0.1961755538675359
P2_rgkf,0,CatB,47,0.76,0.3329568009163258
P2_rgkf,0,CatB,49,0.55,0.3272173862235145
P2_rgkf,0,CatB,52,0.4,0.3117711661887082
P2_rgkf,0,CatB,72,0.21,0.1986981847986041
P2_rgkf,0,CatB,74,0.15,0.189998092349872
P2_rgkf,0,CatB,83,0.15,0.1835923972947828
P2_rgkf,0,CatB,85,0.15,0.1673700676576107
P2_rgkf,0,CatB,91,0.14,0.1870732515214314
P2_rgkf,0,CatB,93,0.2,0.2026966665218607
P2_rgkf,0,CatB,101,0.2,0.1826861070374393
P2_rgkf,0,CatB,106,0.17,0.1808384577695824
P2_rgkf,0,SVR,0,0.37,0.336537725766421
P2_rgkf,0,SVR,1,0.37,0.336537725766421
P2_rgkf,0,SVR,6,0.64,0.383150249149466
P2_rgkf,0,SVR,14,0.48,0.4779224675823222
P2_rgkf,0,SVR,16,0.96,0.7145217361780374
P2_rgkf,0,SVR,22,0.23,0.2514776007455651
P2_rgkf,0,SVR,26,0.38,0.3769673182381379
P2_rgkf,0,SVR,30,0.54,0.5194173509671821
P2_rgkf,0,SVR,35,0.17,0.1623902505720263
P2_rgkf,0,SVR,37,0.13,0.1623902505720263
P2_rgkf,0,SVR,45,0.21,0.1738525355498011
P2_rgkf,0,SVR,47,0.76,0.3412561706455226
P2_rgkf,0,SVR,49,0.55,0.2598641456979443
P2_rgkf,0,SVR,52,0.4,0.2555231780332098
P2_rgkf,0,SVR,72,0.21,0.2261353113369027
P2_rgkf,0,SVR,74,0.15,0.1725846796450059
P2_rgkf,0,SVR,83,0.15,0.2297983014241536
P2_rgkf,0,SVR,85,0.15,0.190770895520685
P2_rgkf,0,SVR,91,0.14,0.1782021622757202
P2_rgkf,0,SVR,93,0.2,0.2164228503211715
P2_rgkf,0,SVR,101,0.2,0.1700429777338171
P2_rgkf,0,SVR,106,0.17,0.1716664912710384
P2_rgkf,0,GPR,0,0.37,0.2876063016525548
P2_rgkf,0,GPR,1,0.37,0.2876063016525548
P2_rgkf,0,GPR,6,0.64,0.3776141827632808
P2_rgkf,0,GPR,14,0.48,0.453332587526231
P2_rgkf,0,GPR,16,0.96,0.7068222886599544
P2_rgkf,0,GPR,22,0.23,0.2633350063008376
P2_rgkf,0,GPR,26,0.38,0.3500133628764187
P2_rgkf,0,GPR,30,0.54,0.582333569213358
P2_rgkf,0,GPR,35,0.17,0.1551884776099742
P2_rgkf,0,GPR,37,0.13,0.1551884776099742
P2_rgkf,0,GPR,45,0.21,0.1725276381749121
P2_rgkf,0,GPR,47,0.76,0.3375799114104414
P2_rgkf,0,GPR,49,0.55,0.3374175787697111
P2_rgkf,0,GPR,52,0.4,0.3372749738043681
P2_rgkf,0,GPR,72,0.21,0.1702845306953356
P2_rgkf,0,GPR,74,0.15,0.1763989543704659
P2_rgkf,0,GPR,83,0.15,0.2083276386409251
P2_rgkf,0,GPR,85,0.15,0.1920912905801258
P2_rgkf,0,GPR,91,0.14,0.176962203581607
P2_rgkf,0,GPR,93,0.2,0.1818058273672335
P2_rgkf,0,GPR,101,0.2,0.1780353236269095
P2_rgkf,0,GPR,106,0.17,0.1783391864984859
P2_rgkf,0,ANN,0,0.37,0.3341276665374165
P2_rgkf,0,ANN,1,0.37,0.3341276665374165
P2_rgkf,0,ANN,6,0.64,0.3690444547470056
P2_rgkf,0,ANN,14,0.48,0.4983560220822283
P2_rgkf,0,ANN,16,0.96,0.7249202235432826
P2_rgkf,0,ANN,22,0.23,0.2292871965950863
P2_rgkf,0,ANN,26,0.38,0.4008101677569777
P2_rgkf,0,ANN,30,0.54,0.5606124093834542
P2_rgkf,0,ANN,35,0.17,0.1580940538148361
P2_rgkf,0,ANN,37,0.13,0.1580940538148361
P2_rgkf,0,ANN,45,0.21,0.1734526632606919
P2_rgkf,0,ANN,47,0.76,0.1806203160229522
P2_rgkf,0,ANN,49,0.55,0.1397706715829572
P2_rgkf,0,ANN,52,0.4,0.1425593796839752
P2_rgkf,0,ANN,72,0.21,0.2377022096116378
P2_rgkf,0,ANN,74,0.15,0.1460399735616682
P2_rgkf,0,ANN,83,0.15,0.190872022510802
P2_rgkf,0,ANN,85,0.15,0.1205198744168897
P2_rgkf,0,ANN,91,0.14,0.2265074353368066
P2_rgkf,0,ANN,93,0.2,0.1775574658719396
P2_rgkf,0,ANN,101,0.2,0.1476639438034003
P2_rgkf,0,ANN,106,0.17,0.1620242912384073
P2_rgkf,0,Mean,7,0.42,0.2865168539325842
P2_rgkf,0,Mean,8,0.26,0.2865168539325842
P2_rgkf,0,Mean,13,0.48,0.2865168539325842
P2_rgkf,0,Mean,15,0.75,0.2865168539325842
P2_rgkf,0,Mean,19,0.56,0.2865168539325842
P2_rgkf,0,Mean,20,0.74,0.2865168539325842
P2_rgkf,0,Mean,32,0.64,0.2865168539325842
P2_rgkf,0,Mean,34,0.69,0.2865168539325842
P2_rgkf,0,Mean,38,0.17,0.2865168539325842
P2_rgkf,0,Mean,40,0.15,0.2865168539325842
P2_rgkf,0,Mean,44,0.17,0.2865168539325842
P2_rgkf,0,Mean,50,0.35,0.2865168539325842
P2_rgkf,0,Mean,54,0.29,0.2865168539325842
P2_rgkf,0,Mean,75,0.19,0.2865168539325842
P2_rgkf,0,Mean,78,0.14,0.2865168539325842
P2_rgkf,0,Mean,79,0.2,0.2865168539325842
P2_rgkf,0,Mean,80,0.15,0.2865168539325842
P2_rgkf,0,Mean,82,0.15,0.2865168539325842
P2_rgkf,0,Mean,90,0.27,0.2865168539325842
P2_rgkf,0,Mean,99,0.44,0.2865168539325842
P2_rgkf,0,Mean,105,0.23,0.2865168539325842
P2_rgkf,0,MVR,7,0.42,0.4483238507751484
P2_rgkf,0,MVR,8,0.26,0.4483238507751484
P2_rgkf,0,MVR,13,0.48,0.4230163355294391
P2_rgkf,0,MVR,15,0.75,0.5413000546721355
P2_rgkf,0,MVR,19,0.56,0.6317104156064669
P2_rgkf,0,MVR,20,0.74,0.6012734081546542
P2_rgkf,0,MVR,32,0.64,0.796264102186972
P2_rgkf,0,MVR,34,0.69,0.5448854267252157
P2_rgkf,0,MVR,38,0.17,0.2122496421851511
P2_rgkf,0,MVR,40,0.15,0.2799466079179589
P2_rgkf,0,MVR,44,0.17,0.1546995847305879
P2_rgkf,0,MVR,50,0.35,0.3689314487237028
P2_rgkf,0,MVR,54,0.29,0.2475114597200364
P2_rgkf,0,MVR,75,0.19,0.2173292943457815
P2_rgkf,0,MVR,78,0.14,0.1755383182979792
P2_rgkf,0,MVR,79,0.2,0.2711990294267905
P2_rgkf,0,MVR,80,0.15,0.2061150111502402
P2_rgkf,0,MVR,82,0.15,0.1969786774803169
P2_rgkf,0,MVR,90,0.27,0.1308947039288989
P2_rgkf,0,MVR,99,0.44,0.2677961521269787
P2_rgkf,0,MVR,105,0.23,0.2055727570822159
P2_rgkf,0,Ridge,7,0.42,0.4489843737675451
P2_rgkf,0,Ridge,8,0.26,0.4489843737675451
P2_rgkf,0,Ridge,13,0.48,0.4005934147162823
P2_rgkf,0,Ridge,15,0.75,0.4689488452307429
P2_rgkf,0,Ridge,19,0.56,0.5022826845263086
P2_rgkf,0,Ridge,20,0.74,0.493033661503854
P2_rgkf,0,Ridge,32,0.64,0.7352676340714708
P2_rgkf,0,Ridge,34,0.69,0.5727760595832583
P2_rgkf,0,Ridge,38,0.17,0.2338150310461937
P2_rgkf,0,Ridge,40,0.15,0.3042653225553395
P2_rgkf,0,Ridge,44,0.17,0.1426403362203418
P2_rgkf,0,Ridge,50,0.35,0.4329704176053428
P2_rgkf,0,Ridge,54,0.29,0.3050160786295752
P2_rgkf,0,Ridge,75,0.19,0.2450902182070414
P2_rgkf,0,Ridge,78,0.14,0.1918290455574234
P2_rgkf,0,Ridge,79,0.2,0.2949318754867079
P2_rgkf,0,Ridge,80,0.15,0.2112077201792579
P2_rgkf,0,Ridge,82,0.15,0.1859254073045889
P2_rgkf,0,Ridge,90,0.27,0.1136604020551994
P2_rgkf,0,Ridge,99,0.44,0.3159535935788827
P2_rgkf,0,Ridge,105,0.23,0.2153358145240302
P2_rgkf,0,RF,7,0.42,0.4014886133213193
P2_rgkf,0,RF,8,0.26,0.4014886133213193
P2_rgkf,0,RF,13,0.48,0.4882504194139193
P2_rgkf,0,RF,15,0.75,0.6186723811743808
P2_rgkf,0,RF,19,0.56,0.6211675341325336
P2_rgkf,0,RF,20,0.74,0.6178953790098786
P2_rgkf,0,RF,32,0.64,0.5824802752802754
P2_rgkf,0,RF,34,0.69,0.5814147594072591
P2_rgkf,0,RF,38,0.17,0.1656148758273203
P2_rgkf,0,RF,40,0.15,0.211085551802855
P2_rgkf,0,RF,44,0.17,0.1903408639755298
P2_rgkf,0,RF,50,0.35,0.3996564792984791
P2_rgkf,0,RF,54,0.29,0.2845364590180352
P2_rgkf,0,RF,75,0.19,0.1720743994841807
P2_rgkf,0,RF,78,0.14,0.16942934130051
P2_rgkf,0,RF,79,0.2,0.1890960910849667
P2_rgkf,0,RF,80,0.15,0.1706931604609704
P2_rgkf,0,RF,82,0.15,0.1762389775740816
P2_rgkf,0,RF,90,0.27,0.1549220897648334
P2_rgkf,0,RF,99,0.44,0.3610691247874932
P2_rgkf,0,RF,105,0.23,0.1532150265560774
P2_rgkf,0,ET,7,0.42,0.4101361129428456
P2_rgkf,0,ET,8,0.26,0.4101361129428456
P2_rgkf,0,ET,13,0.48,0.5070912397721342
P2_rgkf,0,ET,15,0.75,0.6083700904452736
P2_rgkf,0,ET,19,0.56,0.6163428190063953
P2_rgkf,0,ET,20,0.74,0.6109995877138783
P2_rgkf,0,ET,32,0.64,0.5515251546072995
P2_rgkf,0,ET,34,0.69,0.5485387940630819
P2_rgkf,0,ET,38,0.17,0.1589264383830468
P2_rgkf,0,ET,40,0.15,0.1929267501744304
P2_rgkf,0,ET,44,0.17,0.2216371962246441
P2_rgkf,0,ET,50,0.35,0.4043448780584491
P2_rgkf,0,ET,54,0.29,0.2771544540340611
P2_rgkf,0,ET,75,0.19,0.1722647136355707
P2_rgkf,0,ET,78,0.14,0.1799617768699555
P2_rgkf,0,ET,79,0.2,0.2080805520868019
P2_rgkf,0,ET,80,0.15,0.1732500103824745
P2_rgkf,0,ET,82,0.15,0.1808984897800609
P2_rgkf,0,ET,90,0.27,0.1441360227867368
P2_rgkf,0,ET,99,0.44,0.3637363890556221
P2_rgkf,0,ET,105,0.23,0.1571910543781619
P2_rgkf,0,XGB,7,0.42,0.4159247875213623
P2_rgkf,0,XGB,8,0.26,0.4159247875213623
P2_rgkf,0,XGB,13,0.48,0.4805461168289184
P2_rgkf,0,XGB,15,0.75,0.5829695463180542
P2_rgkf,0,XGB,19,0.56,0.5883597135543823
P2_rgkf,0,XGB,20,0.74,0.5057899951934814
P2_rgkf,0,XGB,32,0.64,0.5537915229797363
P2_rgkf,0,XGB,34,0.69,0.5383119583129883
P2_rgkf,0,XGB,38,0.17,0.1630822718143463
P2_rgkf,0,XGB,40,0.15,0.2165836691856384
P2_rgkf,0,XGB,44,0.17,0.2257677018642425
P2_rgkf,0,XGB,50,0.35,0.3675783276557922
P2_rgkf,0,XGB,54,0.29,0.3341626524925232
P2_rgkf,0,XGB,75,0.19,0.1533186286687851
P2_rgkf,0,XGB,78,0.14,0.1913383454084396
P2_rgkf,0,XGB,79,0.2,0.1960920095443725
P2_rgkf,0,XGB,80,0.15,0.1327382177114486
P2_rgkf,0,XGB,82,0.15,0.1761041432619094
P2_rgkf,0,XGB,90,0.27,0.1080292314291
P2_rgkf,0,XGB,99,0.44,0.3685859441757202
P2_rgkf,0,XGB,105,0.23,0.1525245457887649
P2_rgkf,0,LGBM,7,0.42,0.4000196098448192
P2_rgkf,0,LGBM,8,0.26,0.4000196098448192
P2_rgkf,0,LGBM,13,0.48,0.4773098931622986
P2_rgkf,0,LGBM,15,0.75,0.6659538459445025
P2_rgkf,0,LGBM,19,0.56,0.6270850357696826
P2_rgkf,0,LGBM,20,0.74,0.6110742470014086
P2_rgkf,0,LGBM,32,0.64,0.569857147871388
P2_rgkf,0,LGBM,34,0.69,0.5392685818491729
P2_rgkf,0,LGBM,38,0.17,0.158357063222716
P2_rgkf,0,LGBM,40,0.15,0.1826338541912669
P2_rgkf,0,LGBM,44,0.17,0.1826384702742086
P2_rgkf,0,LGBM,50,0.35,0.3932651089221619
P2_rgkf,0,LGBM,54,0.29,0.3051032132181955
P2_rgkf,0,LGBM,75,0.19,0.1560518914754481
P2_rgkf,0,LGBM,78,0.14,0.1887635171274216
P2_rgkf,0,LGBM,79,0.2,0.2157601443010226
P2_rgkf,0,LGBM,80,0.15,0.1514997421538586
P2_rgkf,0,LGBM,82,0.15,0.1741249893996311
P2_rgkf,0,LGBM,90,0.27,0.1219883044851214
P2_rgkf,0,LGBM,99,0.44,0.3786544068251531
P2_rgkf,0,LGBM,105,0.23,0.1499475741836314
P2_rgkf,0,CatB,7,0.42,0.4252964454184432
P2_rgkf,0,CatB,8,0.26,0.4252964454184432
P2_rgkf,0,CatB,13,0.48,0.4643180201973679
P2_rgkf,0,CatB,15,0.75,0.6627930027943492
P2_rgkf,0,CatB,19,0.56,0.6300531623737481
P2_rgkf,0,CatB,20,0.74,0.55431373033539
P2_rgkf,0,CatB,32,0.64,0.5625188591601287
P2_rgkf,0,CatB,34,0.69,0.5251899850061731
P2_rgkf,0,CatB,38,0.17,0.1591397440230908
P2_rgkf,0,CatB,40,0.15,0.1841018250943707
P2_rgkf,0,CatB,44,0.17,0.2040848455488849
P2_rgkf,0,CatB,50,0.35,0.3391389299090035
P2_rgkf,0,CatB,54,0.29,0.2714065285404903
P2_rgkf,0,CatB,75,0.19,0.1633024579675747
P2_rgkf,0,CatB,78,0.14,0.1626680170814011
P2_rgkf,0,CatB,79,0.2,0.1787318681370865
P2_rgkf,0,CatB,80,0.15,0.1799116810213265
P2_rgkf,0,CatB,82,0.15,0.1882475602255191
P2_rgkf,0,CatB,90,0.27,0.1270528219686887
P2_rgkf,0,CatB,99,0.44,0.3641542262914166
P2_rgkf,0,CatB,105,0.23,0.1620658633162939
P2_rgkf,0,SVR,7,0.42,0.4414472361970277
P2_rgkf,0,SVR,8,0.26,0.4414472361970277
P2_rgkf,0,SVR,13,0.48,0.4754139622783123
P2_rgkf,0,SVR,15,0.75,0.779477413781114
P2_rgkf,0,SVR,19,0.56,0.5312148416277184
P2_rgkf,0,SVR,20,0.74,0.4998087689243581
P2_rgkf,0,SVR,32,0.64,0.2844598440825471
P2_rgkf,0,SVR,34,0.69,0.5502438361227752
P2_rgkf,0,SVR,38,0.17,0.1750774824749861
P2_rgkf,0,SVR,40,0.15,0.1421094297127182
P2_rgkf,0,SVR,44,0.17,0.2021821022840502
P2_rgkf,0,SVR,50,0.35,0.2594298203165403
P2_rgkf,0,SVR,54,0.29,0.2244076273239874
P2_rgkf,0,SVR,75,0.19,0.1526718180683427
P2_rgkf,0,SVR,78,0.14,0.1488476100426749
P2_rgkf,0,SVR,79,0.2,0.1053362026526264
P2_rgkf,0,SVR,80,0.15,0.1393517703956598
P2_rgkf,0,SVR,82,0.15,0.1162320781521113
P2_rgkf,0,SVR,90,0.27,0.1298471308765163
P2_rgkf,0,SVR,99,0.44,0.3810584155902757
P2_rgkf,0,SVR,105,0.23,0.1486572790748574
P2_rgkf,0,GPR,7,0.42,0.4077963179454899
P2_rgkf,0,GPR,8,0.26,0.4077963179454899
P2_rgkf,0,GPR,13,0.48,0.4642532843966862
P2_rgkf,0,GPR,15,0.75,0.8120811323325096
P2_rgkf,0,GPR,19,0.56,0.5065923969549521
P2_rgkf,0,GPR,20,0.74,0.4981223204589676
P2_rgkf,0,GPR,32,0.64,0.5335831256061062
P2_rgkf,0,GPR,34,0.69,0.5317346515812243
P2_rgkf,0,GPR,38,0.17,0.1559550801484414
P2_rgkf,0,GPR,40,0.15,0.1361829074070017
P2_rgkf,0,GPR,44,0.17,0.1997309398696384
P2_rgkf,0,GPR,50,0.35,0.3157415126833058
P2_rgkf,0,GPR,54,0.29,0.3453966489164892
P2_rgkf,0,GPR,75,0.19,0.1355647905847491
P2_rgkf,0,GPR,78,0.14,0.1504617163026455
P2_rgkf,0,GPR,79,0.2,0.1916579481315988
P2_rgkf,0,GPR,80,0.15,0.1639821879411286
P2_rgkf,0,GPR,82,0.15,0.1900476288587421
P2_rgkf,0,GPR,90,0.27,0.1547357065095852
P2_rgkf,0,GPR,99,0.44,0.3709601974567332
P2_rgkf,0,GPR,105,0.23,0.1384718665313267
P2_rgkf,0,ANN,7,0.42,0.4112020903809345
P2_rgkf,0,ANN,8,0.26,0.4112020903809345
P2_rgkf,0,ANN,13,0.48,0.4661868695420379
P2_rgkf,0,ANN,15,0.75,0.8243203763215129
P2_rgkf,0,ANN,19,0.56,0.5479024290680962
P2_rgkf,0,ANN,20,0.74,0.5128894530433631
P2_rgkf,0,ANN,32,0.64,0.3829744831728265
P2_rgkf,0,ANN,34,0.69,0.5531278788211551
P2_rgkf,0,ANN,38,0.17,0.1687610172399171
P2_rgkf,0,ANN,40,0.15,0.1214037692654758
P2_rgkf,0,ANN,44,0.17,0.2079006261688691
P2_rgkf,0,ANN,50,0.35,0.7071193448902162
P2_rgkf,0,ANN,54,0.29,0.1625191545898895
P2_rgkf,0,ANN,75,0.19,0.1550426609659965
P2_rgkf,0,ANN,78,0.14,0.1375192319976448
P2_rgkf,0,ANN,79,0.2,0.186567141973462
P2_rgkf,0,ANN,80,0.15,0.1947003984709905
P2_rgkf,0,ANN,82,0.15,0.1518458017395776
P2_rgkf,0,ANN,90,0.27,0.1645728649786361
P2_rgkf,0,ANN,99,0.44,0.377951320522676
P2_rgkf,0,ANN,105,0.23,0.1333358884752865
P2_rgkf,0,Mean,5,0.37,0.3001162790697674
P2_rgkf,0,Mean,9,0.42,0.3001162790697674
P2_rgkf,0,Mean,10,0.31,0.3001162790697674
P2_rgkf,0,Mean,11,0.38,0.3001162790697674
P2_rgkf,0,Mean,12,0.46,0.3001162790697674
P2_rgkf,0,Mean,17,0.76,0.3001162790697674
P2_rgkf,0,Mean,21,0.44,0.3001162790697674
P2_rgkf,0,Mean,23,0.25,0.3001162790697674
P2_rgkf,0,Mean,28,0.38,0.3001162790697674
P2_rgkf,0,Mean,29,0.64,0.3001162790697674
P2_rgkf,0,Mean,31,0.51,0.3001162790697674
P2_rgkf,0,Mean,39,0.13,0.3001162790697674
P2_rgkf,0,Mean,41,0.18,0.3001162790697674
P2_rgkf,0,Mean,43,0.16,0.3001162790697674
P2_rgkf,0,Mean,58,0.08,0.3001162790697674
P2_rgkf,0,Mean,60,0.02,0.3001162790697674
P2_rgkf,0,Mean,61,0.15,0.3001162790697674
P2_rgkf,0,Mean,62,0.19,0.3001162790697674
P2_rgkf,0,Mean,63,0.23,0.3001162790697674
P2_rgkf,0,Mean,86,0.17,0.3001162790697674
P2_rgkf,0,Mean,88,0.22,0.3001162790697674
P2_rgkf,0,Mean,89,0.2,0.3001162790697674
P2_rgkf,0,Mean,95,0.3,0.3001162790697674
P2_rgkf,0,Mean,104,0.18,0.3001162790697674
P2_rgkf,0,MVR,5,0.37,0.6775180217150562
P2_rgkf,0,MVR,9,0.42,0.5216960550470017
P2_rgkf,0,MVR,10,0.31,0.5725542176190541
P2_rgkf,0,MVR,11,0.38,0.5725542176190541
P2_rgkf,0,MVR,12,0.46,0.4619464243256472
P2_rgkf,0,MVR,17,0.76,0.5337769595102313
P2_rgkf,0,MVR,21,0.44,0.5721805485073906
P2_rgkf,0,MVR,23,0.25,0.2181513230199091
P2_rgkf,0,MVR,28,0.38,0.2708859076313312
P2_rgkf,0,MVR,29,0.64,0.3914094058291328
P2_rgkf,0,MVR,31,0.51,0.6347206607324455
P2_rgkf,0,MVR,39,0.13,0.2263857172651777
P2_rgkf,0,MVR,41,0.18,0.1474894855138474
P2_rgkf,0,MVR,43,0.16,0.21053302286028
P2_rgkf,0,MVR,58,0.08,0.0757700239416163
P2_rgkf,0,MVR,60,0.02,0.0829468620973806
P2_rgkf,0,MVR,61,0.15,0.1703304881540626
P2_rgkf,0,MVR,62,0.19,0.1703304881540626
P2_rgkf,0,MVR,63,0.23,0.1703304881540626
P2_rgkf,0,MVR,86,0.17,0.2257111030775559
P2_rgkf,0,MVR,88,0.22,0.2274950082710814
P2_rgkf,0,MVR,89,0.2,0.2349416811700163
P2_rgkf,0,MVR,95,0.3,0.2225346516292182
P2_rgkf,0,MVR,104,0.18,0.1703304881540626
P2_rgkf,0,Ridge,5,0.37,0.5585612820465725
P2_rgkf,0,Ridge,9,0.42,0.5076711014617509
P2_rgkf,0,Ridge,10,0.31,0.5276375720070026
P2_rgkf,0,Ridge,11,0.38,0.5276375720070026
P2_rgkf,0,Ridge,12,0.46,0.4484406406768227
P2_rgkf,0,Ridge,17,0.76,0.5027926621136863
P2_rgkf,0,Ridge,21,0.44,0.5288989863939838
P2_rgkf,0,Ridge,23,0.25,0.2800768382114671
P2_rgkf,0,Ridge,28,0.38,0.3369324556353096
P2_rgkf,0,Ridge,29,0.64,0.3890844205079207
P2_rgkf,0,Ridge,31,0.51,0.650090037776279
P2_rgkf,0,Ridge,39,0.13,0.2493977274769808
P2_rgkf,0,Ridge,41,0.18,0.1337879471454781
P2_rgkf,0,Ridge,43,0.16,0.2063323922234448
P2_rgkf,0,Ridge,58,0.08,0.0524947793684874
P2_rgkf,0,Ridge,60,0.02,0.2146007030354214
P2_rgkf,0,Ridge,61,0.15,0.183904582412316
P2_rgkf,0,Ridge,62,0.19,0.183904582412316
P2_rgkf,0,Ridge,63,0.23,0.183904582412316
P2_rgkf,0,Ridge,86,0.17,0.1854224886078351
P2_rgkf,0,Ridge,88,0.22,0.1859080548865445
P2_rgkf,0,Ridge,89,0.2,0.244757930861469
P2_rgkf,0,Ridge,95,0.3,0.2486467261248782
P2_rgkf,0,Ridge,104,0.18,0.183904582412316
P2_rgkf,0,RF,5,0.37,0.525585420634921
P2_rgkf,0,RF,9,0.42,0.4919033621933625
P2_rgkf,0,RF,10,0.31,0.5371146587301593
P2_rgkf,0,RF,11,0.38,0.5371146587301593
P2_rgkf,0,RF,12,0.46,0.5305078809523806
P2_rgkf,0,RF,17,0.76,0.5844493282828279
P2_rgkf,0,RF,21,0.44,0.6279937380952381
P2_rgkf,0,RF,23,0.25,0.2669441215538845
P2_rgkf,0,RF,28,0.38,0.3852312279942277
P2_rgkf,0,RF,29,0.64,0.5946695634920625
P2_rgkf,0,RF,31,0.51,0.6027959126984125
P2_rgkf,0,RF,39,0.13,0.1735353730846412
P2_rgkf,0,RF,41,0.18,0.1695514641130272
P2_rgkf,0,RF,43,0.16,0.2022974739527579
P2_rgkf,0,RF,58,0.08,0.1093472539682542
P2_rgkf,0,RF,60,0.02,0.1330154671717172
P2_rgkf,0,RF,61,0.15,0.2436775485336904
P2_rgkf,0,RF,62,0.19,0.2436775485336904
P2_rgkf,0,RF,63,0.23,0.2436775485336904
P2_rgkf,0,RF,86,0.17,0.1812892742108944
P2_rgkf,0,RF,88,0.22,0.1925706329805728
P2_rgkf,0,RF,89,0.2,0.1946548087626254
P2_rgkf,0,RF,95,0.3,0.1840666232046698
P2_rgkf,0,RF,104,0.18,0.2436775485336904
P2_rgkf,0,ET,5,0.37,0.5142015317460303
P2_rgkf,0,ET,9,0.42,0.4668418333333327
P2_rgkf,0,ET,10,0.31,0.4909134444444441
P2_rgkf,0,ET,11,0.38,0.4909134444444441
P2_rgkf,0,ET,12,0.46,0.5149607460317444
P2_rgkf,0,ET,17,0.76,0.6698948412698422
P2_rgkf,0,ET,21,0.44,0.6193286190476216
P2_rgkf,0,ET,23,0.25,0.2427147619047603
P2_rgkf,0,ET,28,0.38,0.407012333333335
P2_rgkf,0,ET,29,0.64,0.5390807142857165
P2_rgkf,0,ET,31,0.51,0.6013245000000034
P2_rgkf,0,ET,39,0.13,0.1707454246031751
P2_rgkf,0,ET,41,0.18,0.1870449166666661
P2_rgkf,0,ET,43,0.16,0.1927614285714279
P2_rgkf,0,ET,58,0.08,0.0909989047619053
P2_rgkf,0,ET,60,0.02,0.1639157380952381
P2_rgkf,0,ET,61,0.15,0.2314679855699853
P2_rgkf,0,ET,62,0.19,0.2314679855699853
P2_rgkf,0,ET,63,0.23,0.2314679855699853
P2_rgkf,0,ET,86,0.17,0.1812426825396831
P2_rgkf,0,ET,88,0.22,0.1995710476190482
P2_rgkf,0,ET,89,0.2,0.1970061507936508
P2_rgkf,0,ET,95,0.3,0.1825653492063494
P2_rgkf,0,ET,104,0.18,0.2314679855699853
P2_rgkf,0,XGB,5,0.37,0.6335577368736267
P2_rgkf,0,XGB,9,0.42,0.3633809387683868
P2_rgkf,0,XGB,10,0.31,0.5849516987800598
P2_rgkf,0,XGB,11,0.38,0.5849516987800598
P2_rgkf,0,XGB,12,0.46,0.5034618973731995
P2_rgkf,0,XGB,17,0.76,0.6074404716491699
P2_rgkf,0,XGB,21,0.44,0.4660787880420685
P2_rgkf,0,XGB,23,0.25,0.2509003579616546
P2_rgkf,0,XGB,28,0.38,0.3904580771923065
P2_rgkf,0,XGB,29,0.64,0.6223682165145874
P2_rgkf,0,XGB,31,0.51,0.5868619680404663
P2_rgkf,0,XGB,39,0.13,0.160099908709526
P2_rgkf,0,XGB,41,0.18,0.1731276214122772
P2_rgkf,0,XGB,43,0.16,0.1764484941959381
P2_rgkf,0,XGB,58,0.08,0.0833689346909523
P2_rgkf,0,XGB,60,0.02,0.1066082417964935
P2_rgkf,0,XGB,61,0.15,0.2373982816934585
P2_rgkf,0,XGB,62,0.19,0.2373982816934585
P2_rgkf,0,XGB,63,0.23,0.2373982816934585
P2_rgkf,0,XGB,86,0.17,0.1741508841514587
P2_rgkf,0,XGB,88,0.22,0.1916282027959823
P2_rgkf,0,XGB,89,0.2,0.1991217881441116
P2_rgkf,0,XGB,95,0.3,0.1986878365278244
P2_rgkf,0,XGB,104,0.18,0.2373982816934585
P2_rgkf,0,LGBM,5,0.37,0.5915680938493667
P2_rgkf,0,LGBM,9,0.42,0.4071234229915504
P2_rgkf,0,LGBM,10,0.31,0.5792457480349101
P2_rgkf,0,LGBM,11,0.38,0.5792457480349101
P2_rgkf,0,LGBM,12,0.46,0.4812360933124857
P2_rgkf,0,LGBM,17,0.76,0.5387208450662144
P2_rgkf,0,LGBM,21,0.44,0.6060903908614114
P2_rgkf,0,LGBM,23,0.25,0.2483934104516074
P2_rgkf,0,LGBM,28,0.38,0.3911784586768199
P2_rgkf,0,LGBM,29,0.64,0.601755105857953
P2_rgkf,0,LGBM,31,0.51,0.5936302886315825
P2_rgkf,0,LGBM,39,0.13,0.1481793756674911
P2_rgkf,0,LGBM,41,0.18,0.1810580463703344
P2_rgkf,0,LGBM,43,0.16,0.2046776032897962
P2_rgkf,0,LGBM,58,0.08,0.0895612152037554
P2_rgkf,0,LGBM,60,0.02,0.1099183255878813
P2_rgkf,0,LGBM,61,0.15,0.2254627138233915
P2_rgkf,0,LGBM,62,0.19,0.2254627138233915
P2_rgkf,0,LGBM,63,0.23,0.2254627138233915
P2_rgkf,0,LGBM,86,0.17,0.1942012900137783
P2_rgkf,0,LGBM,88,0.22,0.1864354659304619
P2_rgkf,0,LGBM,89,0.2,0.1928413285852242
P2_rgkf,0,LGBM,95,0.3,0.1846396968459529
P2_rgkf,0,LGBM,104,0.18,0.2254627138233915
P2_rgkf,0,CatB,5,0.37,0.5518518899066056
P2_rgkf,0,CatB,9,0.42,0.4371354948808596
P2_rgkf,0,CatB,10,0.31,0.5280031869333007
P2_rgkf,0,CatB,11,0.38,0.5280031869333007
P2_rgkf,0,CatB,12,0.46,0.4832913783777091
P2_rgkf,0,CatB,17,0.76,0.5340801074093298
P2_rgkf,0,CatB,21,0.44,0.5581659805961364
P2_rgkf,0,CatB,23,0.25,0.2492770638710815
P2_rgkf,0,CatB,28,0.38,0.3755903428167561
P2_rgkf,0,CatB,29,0.64,0.613532436149105
P2_rgkf,0,CatB,31,0.51,0.571146574088244
P2_rgkf,0,CatB,39,0.13,0.1689972976177489
P2_rgkf,0,CatB,41,0.18,0.1867937376529055
P2_rgkf,0,CatB,43,0.16,0.1923000841188654
P2_rgkf,0,CatB,58,0.08,0.0934648877604635
P2_rgkf,0,CatB,60,0.02,0.1173823405827415
P2_rgkf,0,CatB,61,0.15,0.2061663006625665
P2_rgkf,0,CatB,62,0.19,0.2061663006625665
P2_rgkf,0,CatB,63,0.23,0.2061663006625665
P2_rgkf,0,CatB,86,0.17,0.1799320280285379
P2_rgkf,0,CatB,88,0.22,0.1946965506878755
P2_rgkf,0,CatB,89,0.2,0.2000110825119281
P2_rgkf,0,CatB,95,0.3,0.1942445019107518
P2_rgkf,0,CatB,104,0.18,0.2061663006625665
P2_rgkf,0,SVR,5,0.37,0.670592198399387
P2_rgkf,0,SVR,9,0.42,0.5440210757733573
P2_rgkf,0,SVR,10,0.31,0.5915323069812308
P2_rgkf,0,SVR,11,0.38,0.5915323069812308
P2_rgkf,0,SVR,12,0.46,0.4007294361641424
P2_rgkf,0,SVR,17,0.76,0.5279180175922559
P2_rgkf,0,SVR,21,0.44,0.5662328716082217
P2_rgkf,0,SVR,23,0.25,0.2311791181100407
P2_rgkf,0,SVR,28,0.38,0.3496694510600883
P2_rgkf,0,SVR,29,0.64,0.4569445740073894
P2_rgkf,0,SVR,31,0.51,0.6299448614557722
P2_rgkf,0,SVR,39,0.13,0.2030381308870855
P2_rgkf,0,SVR,41,0.18,0.1592840348168731
P2_rgkf,0,SVR,43,0.16,0.1725626381934052
P2_rgkf,0,SVR,58,0.08,0.0783360219868044
P2_rgkf,0,SVR,60,0.02,0.1014897677954208
P2_rgkf,0,SVR,61,0.15,0.1655366950722965
P2_rgkf,0,SVR,62,0.19,0.1655366950722965
P2_rgkf,0,SVR,63,0.23,0.1655366950722965
P2_rgkf,0,SVR,86,0.17,0.1785281847978904
P2_rgkf,0,SVR,88,0.22,0.185249486513382
P2_rgkf,0,SVR,89,0.2,0.2223593002126171
P2_rgkf,0,SVR,95,0.3,0.2152945049911414
P2_rgkf,0,SVR,104,0.18,0.1655366950722965
P2_rgkf,0,GPR,5,0.37,0.4203220305658752
P2_rgkf,0,GPR,9,0.42,0.4122501022056579
P2_rgkf,0,GPR,10,0.31,0.4154762442174716
P2_rgkf,0,GPR,11,0.38,0.4154762442174716
P2_rgkf,0,GPR,12,0.46,0.5577264486329515
P2_rgkf,0,GPR,17,0.76,0.625668207297207
P2_rgkf,0,GPR,21,0.44,0.640130954728947
P2_rgkf,0,GPR,23,0.25,0.2609248638696974
P2_rgkf,0,GPR,28,0.38,0.382468125531584
P2_rgkf,0,GPR,29,0.64,0.6287625247045797
P2_rgkf,0,GPR,31,0.51,0.6043930548518278
P2_rgkf,0,GPR,39,0.13,0.1694744330067249
P2_rgkf,0,GPR,41,0.18,0.1744649145893195
P2_rgkf,0,GPR,43,0.16,0.1772982912215981
P2_rgkf,0,GPR,58,0.08,0.0936582467043809
P2_rgkf,0,GPR,60,0.02,0.0994923842369075
P2_rgkf,0,GPR,61,0.15,0.2406573727589407
P2_rgkf,0,GPR,62,0.19,0.2406573727589407
P2_rgkf,0,GPR,63,0.23,0.2406573727589407
P2_rgkf,0,GPR,86,0.17,0.1613359852672111
P2_rgkf,0,GPR,88,0.22,0.1895796683348012
P2_rgkf,0,GPR,89,0.2,0.1793859733813761
P2_rgkf,0,GPR,95,0.3,0.1668608094631898
P2_rgkf,0,GPR,104,0.18,0.2406573727589407
P2_rgkf,0,ANN,5,0.37,0.6585655204243338
P2_rgkf,0,ANN,9,0.42,0.48455134922457
P2_rgkf,0,ANN,10,0.31,0.5657254901504641
P2_rgkf,0,ANN,11,0.38,0.5657254901504641
P2_rgkf,0,ANN,12,0.46,0.4054107388486825
P2_rgkf,0,ANN,17,0.76,0.6399476684726461
P2_rgkf,0,ANN,21,0.44,0.6583377844519881
P2_rgkf,0,ANN,23,0.25,0.2412786214438662
P2_rgkf,0,ANN,28,0.38,0.3795621699165973
P2_rgkf,0,ANN,29,0.64,0.3471850809395886
P2_rgkf,0,ANN,31,0.51,0.6583810490674145
P2_rgkf,0,ANN,39,0.13,0.1604919780357897
P2_rgkf,0,ANN,41,0.18,0.1646600953143336
P2_rgkf,0,ANN,43,0.16,0.1812608699711324
P2_rgkf,0,ANN,58,0.08,0.0866222182213656
P2_rgkf,0,ANN,60,0.02,0.0882588149554171
P2_rgkf,0,ANN,61,0.15,0.1918132368019414
P2_rgkf,0,ANN,62,0.19,0.1918132368019414
P2_rgkf,0,ANN,63,0.23,0.1918132368019414
P2_rgkf,0,ANN,86,0.17,0.1744732295469409
P2_rgkf,0,ANN,88,0.22,0.2122816796939735
P2_rgkf,0,ANN,89,0.2,0.2016208027309787
P2_rgkf,0,ANN,95,0.3,0.1891197365719507
P2_rgkf,0,ANN,104,0.18,0.1918132368019414
P2_rgkf,0,Mean,36,0.17,0.3209090909090909
P2_rgkf,0,Mean,46,0.44,0.3209090909090909
P2_rgkf,0,Mean,48,0.35,0.3209090909090909
P2_rgkf,0,Mean,51,0.23,0.3209090909090909
P2_rgkf,0,Mean,53,0.35,0.3209090909090909
P2_rgkf,0,Mean,55,0.1,0.3209090909090909
P2_rgkf,0,Mean,59,0.1,0.3209090909090909
P2_rgkf,0,Mean,64,0.22,0.3209090909090909
P2_rgkf,0,Mean,65,0.24,0.3209090909090909
P2_rgkf,0,Mean,66,0.26,0.3209090909090909
P2_rgkf,0,Mean,67,0.28,0.3209090909090909
P2_rgkf,0,Mean,68,0.15,0.3209090909090909
P2_rgkf,0,Mean,69,0.17,0.3209090909090909
P2_rgkf,0,Mean,71,0.16,0.3209090909090909
P2_rgkf,0,Mean,73,0.21,0.3209090909090909
P2_rgkf,0,Mean,76,0.18,0.3209090909090909
P2_rgkf,0,Mean,77,0.15,0.3209090909090909
P2_rgkf,0,Mean,87,0.19,0.3209090909090909
P2_rgkf,0,Mean,94,0.17,0.3209090909090909
P2_rgkf,0,Mean,107,0.21,0.3209090909090909
P2_rgkf,0,Mean,108,0.2,0.3209090909090909
P2_rgkf,0,Mean,109,0.17,0.3209090909090909
P2_rgkf,0,MVR,36,0.17,0.2156703223270718
P2_rgkf,0,MVR,46,0.44,0.2448657161305141
P2_rgkf,0,MVR,48,0.35,0.284541139784492
P2_rgkf,0,MVR,51,0.23,0.3624323014566324
P2_rgkf,0,MVR,53,0.35,0.2833120784865592
P2_rgkf,0,MVR,55,0.1,0.1180091257091042
P2_rgkf,0,MVR,59,0.1,0.1307716728243327
P2_rgkf,0,MVR,64,0.22,0.2777298982577634
P2_rgkf,0,MVR,65,0.24,0.2777298982577634
P2_rgkf,0,MVR,66,0.26,0.2777298982577634
P2_rgkf,0,MVR,67,0.28,0.2777298982577634
P2_rgkf,0,MVR,68,0.15,0.1801143371658573
P2_rgkf,0,MVR,69,0.17,0.1421321724736579
P2_rgkf,0,MVR,71,0.16,0.2341036101257815
P2_rgkf,0,MVR,73,0.21,0.2138729601800899
P2_rgkf,0,MVR,76,0.18,0.2707196632014924
P2_rgkf,0,MVR,77,0.15,0.2382198894838967
P2_rgkf,0,MVR,87,0.19,0.2327624979154338
P2_rgkf,0,MVR,94,0.17,0.1601151378688267
P2_rgkf,0,MVR,107,0.21,0.2314423274052482
P2_rgkf,0,MVR,108,0.2,0.2014262117235122
P2_rgkf,0,MVR,109,0.17,0.2755618598452455
P2_rgkf,0,Ridge,36,0.17,0.2408865011839989
P2_rgkf,0,Ridge,46,0.44,0.3025390285672181
P2_rgkf,0,Ridge,48,0.35,0.3414224543475355
P2_rgkf,0,Ridge,51,0.23,0.443441682511883
P2_rgkf,0,Ridge,53,0.35,0.3445480358459757
P2_rgkf,0,Ridge,55,0.1,0.2235906722128313
P2_rgkf,0,Ridge,59,0.1,0.2102009965868208
P2_rgkf,0,Ridge,64,0.22,0.2976464205136137
P2_rgkf,0,Ridge,65,0.24,0.2976464205136137
P2_rgkf,0,Ridge,66,0.26,0.2976464205136137
P2_rgkf,0,Ridge,67,0.28,0.2976464205136137
P2_rgkf,0,Ridge,68,0.15,0.1955148978116738
P2_rgkf,0,Ridge,69,0.17,0.1392972109788369
P2_rgkf,0,Ridge,71,0.16,0.2724664187517859
P2_rgkf,0,Ridge,73,0.21,0.2434453006553821
P2_rgkf,0,Ridge,76,0.18,0.3048614051449015
P2_rgkf,0,Ridge,77,0.15,0.2616472251590256
P2_rgkf,0,Ridge,87,0.19,0.2226814901646433
P2_rgkf,0,Ridge,94,0.17,0.1821412492178551
P2_rgkf,0,Ridge,107,0.21,0.1940797159794566
P2_rgkf,0,Ridge,108,0.2,0.2306020984909201
P2_rgkf,0,Ridge,109,0.17,0.2987301716587546
P2_rgkf,0,RF,36,0.17,0.1701640879091175
P2_rgkf,0,RF,46,0.44,0.4373010422485785
P2_rgkf,0,RF,48,0.35,0.4369436914749357
P2_rgkf,0,RF,51,0.23,0.4132221136771495
P2_rgkf,0,RF,53,0.35,0.2774545401676234
P2_rgkf,0,RF,55,0.1,0.1051925802452189
P2_rgkf,0,RF,59,0.1,0.126071070765969
P2_rgkf,0,RF,64,0.22,0.188353272274486
P2_rgkf,0,RF,65,0.24,0.188353272274486
P2_rgkf,0,RF,66,0.26,0.188353272274486
P2_rgkf,0,RF,67,0.28,0.188353272274486
P2_rgkf,0,RF,68,0.15,0.1768296622742908
P2_rgkf,0,RF,69,0.17,0.1770355029137965
P2_rgkf,0,RF,71,0.16,0.1864277823870992
P2_rgkf,0,RF,73,0.21,0.1838865547376895
P2_rgkf,0,RF,76,0.18,0.1771087542784436
P2_rgkf,0,RF,77,0.15,0.1786528721153824
P2_rgkf,0,RF,87,0.19,0.1861003358013915
P2_rgkf,0,RF,94,0.17,0.187514649397743
P2_rgkf,0,RF,107,0.21,0.1802045098584908
P2_rgkf,0,RF,108,0.2,0.1834550963108968
P2_rgkf,0,RF,109,0.17,0.1732773004031197
P2_rgkf,0,ET,36,0.17,0.1552584602279148
P2_rgkf,0,ET,46,0.44,0.3967733511726368
P2_rgkf,0,ET,48,0.35,0.3850766694416688
P2_rgkf,0,ET,51,0.23,0.4189349336544827
P2_rgkf,0,ET,53,0.35,0.2586179425503477
P2_rgkf,0,ET,55,0.1,0.1272226220185045
P2_rgkf,0,ET,59,0.1,0.1174673573815492
P2_rgkf,0,ET,64,0.22,0.2171311974700319
P2_rgkf,0,ET,65,0.24,0.2171311974700319
P2_rgkf,0,ET,66,0.26,0.2171311974700319
P2_rgkf,0,ET,67,0.28,0.2171311974700319
P2_rgkf,0,ET,68,0.15,0.1842654422561561
P2_rgkf,0,ET,69,0.17,0.1736450545882684
P2_rgkf,0,ET,71,0.16,0.2148455107590824
P2_rgkf,0,ET,73,0.21,0.2149633407465554
P2_rgkf,0,ET,76,0.18,0.1778622662258381
P2_rgkf,0,ET,77,0.15,0.1810565645862079
P2_rgkf,0,ET,87,0.19,0.2062856689342398
P2_rgkf,0,ET,94,0.17,0.2078616111666111
P2_rgkf,0,ET,107,0.21,0.2062531009070293
P2_rgkf,0,ET,108,0.2,0.2002272134611417
P2_rgkf,0,ET,109,0.17,0.2001536811974205
P2_rgkf,0,XGB,36,0.17,0.1590843796730041
P2_rgkf,0,XGB,46,0.44,0.4407352805137634
P2_rgkf,0,XGB,48,0.35,0.4535051584243774
P2_rgkf,0,XGB,51,0.23,0.4463981091976166
P2_rgkf,0,XGB,53,0.35,0.3061835169792175
P2_rgkf,0,XGB,55,0.1,0.0342788584530353
P2_rgkf,0,XGB,59,0.1,0.1129690632224083
P2_rgkf,0,XGB,64,0.22,0.21426422894001
P2_rgkf,0,XGB,65,0.24,0.21426422894001
P2_rgkf,0,XGB,66,0.26,0.21426422894001
P2_rgkf,0,XGB,67,0.28,0.21426422894001
P2_rgkf,0,XGB,68,0.15,0.1612930297851562
P2_rgkf,0,XGB,69,0.17,0.2000199854373932
P2_rgkf,0,XGB,71,0.16,0.1652567684650421
P2_rgkf,0,XGB,73,0.21,0.2005947977304458
P2_rgkf,0,XGB,76,0.18,0.1791802942752838
P2_rgkf,0,XGB,77,0.15,0.2028223574161529
P2_rgkf,0,XGB,87,0.19,0.2096196413040161
P2_rgkf,0,XGB,94,0.17,0.1862596571445465
P2_rgkf,0,XGB,107,0.21,0.2228370457887649
P2_rgkf,0,XGB,108,0.2,0.1778711825609207
P2_rgkf,0,XGB,109,0.17,0.218984767794609
P2_rgkf,0,LGBM,36,0.17,0.1536003549361149
P2_rgkf,0,LGBM,46,0.44,0.4253898209632898
P2_rgkf,0,LGBM,48,0.35,0.4019531620660059
P2_rgkf,0,LGBM,51,0.23,0.3755418620464062
P2_rgkf,0,LGBM,53,0.35,0.2827513849545813
P2_rgkf,0,LGBM,55,0.1,0.0345814932490013
P2_rgkf,0,LGBM,59,0.1,0.1619960616620704
P2_rgkf,0,LGBM,64,0.22,0.2272416584745576
P2_rgkf,0,LGBM,65,0.24,0.2272416584745576
P2_rgkf,0,LGBM,66,0.26,0.2272416584745576
P2_rgkf,0,LGBM,67,0.28,0.2272416584745576
P2_rgkf,0,LGBM,68,0.15,0.1624873080479572
P2_rgkf,0,LGBM,69,0.17,0.1500301534308156
P2_rgkf,0,LGBM,71,0.16,0.2091734045552606
P2_rgkf,0,LGBM,73,0.21,0.225087127301047
P2_rgkf,0,LGBM,76,0.18,0.1622518858396292
P2_rgkf,0,LGBM,77,0.15,0.1789928825655049
P2_rgkf,0,LGBM,87,0.19,0.1847599576819495
P2_rgkf,0,LGBM,94,0.17,0.1787851266201248
P2_rgkf,0,LGBM,107,0.21,0.2039985339697027
P2_rgkf,0,LGBM,108,0.2,0.1896126858848947
P2_rgkf,0,LGBM,109,0.17,0.2313743713986783
P2_rgkf,0,CatB,36,0.17,0.1656281200075569
P2_rgkf,0,CatB,46,0.44,0.4039893320871775
P2_rgkf,0,CatB,48,0.35,0.4112615549787856
P2_rgkf,0,CatB,51,0.23,0.3869869363478729
P2_rgkf,0,CatB,53,0.35,0.2955863277534811
P2_rgkf,0,CatB,55,0.1,0.110585182925616
P2_rgkf,0,CatB,59,0.1,0.1583213936951833
P2_rgkf,0,CatB,64,0.22,0.2216742842166779
P2_rgkf,0,CatB,65,0.24,0.2216742842166779
P2_rgkf,0,CatB,66,0.26,0.2216742842166779
P2_rgkf,0,CatB,67,0.28,0.2216742842166779
P2_rgkf,0,CatB,68,0.15,0.1965911733121742
P2_rgkf,0,CatB,69,0.17,0.1880495904661537
P2_rgkf,0,CatB,71,0.16,0.228132644640065
P2_rgkf,0,CatB,73,0.21,0.2260268534190389
P2_rgkf,0,CatB,76,0.18,0.1908580280795874
P2_rgkf,0,CatB,77,0.15,0.1902737231243227
P2_rgkf,0,CatB,87,0.19,0.2137266045243849
P2_rgkf,0,CatB,94,0.17,0.1810227456564965
P2_rgkf,0,CatB,107,0.21,0.1989531896467078
P2_rgkf,0,CatB,108,0.2,0.2038891339791715
P2_rgkf,0,CatB,109,0.17,0.2107000262598198
P2_rgkf,0,SVR,36,0.17,0.1519384947621748
P2_rgkf,0,SVR,46,0.44,0.2761951361847626
P2_rgkf,0,SVR,48,0.35,0.3383925355675732
P2_rgkf,0,SVR,51,0.23,0.4346406113595434
P2_rgkf,0,SVR,53,0.35,0.2272939661954562
P2_rgkf,0,SVR,55,0.1,0.0877600991869657
P2_rgkf,0,SVR,59,0.1,0.1025874261107167
P2_rgkf,0,SVR,64,0.22,0.2603712203064616
P2_rgkf,0,SVR,65,0.24,0.2603712203064616
P2_rgkf,0,SVR,66,0.26,0.2603712203064616
P2_rgkf,0,SVR,67,0.28,0.2603712203064616
P2_rgkf,0,SVR,68,0.15,0.1937602469232223
P2_rgkf,0,SVR,69,0.17,0.1740300807633464
P2_rgkf,0,SVR,71,0.16,0.2557362566787695
P2_rgkf,0,SVR,73,0.21,0.2098474287588696
P2_rgkf,0,SVR,76,0.18,0.2183095897153364
P2_rgkf,0,SVR,77,0.15,0.2099894077258199
P2_rgkf,0,SVR,87,0.19,0.2089609353236442
P2_rgkf,0,SVR,94,0.17,0.1448198879596399
P2_rgkf,0,SVR,107,0.21,0.2044793837538989
P2_rgkf,0,SVR,108,0.2,0.2207012774682874
P2_rgkf,0,SVR,109,0.17,0.254906029907068
P2_rgkf,0,GPR,36,0.17,0.15630147884525
P2_rgkf,0,GPR,46,0.44,0.1838704202865803
P2_rgkf,0,GPR,48,0.35,0.1999746776612768
P2_rgkf,0,GPR,51,0.23,0.406070714650478
P2_rgkf,0,GPR,53,0.35,0.0826354457302241
P2_rgkf,0,GPR,55,0.1,0.0255964854320191
P2_rgkf,0,GPR,59,0.1,0.0955887010720135
P2_rgkf,0,GPR,64,0.22,0.2205038388507621
P2_rgkf,0,GPR,65,0.24,0.2205038388507621
P2_rgkf,0,GPR,66,0.26,0.2205038388507621
P2_rgkf,0,GPR,67,0.28,0.2205038388507621
P2_rgkf,0,GPR,68,0.15,0.1705707657341691
P2_rgkf,0,GPR,69,0.17,0.1536276377690922
P2_rgkf,0,GPR,71,0.16,0.1932570276019493
P2_rgkf,0,GPR,73,0.21,0.1996020152128915
P2_rgkf,0,GPR,76,0.18,0.1954612842935403
P2_rgkf,0,GPR,77,0.15,0.1827260780189158
P2_rgkf,0,GPR,87,0.19,0.174275803081848
P2_rgkf,0,GPR,94,0.17,0.2004603357976008
P2_rgkf,0,GPR,107,0.21,0.2066665889021667
P2_rgkf,0,GPR,108,0.2,0.1824920930304624
P2_rgkf,0,GPR,109,0.17,0.2320471412398852
P2_rgkf,0,ANN,36,0.17,0.1566728102713065
P2_rgkf,0,ANN,46,0.44,0.2993010619628518
P2_rgkf,0,ANN,48,0.35,0.3397917979195266
P2_rgkf,0,ANN,51,0.23,0.4042198597835948
P2_rgkf,0,ANN,53,0.35,0.159641457390778
P2_rgkf,0,ANN,55,0.1,0.0381198731688194
P2_rgkf,0,ANN,59,0.1,0.0973781162790535
P2_rgkf,0,ANN,64,0.22,0.2214801646188648
P2_rgkf,0,ANN,65,0.24,0.2214801646188648
P2_rgkf,0,ANN,66,0.26,0.2214801646188648
P2_rgkf,0,ANN,67,0.28,0.2214801646188648
P2_rgkf,0,ANN,68,0.15,0.2310131797720977
P2_rgkf,0,ANN,69,0.17,0.193038535853589
P2_rgkf,0,ANN,71,0.16,0.3451810690887152
P2_rgkf,0,ANN,73,0.21,0.2189147755047259
P2_rgkf,0,ANN,76,0.18,0.2157467940912001
P2_rgkf,0,ANN,77,0.15,0.2209948113074732
P2_rgkf,0,ANN,87,0.19,0.2403415757098501
P2_rgkf,0,ANN,94,0.17,0.184717193011521
P2_rgkf,0,ANN,107,0.21,0.2129356585135999
P2_rgkf,0,ANN,108,0.2,0.1970040568245926
P2_rgkf,0,ANN,109,0.17,0.2398471496275105
P2_rgkf,0,Mean,2,0.33,0.3014606741573034
P2_rgkf,0,Mean,3,0.42,0.3014606741573034
P2_rgkf,0,Mean,4,0.46,0.3014606741573034
P2_rgkf,0,Mean,18,0.53,0.3014606741573034
P2_rgkf,0,Mean,24,0.27,0.3014606741573034
P2_rgkf,0,Mean,25,0.3,0.3014606741573034
P2_rgkf,0,Mean,27,0.37,0.3014606741573034
P2_rgkf,0,Mean,33,0.54,0.3014606741573034
P2_rgkf,0,Mean,42,0.19,0.3014606741573034
P2_rgkf,0,Mean,56,0.09,0.3014606741573034
P2_rgkf,0,Mean,57,0.09,0.3014606741573034
P2_rgkf,0,Mean,70,0.14,0.3014606741573034
P2_rgkf,0,Mean,81,0.14,0.3014606741573034
P2_rgkf,0,Mean,84,0.19,0.3014606741573034
P2_rgkf,0,Mean,92,0.14,0.3014606741573034
P2_rgkf,0,Mean,96,0.12,0.3014606741573034
P2_rgkf,0,Mean,97,0.47,0.3014606741573034
P2_rgkf,0,Mean,98,0.64,0.3014606741573034
P2_rgkf,0,Mean,100,0.25,0.3014606741573034
P2_rgkf,0,Mean,102,0.35,0.3014606741573034
P2_rgkf,0,Mean,103,0.08,0.3014606741573034
P2_rgkf,0,MVR,2,0.33,0.3552587448704037
P2_rgkf,0,MVR,3,0.42,0.3594068204333777
P2_rgkf,0,MVR,4,0.46,0.3552587448704037
P2_rgkf,0,MVR,18,0.53,0.6274717296511642
P2_rgkf,0,MVR,24,0.27,0.2115852382951897
P2_rgkf,0,MVR,25,0.3,0.1857405663316394
P2_rgkf,0,MVR,27,0.37,0.2520424692890474
P2_rgkf,0,MVR,33,0.54,0.5088715804460563
P2_rgkf,0,MVR,42,0.19,0.2142829334339033
P2_rgkf,0,MVR,56,0.09,0.0698797272119506
P2_rgkf,0,MVR,57,0.09,0.12302312086428
P2_rgkf,0,MVR,70,0.14,0.0961071428324941
P2_rgkf,0,MVR,81,0.14,0.1930750436304292
P2_rgkf,0,MVR,84,0.19,0.230384289755105
P2_rgkf,0,MVR,92,0.14,0.1569038277089121
P2_rgkf,0,MVR,96,0.12,0.1758266496243409
P2_rgkf,0,MVR,97,0.47,0.3594068204333777
P2_rgkf,0,MVR,98,0.64,0.5004177435396115
P2_rgkf,0,MVR,100,0.25,0.1794868822502933
P2_rgkf,0,MVR,102,0.35,0.1937417333427267
P2_rgkf,0,MVR,103,0.08,0.0651660230277105
P2_rgkf,0,Ridge,2,0.33,0.4219535712192047
P2_rgkf,0,Ridge,3,0.42,0.4245881496049898
P2_rgkf,0,Ridge,4,0.46,0.4219535712192047
P2_rgkf,0,Ridge,18,0.53,0.5344676215457761
P2_rgkf,0,Ridge,24,0.27,0.2876625062181951
P2_rgkf,0,Ridge,25,0.3,0.263951300746129
P2_rgkf,0,Ridge,27,0.37,0.3260849050001365
P2_rgkf,0,Ridge,33,0.54,0.5532263965775517
P2_rgkf,0,Ridge,42,0.19,0.2227578950674981
P2_rgkf,0,Ridge,56,0.09,0.0757248762161079
P2_rgkf,0,Ridge,57,0.09,0.1857367666447069
P2_rgkf,0,Ridge,70,0.14,0.0866046418335723
P2_rgkf,0,Ridge,81,0.14,0.2091365593110806
P2_rgkf,0,Ridge,84,0.19,0.1855218428973931
P2_rgkf,0,Ridge,92,0.14,0.1750115673280158
P2_rgkf,0,Ridge,96,0.12,0.1550814016534981
P2_rgkf,0,Ridge,97,0.47,0.4245881496049898
P2_rgkf,0,Ridge,98,0.64,0.5007890641188012
P2_rgkf,0,Ridge,100,0.25,0.2587082941275446
P2_rgkf,0,Ridge,102,0.35,0.2164378739471152
P2_rgkf,0,Ridge,103,0.08,0.0697201972892559
P2_rgkf,0,RF,2,0.33,0.3864044669682173
P2_rgkf,0,RF,3,0.42,0.3638293605931109
P2_rgkf,0,RF,4,0.46,0.3864044669682173
P2_rgkf,0,RF,18,0.53,0.6086166762866756
P2_rgkf,0,RF,24,0.27,0.3562365451909201
P2_rgkf,0,RF,25,0.3,0.3546865716459467
P2_rgkf,0,RF,27,0.37,0.395116088610463
P2_rgkf,0,RF,33,0.54,0.5996428562540513
P2_rgkf,0,RF,42,0.19,0.2050155816550466
P2_rgkf,0,RF,56,0.09,0.1083067914955412
P2_rgkf,0,RF,57,0.09,0.1507718542568546
P2_rgkf,0,RF,70,0.14,0.15016044197947
P2_rgkf,0,RF,81,0.14,0.1808360292291286
P2_rgkf,0,RF,84,0.19,0.181155079815268
P2_rgkf,0,RF,92,0.14,0.2071466330676958
P2_rgkf,0,RF,96,0.12,0.2013620134372507
P2_rgkf,0,RF,97,0.47,0.3638293605931109
P2_rgkf,0,RF,98,0.64,0.6113402669552659
P2_rgkf,0,RF,100,0.25,0.2620047715571354
P2_rgkf,0,RF,102,0.35,0.4669497222222223
P2_rgkf,0,RF,103,0.08,0.1045734581622078
P2_rgkf,0,ET,2,0.33,0.3749239022366524
P2_rgkf,0,ET,3,0.42,0.3631947355699856
P2_rgkf,0,ET,4,0.46,0.3749239022366524
P2_rgkf,0,ET,18,0.53,0.6194813236763236
P2_rgkf,0,ET,24,0.27,0.3239099913909783
P2_rgkf,0,ET,25,0.3,0.3204519358354231
P2_rgkf,0,ET,27,0.37,0.3998641397426264
P2_rgkf,0,ET,33,0.54,0.6361246768509258
P2_rgkf,0,ET,42,0.19,0.1795494177785244
P2_rgkf,0,ET,56,0.09,0.0920863841829465
P2_rgkf,0,ET,57,0.09,0.1083252813852814
P2_rgkf,0,ET,70,0.14,0.1719725934224598
P2_rgkf,0,ET,81,0.14,0.1841042771110459
P2_rgkf,0,ET,84,0.19,0.1900656046982916
P2_rgkf,0,ET,92,0.14,0.1983599476912685
P2_rgkf,0,ET,96,0.12,0.1879530245281313
P2_rgkf,0,ET,97,0.47,0.3631947355699856
P2_rgkf,0,ET,98,0.64,0.633484338023088
P2_rgkf,0,ET,100,0.25,0.2563995048485357
P2_rgkf,0,ET,102,0.35,0.4146615981859269
P2_rgkf,0,ET,103,0.08,0.0868746417587042
P2_rgkf,0,XGB,2,0.33,0.3976832330226898
P2_rgkf,0,XGB,3,0.42,0.3872326910495758
P2_rgkf,0,XGB,4,0.46,0.3976832330226898
P2_rgkf,0,XGB,18,0.53,0.5953330993652344
P2_rgkf,0,XGB,24,0.27,0.3068958222866058
P2_rgkf,0,XGB,25,0.3,0.2791639864444732
P2_rgkf,0,XGB,27,0.37,0.394407719373703
P2_rgkf,0,XGB,33,0.54,0.5973398089408875
P2_rgkf,0,XGB,42,0.19,0.1666200309991836
P2_rgkf,0,XGB,56,0.09,0.0956491604447364
P2_rgkf,0,XGB,57,0.09,0.1130515858530998
P2_rgkf,0,XGB,70,0.14,0.12742580473423
P2_rgkf,0,XGB,81,0.14,0.1437232494354248
P2_rgkf,0,XGB,84,0.19,0.2325118333101272
P2_rgkf,0,XGB,92,0.14,0.1617638766765594
P2_rgkf,0,XGB,96,0.12,0.2185401022434234
P2_rgkf,0,XGB,97,0.47,0.3872326910495758
P2_rgkf,0,XGB,98,0.64,0.6204379796981812
P2_rgkf,0,XGB,100,0.25,0.2596449851989746
P2_rgkf,0,XGB,102,0.35,0.4372245371341705
P2_rgkf,0,XGB,103,0.08,0.0956491604447364
P2_rgkf,0,LGBM,2,0.33,0.4551877194411819
P2_rgkf,0,LGBM,3,0.42,0.3392856331633374
P2_rgkf,0,LGBM,4,0.46,0.4551877194411819
P2_rgkf,0,LGBM,18,0.53,0.6792976203224685
P2_rgkf,0,LGBM,24,0.27,0.2868936346664952
P2_rgkf,0,LGBM,25,0.3,0.2906648235083358
P2_rgkf,0,LGBM,27,0.37,0.391228291838319
P2_rgkf,0,LGBM,33,0.54,0.665359511992519
P2_rgkf,0,LGBM,42,0.19,0.0806978002392177
P2_rgkf,0,LGBM,56,0.09,0.0768075492187555
P2_rgkf,0,LGBM,57,0.09,0.0817456911463761
P2_rgkf,0,LGBM,70,0.14,0.1910704160694253
P2_rgkf,0,LGBM,81,0.14,0.1421469456248562
P2_rgkf,0,LGBM,84,0.19,0.2409096718846713
P2_rgkf,0,LGBM,92,0.14,0.2056430217931388
P2_rgkf,0,LGBM,96,0.12,0.2285180883916393
P2_rgkf,0,LGBM,97,0.47,0.3392856331633374
P2_rgkf,0,LGBM,98,0.64,0.6510558419162333
P2_rgkf,0,LGBM,100,0.25,0.2452251067184553
P2_rgkf,0,LGBM,102,0.35,0.4266328395596137
P2_rgkf,0,LGBM,103,0.08,0.0768075492187555
P2_rgkf,0,CatB,2,0.33,0.4141421370518865
P2_rgkf,0,CatB,3,0.42,0.3455239221376439
P2_rgkf,0,CatB,4,0.46,0.4141421370518865
P2_rgkf,0,CatB,18,0.53,0.6349846961118589
P2_rgkf,0,CatB,24,0.27,0.3359815518714787
P2_rgkf,0,CatB,25,0.3,0.3118483713820308
P2_rgkf,0,CatB,27,0.37,0.3892509472508149
P2_rgkf,0,CatB,33,0.54,0.6091521355873313
P2_rgkf,0,CatB,42,0.19,0.1885567440303912
P2_rgkf,0,CatB,56,0.09,0.0908047490502813
P2_rgkf,0,CatB,57,0.09,0.1078621768214637
P2_rgkf,0,CatB,70,0.14,0.1595800237061958
P2_rgkf,0,CatB,81,0.14,0.186030327361176
P2_rgkf,0,CatB,84,0.19,0.2060928419910515
P2_rgkf,0,CatB,92,0.14,0.1928355046007713
P2_rgkf,0,CatB,96,0.12,0.17394419451228
P2_rgkf,0,CatB,97,0.47,0.3455239221376439
P2_rgkf,0,CatB,98,0.64,0.6401944747516136
P2_rgkf,0,CatB,100,0.25,0.2421308944684842
P2_rgkf,0,CatB,102,0.35,0.3981126236270282
P2_rgkf,0,CatB,103,0.08,0.0908047490502813
P2_rgkf,0,SVR,2,0.33,0.3853194612211293
P2_rgkf,0,SVR,3,0.42,0.3857159892696277
P2_rgkf,0,SVR,4,0.46,0.3853194612211293
P2_rgkf,0,SVR,18,0.53,0.5485168010545406
P2_rgkf,0,SVR,24,0.27,0.3331800723390966
P2_rgkf,0,SVR,25,0.3,0.3085312345810498
P2_rgkf,0,SVR,27,0.37,0.3795947329388011
P2_rgkf,0,SVR,33,0.54,0.51324374791547
P2_rgkf,0,SVR,42,0.19,0.1627077671563084
P2_rgkf,0,SVR,56,0.09,0.1284943472397445
P2_rgkf,0,SVR,57,0.09,0.1498023024563357
P2_rgkf,0,SVR,70,0.14,0.15759986907137
P2_rgkf,0,SVR,81,0.14,0.1616251541180889
P2_rgkf,0,SVR,84,0.19,0.2270432581151765
P2_rgkf,0,SVR,92,0.14,0.165919654020814
P2_rgkf,0,SVR,96,0.12,0.1521459795804721
P2_rgkf,0,SVR,97,0.47,0.3857159892696277
P2_rgkf,0,SVR,98,0.64,0.5255460254679033
P2_rgkf,0,SVR,100,0.25,0.2477468733582751
P2_rgkf,0,SVR,102,0.35,0.189252237738871
P2_rgkf,0,SVR,103,0.08,0.1275849109287233
P2_rgkf,0,GPR,2,0.33,0.3778418447794441
P2_rgkf,0,GPR,3,0.42,0.361435292964994
P2_rgkf,0,GPR,4,0.46,0.3778418447794441
P2_rgkf,0,GPR,18,0.53,0.5914088690618975
P2_rgkf,0,GPR,24,0.27,0.3160026178940303
P2_rgkf,0,GPR,25,0.3,0.2554891903742807
P2_rgkf,0,GPR,27,0.37,0.3989317459464965
P2_rgkf,0,GPR,33,0.54,0.5837163000606627
P2_rgkf,0,GPR,42,0.19,0.1823442997220579
P2_rgkf,0,GPR,56,0.09,0.0710878709949168
P2_rgkf,0,GPR,57,0.09,0.0952386929868502
P2_rgkf,0,GPR,70,0.14,0.2186668548668797
P2_rgkf,0,GPR,81,0.14,0.1517881755983897
P2_rgkf,0,GPR,84,0.19,0.1787009414660886
P2_rgkf,0,GPR,92,0.14,0.1968870583503806
P2_rgkf,0,GPR,96,0.12,0.199827780688924
P2_rgkf,0,GPR,97,0.47,0.361435292964994
P2_rgkf,0,GPR,98,0.64,0.5773144614067566
P2_rgkf,0,GPR,100,0.25,0.2419494426417092
P2_rgkf,0,GPR,102,0.35,0.624016163823597
P2_rgkf,0,GPR,103,0.08,0.0663090583938165
P2_rgkf,0,ANN,2,0.33,0.3198011102077518
P2_rgkf,0,ANN,3,0.42,0.3190580241349963
P2_rgkf,0,ANN,4,0.46,0.3198011102077518
P2_rgkf,0,ANN,18,0.53,0.6395488168344391
P2_rgkf,0,ANN,24,0.27,0.3773136091094989
P2_rgkf,0,ANN,25,0.3,0.3147599539327689
P2_rgkf,0,ANN,27,0.37,0.381900984423465
P2_rgkf,0,ANN,33,0.54,0.5875116027717655
P2_rgkf,0,ANN,42,0.19,0.1681034490469149
P2_rgkf,0,ANN,56,0.09,0.0941998966162763
P2_rgkf,0,ANN,57,0.09,0.1165511298141177
P2_rgkf,0,ANN,70,0.14,0.1324088939414485
P2_rgkf,0,ANN,81,0.14,0.2130468284171382
P2_rgkf,0,ANN,84,0.19,0.1825204672636341
P2_rgkf,0,ANN,92,0.14,0.1510538294980051
P2_rgkf,0,ANN,96,0.12,0.1225059348261845
P2_rgkf,0,ANN,97,0.47,0.3190580241349963
P2_rgkf,0,ANN,98,0.64,0.9409229886313046
P2_rgkf,0,ANN,100,0.25,0.2404940074028557
P2_rgkf,0,ANN,102,0.35,0.2791094193650388
P2_rgkf,0,ANN,103,0.08,0.0915875353761044
P2_rgkf,1,Mean,19,0.56,0.2998809523809524
P2_rgkf,1,Mean,20,0.74,0.2998809523809524
P2_rgkf,1,Mean,21,0.44,0.2998809523809524
P2_rgkf,1,Mean,24,0.27,0.2998809523809524
P2_rgkf,1,Mean,29,0.64,0.2998809523809524
P2_rgkf,1,Mean,34,0.69,0.2998809523809524
P2_rgkf,1,Mean,42,0.19,0.2998809523809524
P2_rgkf,1,Mean,44,0.17,0.2998809523809524
P2_rgkf,1,Mean,53,0.35,0.2998809523809524
P2_rgkf,1,Mean,57,0.09,0.2998809523809524
P2_rgkf,1,Mean,58,0.08,0.2998809523809524
P2_rgkf,1,Mean,61,0.15,0.2998809523809524
P2_rgkf,1,Mean,62,0.19,0.2998809523809524
P2_rgkf,1,Mean,63,0.23,0.2998809523809524
P2_rgkf,1,Mean,64,0.22,0.2998809523809524
P2_rgkf,1,Mean,65,0.24,0.2998809523809524
P2_rgkf,1,Mean,66,0.26,0.2998809523809524
P2_rgkf,1,Mean,67,0.28,0.2998809523809524
P2_rgkf,1,Mean,70,0.14,0.2998809523809524
P2_rgkf,1,Mean,87,0.19,0.2998809523809524
P2_rgkf,1,Mean,88,0.22,0.2998809523809524
P2_rgkf,1,Mean,91,0.14,0.2998809523809524
P2_rgkf,1,Mean,95,0.3,0.2998809523809524
P2_rgkf,1,Mean,99,0.44,0.2998809523809524
P2_rgkf,1,Mean,102,0.35,0.2998809523809524
P2_rgkf,1,Mean,104,0.18,0.2998809523809524
P2_rgkf,1,MVR,19,0.56,0.6476288107689878
P2_rgkf,1,MVR,20,0.74,0.6134872593140152
P2_rgkf,1,MVR,21,0.44,0.5701339848898965
P2_rgkf,1,MVR,24,0.27,0.2213888292766593
P2_rgkf,1,MVR,29,0.64,0.3931935071860263
P2_rgkf,1,MVR,34,0.69,0.498856652770319
P2_rgkf,1,MVR,42,0.19,0.2120844488213706
P2_rgkf,1,MVR,44,0.17,0.1472071031480503
P2_rgkf,1,MVR,53,0.35,0.2743421962182566
P2_rgkf,1,MVR,57,0.09,0.1208769881738202
P2_rgkf,1,MVR,58,0.08,0.0691367021757316
P2_rgkf,1,MVR,61,0.15,0.1694358263332153
P2_rgkf,1,MVR,62,0.19,0.1694358263332153
P2_rgkf,1,MVR,63,0.23,0.1694358263332153
P2_rgkf,1,MVR,64,0.22,0.2634896959428608
P2_rgkf,1,MVR,65,0.24,0.2634896959428608
P2_rgkf,1,MVR,66,0.26,0.2634896959428608
P2_rgkf,1,MVR,67,0.28,0.2634896959428608
P2_rgkf,1,MVR,70,0.14,0.0969525146944883
P2_rgkf,1,MVR,87,0.19,0.2214959750358742
P2_rgkf,1,MVR,88,0.22,0.2205997959534238
P2_rgkf,1,MVR,91,0.14,0.2046494035015353
P2_rgkf,1,MVR,95,0.3,0.2359265510309788
P2_rgkf,1,MVR,99,0.44,0.2599933030520519
P2_rgkf,1,MVR,102,0.35,0.1897494606518422
P2_rgkf,1,MVR,104,0.18,0.1694358263332153
P2_rgkf,1,Ridge,19,0.56,0.5148720645657905
P2_rgkf,1,Ridge,20,0.74,0.504938711202217
P2_rgkf,1,Ridge,21,0.44,0.4912617529944303
P2_rgkf,1,Ridge,24,0.27,0.2754439634703967
P2_rgkf,1,Ridge,29,0.64,0.3794169022145017
P2_rgkf,1,Ridge,34,0.69,0.532595134027936
P2_rgkf,1,Ridge,42,0.19,0.2247395803555677
P2_rgkf,1,Ridge,44,0.17,0.123575698745805
P2_rgkf,1,Ridge,53,0.35,0.3115408594955531
P2_rgkf,1,Ridge,57,0.09,0.186144495551182
P2_rgkf,1,Ridge,58,0.08,0.0827340557902018
P2_rgkf,1,Ridge,61,0.15,0.2001259500607398
P2_rgkf,1,Ridge,62,0.19,0.2001259500607398
P2_rgkf,1,Ridge,63,0.23,0.2001259500607398
P2_rgkf,1,Ridge,64,0.22,0.2756437439854228
P2_rgkf,1,Ridge,65,0.24,0.2756437439854228
P2_rgkf,1,Ridge,66,0.26,0.2756437439854228
P2_rgkf,1,Ridge,67,0.28,0.2756437439854228
P2_rgkf,1,Ridge,70,0.14,0.1025669510830593
P2_rgkf,1,Ridge,87,0.19,0.2129414097667415
P2_rgkf,1,Ridge,88,0.22,0.1902945081876633
P2_rgkf,1,Ridge,91,0.14,0.2187724857981137
P2_rgkf,1,Ridge,95,0.3,0.2551648894712086
P2_rgkf,1,Ridge,99,0.44,0.3146822372902674
P2_rgkf,1,Ridge,102,0.35,0.2163779832773816
P2_rgkf,1,Ridge,104,0.18,0.2001259500607398
P2_rgkf,1,RF,19,0.56,0.6772180982905983
P2_rgkf,1,RF,20,0.74,0.6587336935286937
P2_rgkf,1,RF,21,0.44,0.6199179751242911
P2_rgkf,1,RF,24,0.27,0.3141154534641597
P2_rgkf,1,RF,29,0.64,0.5961170924908431
P2_rgkf,1,RF,34,0.69,0.564570944055945
P2_rgkf,1,RF,42,0.19,0.2139710692746074
P2_rgkf,1,RF,44,0.17,0.1928300843674096
P2_rgkf,1,RF,53,0.35,0.2750484592738868
P2_rgkf,1,RF,57,0.09,0.156351245642252
P2_rgkf,1,RF,58,0.08,0.115027633605149
P2_rgkf,1,RF,61,0.15,0.1766472192239395
P2_rgkf,1,RF,62,0.19,0.1766472192239395
P2_rgkf,1,RF,63,0.23,0.1766472192239395
P2_rgkf,1,RF,64,0.22,0.1734060353106306
P2_rgkf,1,RF,65,0.24,0.1734060353106306
P2_rgkf,1,RF,66,0.26,0.1734060353106306
P2_rgkf,1,RF,67,0.28,0.1734060353106306
P2_rgkf,1,RF,70,0.14,0.1568214555582904
P2_rgkf,1,RF,87,0.19,0.1832758018809443
P2_rgkf,1,RF,88,0.22,0.1799118889811911
P2_rgkf,1,RF,91,0.14,0.1693317975485121
P2_rgkf,1,RF,95,0.3,0.1781156662400851
P2_rgkf,1,RF,99,0.44,0.3611229864100809
P2_rgkf,1,RF,102,0.35,0.4383791475811564
P2_rgkf,1,RF,104,0.18,0.1766472192239395
P2_rgkf,1,ET,19,0.56,0.655722923881674
P2_rgkf,1,ET,20,0.74,0.6392429238816741
P2_rgkf,1,ET,21,0.44,0.618274071622822
P2_rgkf,1,ET,24,0.27,0.308739667601686
P2_rgkf,1,ET,29,0.64,0.5878309983408804
P2_rgkf,1,ET,34,0.69,0.5593317279942288
P2_rgkf,1,ET,42,0.19,0.1812405627936991
P2_rgkf,1,ET,44,0.17,0.1972732487004841
P2_rgkf,1,ET,53,0.35,0.2418936482988724
P2_rgkf,1,ET,57,0.09,0.1025753039427892
P2_rgkf,1,ET,58,0.08,0.0926953768949495
P2_rgkf,1,ET,61,0.15,0.1782668020328958
P2_rgkf,1,ET,62,0.19,0.1782668020328958
P2_rgkf,1,ET,63,0.23,0.1782668020328958
P2_rgkf,1,ET,64,0.22,0.1876678501445709
P2_rgkf,1,ET,65,0.24,0.1876678501445709
P2_rgkf,1,ET,66,0.26,0.1876678501445709
P2_rgkf,1,ET,67,0.28,0.1876678501445709
P2_rgkf,1,ET,70,0.14,0.1622842160674184
P2_rgkf,1,ET,87,0.19,0.188589253891671
P2_rgkf,1,ET,88,0.22,0.1919853468882717
P2_rgkf,1,ET,91,0.14,0.1730014919033785
P2_rgkf,1,ET,95,0.3,0.1808934951857825
P2_rgkf,1,ET,99,0.44,0.3696926782533156
P2_rgkf,1,ET,102,0.35,0.4186847486043591
P2_rgkf,1,ET,104,0.18,0.1782668020328958
P2_rgkf,1,XGB,19,0.56,0.8205187320709229
P2_rgkf,1,XGB,20,0.74,0.7551795244216919
P2_rgkf,1,XGB,21,0.44,0.6928461194038391
P2_rgkf,1,XGB,24,0.27,0.3271239399909973
P2_rgkf,1,XGB,29,0.64,0.640561044216156
P2_rgkf,1,XGB,34,0.69,0.5623331665992737
P2_rgkf,1,XGB,42,0.19,0.1680081784725189
P2_rgkf,1,XGB,44,0.17,0.1934496909379959
P2_rgkf,1,XGB,53,0.35,0.2322013080120086
P2_rgkf,1,XGB,57,0.09,0.1004581898450851
P2_rgkf,1,XGB,58,0.08,0.0890817195177078
P2_rgkf,1,XGB,61,0.15,0.0597271732985973
P2_rgkf,1,XGB,62,0.19,0.0597271732985973
P2_rgkf,1,XGB,63,0.23,0.0597271732985973
P2_rgkf,1,XGB,64,0.22,0.0784323513507843
P2_rgkf,1,XGB,65,0.24,0.0784323513507843
P2_rgkf,1,XGB,66,0.26,0.0784323513507843
P2_rgkf,1,XGB,67,0.28,0.0784323513507843
P2_rgkf,1,XGB,70,0.14,0.1597915589809417
P2_rgkf,1,XGB,87,0.19,0.203507050871849
P2_rgkf,1,XGB,88,0.22,0.1707353740930557
P2_rgkf,1,XGB,91,0.14,0.1596982032060623
P2_rgkf,1,XGB,95,0.3,0.2087453007698059
P2_rgkf,1,XGB,99,0.44,0.3786132335662842
P2_rgkf,1,XGB,102,0.35,0.2798426449298858
P2_rgkf,1,XGB,104,0.18,0.0597271732985973
P2_rgkf,1,LGBM,19,0.56,0.7539963751528662
P2_rgkf,1,LGBM,20,0.74,0.7765969880230553
P2_rgkf,1,LGBM,21,0.44,0.6909302236637833
P2_rgkf,1,LGBM,24,0.27,0.3107246655042755
P2_rgkf,1,LGBM,29,0.64,0.6170053979575735
P2_rgkf,1,LGBM,34,0.69,0.5547370832064137
P2_rgkf,1,LGBM,42,0.19,0.1612966466442875
P2_rgkf,1,LGBM,44,0.17,0.169957075401263
P2_rgkf,1,LGBM,53,0.35,0.2329739069292773
P2_rgkf,1,LGBM,57,0.09,0.0943668892371656
P2_rgkf,1,LGBM,58,0.08,0.0958285456186933
P2_rgkf,1,LGBM,61,0.15,0.1418868080975761
P2_rgkf,1,LGBM,62,0.19,0.1418868080975761
P2_rgkf,1,LGBM,63,0.23,0.1418868080975761
P2_rgkf,1,LGBM,64,0.22,0.178711841425143
P2_rgkf,1,LGBM,65,0.24,0.178711841425143
P2_rgkf,1,LGBM,66,0.26,0.178711841425143
P2_rgkf,1,LGBM,67,0.28,0.178711841425143
P2_rgkf,1,LGBM,70,0.14,0.1215428685762934
P2_rgkf,1,LGBM,87,0.19,0.2111604847361143
P2_rgkf,1,LGBM,88,0.22,0.1949237265327984
P2_rgkf,1,LGBM,91,0.14,0.1911835522697656
P2_rgkf,1,LGBM,95,0.3,0.1755305126963361
P2_rgkf,1,LGBM,99,0.44,0.3769174606617223
P2_rgkf,1,LGBM,102,0.35,0.3015197540630807
P2_rgkf,1,LGBM,104,0.18,0.1418868080975761
P2_rgkf,1,CatB,19,0.56,0.7311022463003742
P2_rgkf,1,CatB,20,0.74,0.6803453113659605
P2_rgkf,1,CatB,21,0.44,0.6384795747121783
P2_rgkf,1,CatB,24,0.27,0.3132450927921373
P2_rgkf,1,CatB,29,0.64,0.5974990872924466
P2_rgkf,1,CatB,34,0.69,0.5393104313857365
P2_rgkf,1,CatB,42,0.19,0.1915150427658595
P2_rgkf,1,CatB,44,0.17,0.2012621272382858
P2_rgkf,1,CatB,53,0.35,0.2843443963413077
P2_rgkf,1,CatB,57,0.09,0.1242998858111259
P2_rgkf,1,CatB,58,0.08,0.100200437404891
P2_rgkf,1,CatB,61,0.15,0.1931317978617965
P2_rgkf,1,CatB,62,0.19,0.1931317978617965
P2_rgkf,1,CatB,63,0.23,0.1931317978617965
P2_rgkf,1,CatB,64,0.22,0.2133382544231397
P2_rgkf,1,CatB,65,0.24,0.2133382544231397
P2_rgkf,1,CatB,66,0.26,0.2133382544231397
P2_rgkf,1,CatB,67,0.28,0.2133382544231397
P2_rgkf,1,CatB,70,0.14,0.1728964509944873
P2_rgkf,1,CatB,87,0.19,0.2106434177926232
P2_rgkf,1,CatB,88,0.22,0.1930923052461576
P2_rgkf,1,CatB,91,0.14,0.1759134095307525
P2_rgkf,1,CatB,95,0.3,0.1975896224024595
P2_rgkf,1,CatB,99,0.44,0.3610106194506113
P2_rgkf,1,CatB,102,0.35,0.3787908678436976
P2_rgkf,1,CatB,104,0.18,0.1931317978617965
P2_rgkf,1,SVR,19,0.56,0.5954365481059519
P2_rgkf,1,SVR,20,0.74,0.5711331274428284
P2_rgkf,1,SVR,21,0.44,0.5392451750481215
P2_rgkf,1,SVR,24,0.27,0.296408899573385
P2_rgkf,1,SVR,29,0.64,0.3569991424442876
P2_rgkf,1,SVR,34,0.69,0.5203057077192782
P2_rgkf,1,SVR,42,0.19,0.1585075403146816
P2_rgkf,1,SVR,44,0.17,0.2087017864244574
P2_rgkf,1,SVR,53,0.35,0.1855658827862645
P2_rgkf,1,SVR,57,0.09,0.1032282987836114
P2_rgkf,1,SVR,58,0.08,0.0857032986076393
P2_rgkf,1,SVR,61,0.15,0.2171791554839141
P2_rgkf,1,SVR,62,0.19,0.2171791554839141
P2_rgkf,1,SVR,63,0.23,0.2171791554839141
P2_rgkf,1,SVR,64,0.22,0.2024514334383059
P2_rgkf,1,SVR,65,0.24,0.2024514334383059
P2_rgkf,1,SVR,66,0.26,0.2024514334383059
P2_rgkf,1,SVR,67,0.28,0.2024514334383059
P2_rgkf,1,SVR,70,0.14,0.1558987744814458
P2_rgkf,1,SVR,87,0.19,0.2273156715108662
P2_rgkf,1,SVR,88,0.22,0.2008722950074752
P2_rgkf,1,SVR,91,0.14,0.201334650924314
P2_rgkf,1,SVR,95,0.3,0.176948902830303
P2_rgkf,1,SVR,99,0.44,0.3737672805613189
P2_rgkf,1,SVR,102,0.35,0.4053275514078824
P2_rgkf,1,SVR,104,0.18,0.2171791554839141
P2_rgkf,1,GPR,19,0.56,0.6064215064042233
P2_rgkf,1,GPR,20,0.74,0.602971711604512
P2_rgkf,1,GPR,21,0.44,0.5974020320925463
P2_rgkf,1,GPR,24,0.27,0.3161864687092735
P2_rgkf,1,GPR,29,0.64,0.5949028420275478
P2_rgkf,1,GPR,34,0.69,0.5493765727770173
P2_rgkf,1,GPR,42,0.19,0.1808276368495346
P2_rgkf,1,GPR,44,0.17,0.1972520834850555
P2_rgkf,1,GPR,53,0.35,0.2675796631680676
P2_rgkf,1,GPR,57,0.09,0.097041223526683
P2_rgkf,1,GPR,58,0.08,0.0846462700229737
P2_rgkf,1,GPR,61,0.15,0.2092328640532297
P2_rgkf,1,GPR,62,0.19,0.2092328640532297
P2_rgkf,1,GPR,63,0.23,0.2092328640532297
P2_rgkf,1,GPR,64,0.22,0.1779000620184893
P2_rgkf,1,GPR,65,0.24,0.1779000620184893
P2_rgkf,1,GPR,66,0.26,0.1779000620184893
P2_rgkf,1,GPR,67,0.28,0.1779000620184893
P2_rgkf,1,GPR,70,0.14,0.1582165763793015
P2_rgkf,1,GPR,87,0.19,0.1627272551732267
P2_rgkf,1,GPR,88,0.22,0.1927241999895446
P2_rgkf,1,GPR,91,0.14,0.1676852051374872
P2_rgkf,1,GPR,95,0.3,0.157653726009465
P2_rgkf,1,GPR,99,0.44,0.3724176249539396
P2_rgkf,1,GPR,102,0.35,0.5863437718368737
P2_rgkf,1,GPR,104,0.18,0.2092328640532295
P2_rgkf,1,ANN,19,0.56,0.7094129292579578
P2_rgkf,1,ANN,20,0.74,0.6807618985865191
P2_rgkf,1,ANN,21,0.44,0.6450809787688392
P2_rgkf,1,ANN,24,0.27,0.3182058042127502
P2_rgkf,1,ANN,29,0.64,0.3874503115111843
P2_rgkf,1,ANN,34,0.69,0.5332873592387242
P2_rgkf,1,ANN,42,0.19,0.166030762978224
P2_rgkf,1,ANN,44,0.17,0.2009819109243257
P2_rgkf,1,ANN,53,0.35,0.1448533559292766
P2_rgkf,1,ANN,57,0.09,0.1003768054178248
P2_rgkf,1,ANN,58,0.08,0.0926735296939233
P2_rgkf,1,ANN,61,0.15,0.1725183695810438
P2_rgkf,1,ANN,62,0.19,0.1725183695810438
P2_rgkf,1,ANN,63,0.23,0.1725183695810438
P2_rgkf,1,ANN,64,0.22,0.1810844007698092
P2_rgkf,1,ANN,65,0.24,0.1810844007698092
P2_rgkf,1,ANN,66,0.26,0.1810844007698092
P2_rgkf,1,ANN,67,0.28,0.1810844007698092
P2_rgkf,1,ANN,70,0.14,0.130652372472151
P2_rgkf,1,ANN,87,0.19,0.2534671170922183
P2_rgkf,1,ANN,88,0.22,0.2080471160392025
P2_rgkf,1,ANN,91,0.14,0.1972973014150144
P2_rgkf,1,ANN,95,0.3,0.2035855934423411
P2_rgkf,1,ANN,99,0.44,0.3713748551129524
P2_rgkf,1,ANN,102,0.35,0.3316129320807009
P2_rgkf,1,ANN,104,0.18,0.1725183695810438
P2_rgkf,1,Mean,13,0.48,0.3146666666666666
P2_rgkf,1,Mean,22,0.23,0.3146666666666666
P2_rgkf,1,Mean,27,0.37,0.3146666666666666
P2_rgkf,1,Mean,28,0.38,0.3146666666666666
P2_rgkf,1,Mean,50,0.35,0.3146666666666666
P2_rgkf,1,Mean,59,0.1,0.3146666666666666
P2_rgkf,1,Mean,60,0.02,0.3146666666666666
P2_rgkf,1,Mean,68,0.15,0.3146666666666666
P2_rgkf,1,Mean,75,0.19,0.3146666666666666
P2_rgkf,1,Mean,76,0.18,0.3146666666666666
P2_rgkf,1,Mean,80,0.15,0.3146666666666666
P2_rgkf,1,Mean,83,0.15,0.3146666666666666
P2_rgkf,1,Mean,84,0.19,0.3146666666666666
P2_rgkf,1,Mean,85,0.15,0.3146666666666666
P2_rgkf,1,Mean,89,0.2,0.3146666666666666
P2_rgkf,1,Mean,93,0.2,0.3146666666666666
P2_rgkf,1,Mean,94,0.17,0.3146666666666666
P2_rgkf,1,Mean,96,0.12,0.3146666666666666
P2_rgkf,1,Mean,98,0.64,0.3146666666666666
P2_rgkf,1,Mean,108,0.2,0.3146666666666666
P2_rgkf,1,MVR,13,0.48,0.4469255230717347
P2_rgkf,1,MVR,22,0.23,0.2176047752421365
P2_rgkf,1,MVR,27,0.37,0.2608937134033988
P2_rgkf,1,MVR,28,0.38,0.2658018834252215
P2_rgkf,1,MVR,50,0.35,0.3761542209609279
P2_rgkf,1,MVR,59,0.1,0.1497322283922342
P2_rgkf,1,MVR,60,0.02,0.0861450574864673
P2_rgkf,1,MVR,68,0.15,0.1881410228959064
P2_rgkf,1,MVR,75,0.19,0.2346724106623146
P2_rgkf,1,MVR,76,0.18,0.2685263450462039
P2_rgkf,1,MVR,80,0.15,0.2075804390145943
P2_rgkf,1,MVR,83,0.15,0.2638815622233694
P2_rgkf,1,MVR,84,0.19,0.2707166102230638
P2_rgkf,1,MVR,85,0.15,0.2053152746409723
P2_rgkf,1,MVR,89,0.2,0.2458867300301488
P2_rgkf,1,MVR,93,0.2,0.2070541131229911
P2_rgkf,1,MVR,94,0.17,0.1668310519212205
P2_rgkf,1,MVR,96,0.12,0.1829487852118269
P2_rgkf,1,MVR,98,0.64,0.482101890659029
P2_rgkf,1,MVR,108,0.2,0.2515445426204025
P2_rgkf,1,Ridge,13,0.48,0.4220007940317349
P2_rgkf,1,Ridge,22,0.23,0.2703156850904979
P2_rgkf,1,Ridge,27,0.37,0.3262180509773968
P2_rgkf,1,Ridge,28,0.38,0.334064671371721
P2_rgkf,1,Ridge,50,0.35,0.3906248844176265
P2_rgkf,1,Ridge,59,0.1,0.1974147645999179
P2_rgkf,1,Ridge,60,0.02,0.2112735807538344
P2_rgkf,1,Ridge,68,0.15,0.1990421075227094
P2_rgkf,1,Ridge,75,0.19,0.2549977311392293
P2_rgkf,1,Ridge,76,0.18,0.3108724302273324
P2_rgkf,1,Ridge,80,0.15,0.2345699339677567
P2_rgkf,1,Ridge,83,0.15,0.3388864177412757
P2_rgkf,1,Ridge,84,0.19,0.2350052990416293
P2_rgkf,1,Ridge,85,0.15,0.1600382673194367
P2_rgkf,1,Ridge,89,0.2,0.2509068638894814
P2_rgkf,1,Ridge,93,0.2,0.2210876250250988
P2_rgkf,1,Ridge,94,0.17,0.1806205730535439
P2_rgkf,1,Ridge,96,0.12,0.1834011145848251
P2_rgkf,1,Ridge,98,0.64,0.4947881501392679
P2_rgkf,1,Ridge,108,0.2,0.2552660974418838
P2_rgkf,1,RF,13,0.48,0.4966656373256375
P2_rgkf,1,RF,22,0.23,0.2693699933862432
P2_rgkf,1,RF,27,0.37,0.39780994047619
P2_rgkf,1,RF,28,0.38,0.3982858333333328
P2_rgkf,1,RF,50,0.35,0.3987083409645905
P2_rgkf,1,RF,59,0.1,0.1209935912698414
P2_rgkf,1,RF,60,0.02,0.121581970899471
P2_rgkf,1,RF,68,0.15,0.1651910719056916
P2_rgkf,1,RF,75,0.19,0.1677880623063585
P2_rgkf,1,RF,76,0.18,0.1671890284883585
P2_rgkf,1,RF,80,0.15,0.1673283777912311
P2_rgkf,1,RF,83,0.15,0.1951295541057527
P2_rgkf,1,RF,84,0.19,0.1873239371246712
P2_rgkf,1,RF,85,0.15,0.1837636606340286
P2_rgkf,1,RF,89,0.2,0.1813100718070058
P2_rgkf,1,RF,93,0.2,0.2052821449887261
P2_rgkf,1,RF,94,0.17,0.196312101972102
P2_rgkf,1,RF,96,0.12,0.1909660485481061
P2_rgkf,1,RF,98,0.64,0.6034713690476188
P2_rgkf,1,RF,108,0.2,0.1813100718070058
P2_rgkf,1,ET,13,0.48,0.4919363686868686
P2_rgkf,1,ET,22,0.23,0.2550975238095236
P2_rgkf,1,ET,27,0.37,0.4059507528860012
P2_rgkf,1,ET,28,0.38,0.4189761814574296
P2_rgkf,1,ET,50,0.35,0.3904955561660556
P2_rgkf,1,ET,59,0.1,0.1232997497665735
P2_rgkf,1,ET,60,0.02,0.1584264212454213
P2_rgkf,1,ET,68,0.15,0.168894473045071
P2_rgkf,1,ET,75,0.19,0.1615086876082856
P2_rgkf,1,ET,76,0.18,0.1708193485029464
P2_rgkf,1,ET,80,0.15,0.1776255911230714
P2_rgkf,1,ET,83,0.15,0.1918248450993448
P2_rgkf,1,ET,84,0.19,0.2033343492063498
P2_rgkf,1,ET,85,0.15,0.1831311831501839
P2_rgkf,1,ET,89,0.2,0.2192679291819297
P2_rgkf,1,ET,93,0.2,0.2169472382520865
P2_rgkf,1,ET,94,0.17,0.2005702412507213
P2_rgkf,1,ET,96,0.12,0.1830220247156229
P2_rgkf,1,ET,98,0.64,0.5848587777777775
P2_rgkf,1,ET,108,0.2,0.218990262515263
P2_rgkf,1,XGB,13,0.48,0.4986593723297119
P2_rgkf,1,XGB,22,0.23,0.2606954872608185
P2_rgkf,1,XGB,27,0.37,0.3889223039150238
P2_rgkf,1,XGB,28,0.38,0.3889223039150238
P2_rgkf,1,XGB,50,0.35,0.3728109300136566
P2_rgkf,1,XGB,59,0.1,0.1223748922348022
P2_rgkf,1,XGB,60,0.02,0.1616727113723755
P2_rgkf,1,XGB,68,0.15,0.1420936435461044
P2_rgkf,1,XGB,75,0.19,0.1476772576570511
P2_rgkf,1,XGB,76,0.18,0.1633580476045608
P2_rgkf,1,XGB,80,0.15,0.1376630216836929
P2_rgkf,1,XGB,83,0.15,0.1106505468487739
P2_rgkf,1,XGB,84,0.19,0.2539385557174682
P2_rgkf,1,XGB,85,0.15,0.1506169736385345
P2_rgkf,1,XGB,89,0.2,0.2150168716907501
P2_rgkf,1,XGB,93,0.2,0.2592769861221313
P2_rgkf,1,XGB,94,0.17,0.1697487384080886
P2_rgkf,1,XGB,96,0.12,0.202974334359169
P2_rgkf,1,XGB,98,0.64,0.6067920327186584
P2_rgkf,1,XGB,108,0.2,0.2203498631715774
P2_rgkf,1,LGBM,13,0.48,0.46668519676894
P2_rgkf,1,LGBM,22,0.23,0.261942125163803
P2_rgkf,1,LGBM,27,0.37,0.3976072192649043
P2_rgkf,1,LGBM,28,0.38,0.3976072192649043
P2_rgkf,1,LGBM,50,0.35,0.3481677158154322
P2_rgkf,1,LGBM,59,0.1,0.1602308220153315
P2_rgkf,1,LGBM,60,0.02,0.1275500612918786
P2_rgkf,1,LGBM,68,0.15,0.1580796598947238
P2_rgkf,1,LGBM,75,0.19,0.1670294905902647
P2_rgkf,1,LGBM,76,0.18,0.1660069712490769
P2_rgkf,1,LGBM,80,0.15,0.1595378556397551
P2_rgkf,1,LGBM,83,0.15,0.112337175638477
P2_rgkf,1,LGBM,84,0.19,0.2534024421684116
P2_rgkf,1,LGBM,85,0.15,0.1787007259124751
P2_rgkf,1,LGBM,89,0.2,0.222384713098071
P2_rgkf,1,LGBM,93,0.2,0.2381773491313627
P2_rgkf,1,LGBM,94,0.17,0.1839455475564779
P2_rgkf,1,LGBM,96,0.12,0.2026640125687518
P2_rgkf,1,LGBM,98,0.64,0.5970103278503586
P2_rgkf,1,LGBM,108,0.2,0.222384713098071
P2_rgkf,1,CatB,13,0.48,0.4498575450137052
P2_rgkf,1,CatB,22,0.23,0.2643840562423972
P2_rgkf,1,CatB,27,0.37,0.3725159857485509
P2_rgkf,1,CatB,28,0.38,0.3725159857485509
P2_rgkf,1,CatB,50,0.35,0.3859208272212733
P2_rgkf,1,CatB,59,0.1,0.1994705760731853
P2_rgkf,1,CatB,60,0.02,0.1264969388777767
P2_rgkf,1,CatB,68,0.15,0.1785978587089936
P2_rgkf,1,CatB,75,0.19,0.2135410222322964
P2_rgkf,1,CatB,76,0.18,0.1820317111864158
P2_rgkf,1,CatB,80,0.15,0.1712276219330662
P2_rgkf,1,CatB,83,0.15,0.1471599954061741
P2_rgkf,1,CatB,84,0.19,0.2602060057226863
P2_rgkf,1,CatB,85,0.15,0.1615578196750194
P2_rgkf,1,CatB,89,0.2,0.2172929176672407
P2_rgkf,1,CatB,93,0.2,0.2089755745851741
P2_rgkf,1,CatB,94,0.17,0.1709793179516415
P2_rgkf,1,CatB,96,0.12,0.2696015198195752
P2_rgkf,1,CatB,98,0.64,0.6196977759869567
P2_rgkf,1,CatB,108,0.2,0.219216422056137
P2_rgkf,1,SVR,13,0.48,0.4718056500009144
P2_rgkf,1,SVR,22,0.23,0.244769436454602
P2_rgkf,1,SVR,27,0.37,0.3798425139898009
P2_rgkf,1,SVR,28,0.38,0.3730693453664865
P2_rgkf,1,SVR,50,0.35,0.2704758559955202
P2_rgkf,1,SVR,59,0.1,0.0919526689316168
P2_rgkf,1,SVR,60,0.02,0.1018481494519266
P2_rgkf,1,SVR,68,0.15,0.1786920164734707
P2_rgkf,1,SVR,75,0.19,0.1541575076966775
P2_rgkf,1,SVR,76,0.18,0.1728075816004916
P2_rgkf,1,SVR,80,0.15,0.1797899743460573
P2_rgkf,1,SVR,83,0.15,0.2848387400062337
P2_rgkf,1,SVR,84,0.19,0.2190208391573626
P2_rgkf,1,SVR,85,0.15,0.174028962990256
P2_rgkf,1,SVR,89,0.2,0.2612034680937234
P2_rgkf,1,SVR,93,0.2,0.2676718880619475
P2_rgkf,1,SVR,94,0.17,0.1603898261525679
P2_rgkf,1,SVR,96,0.12,0.1267089870075745
P2_rgkf,1,SVR,98,0.64,0.5129810620414883
P2_rgkf,1,SVR,108,0.2,0.2635378845622647
P2_rgkf,1,GPR,13,0.48,0.4563080484747833
P2_rgkf,1,GPR,22,0.23,0.2788752596648574
P2_rgkf,1,GPR,27,0.37,0.3955943678087396
P2_rgkf,1,GPR,28,0.38,0.4229888448412164
P2_rgkf,1,GPR,50,0.35,0.4235798984993977
P2_rgkf,1,GPR,59,0.1,0.0930898725333201
P2_rgkf,1,GPR,60,0.02,0.0806627971421245
P2_rgkf,1,GPR,68,0.15,0.1619088711491053
P2_rgkf,1,GPR,75,0.19,0.1580370378498982
P2_rgkf,1,GPR,76,0.18,0.1898597295784013
P2_rgkf,1,GPR,80,0.15,0.1580444357140261
P2_rgkf,1,GPR,83,0.15,0.2236662663568918
P2_rgkf,1,GPR,84,0.19,0.1833429768370818
P2_rgkf,1,GPR,85,0.15,0.1597174654937173
P2_rgkf,1,GPR,89,0.2,0.155367867277937
P2_rgkf,1,GPR,93,0.2,0.1978239414828354
P2_rgkf,1,GPR,94,0.17,0.167720075354096
P2_rgkf,1,GPR,96,0.12,0.2028718924149966
P2_rgkf,1,GPR,98,0.64,0.5613050582647463
P2_rgkf,1,GPR,108,0.2,0.1563806195624165
P2_rgkf,1,ANN,13,0.48,0.4439391554759751
P2_rgkf,1,ANN,22,0.23,0.2455954363514888
P2_rgkf,1,ANN,27,0.37,0.3971377226035046
P2_rgkf,1,ANN,28,0.38,0.4057775005224816
P2_rgkf,1,ANN,50,0.35,0.3282209333584283
P2_rgkf,1,ANN,59,0.1,0.1024431094178776
P2_rgkf,1,ANN,60,0.02,0.090818898675371
P2_rgkf,1,ANN,68,0.15,0.2103641412000138
P2_rgkf,1,ANN,75,0.19,0.223861309704764
P2_rgkf,1,ANN,76,0.18,0.1711210109014065
P2_rgkf,1,ANN,80,0.15,0.1767968239274048
P2_rgkf,1,ANN,83,0.15,0.1912806909087347
P2_rgkf,1,ANN,84,0.19,0.1551971940726607
P2_rgkf,1,ANN,85,0.15,0.1446280267900696
P2_rgkf,1,ANN,89,0.2,0.336269022057057
P2_rgkf,1,ANN,93,0.2,0.2951131644085918
P2_rgkf,1,ANN,94,0.17,0.1610390717396756
P2_rgkf,1,ANN,96,0.12,0.1105259617718525
P2_rgkf,1,ANN,98,0.64,0.7773332469346071
P2_rgkf,1,ANN,108,0.2,0.3440356725070481
P2_rgkf,1,Mean,2,0.33,0.2908045977011494
P2_rgkf,1,Mean,4,0.46,0.2908045977011494
P2_rgkf,1,Mean,7,0.42,0.2908045977011494
P2_rgkf,1,Mean,8,0.26,0.2908045977011494
P2_rgkf,1,Mean,14,0.48,0.2908045977011494
P2_rgkf,1,Mean,16,0.96,0.2908045977011494
P2_rgkf,1,Mean,23,0.25,0.2908045977011494
P2_rgkf,1,Mean,25,0.3,0.2908045977011494
P2_rgkf,1,Mean,32,0.64,0.2908045977011494
P2_rgkf,1,Mean,35,0.17,0.2908045977011494
P2_rgkf,1,Mean,37,0.13,0.2908045977011494
P2_rgkf,1,Mean,40,0.15,0.2908045977011494
P2_rgkf,1,Mean,47,0.76,0.2908045977011494
P2_rgkf,1,Mean,49,0.55,0.2908045977011494
P2_rgkf,1,Mean,54,0.29,0.2908045977011494
P2_rgkf,1,Mean,69,0.17,0.2908045977011494
P2_rgkf,1,Mean,73,0.21,0.2908045977011494
P2_rgkf,1,Mean,77,0.15,0.2908045977011494
P2_rgkf,1,Mean,78,0.14,0.2908045977011494
P2_rgkf,1,Mean,79,0.2,0.2908045977011494
P2_rgkf,1,Mean,86,0.17,0.2908045977011494
P2_rgkf,1,Mean,100,0.25,0.2908045977011494
P2_rgkf,1,Mean,101,0.2,0.2908045977011494
P2_rgkf,1,MVR,2,0.33,0.390535672251879
P2_rgkf,1,MVR,4,0.46,0.390535672251879
P2_rgkf,1,MVR,7,0.42,0.4538823637735257
P2_rgkf,1,MVR,8,0.26,0.4538823637735257
P2_rgkf,1,MVR,14,0.48,0.4316107032552251
P2_rgkf,1,MVR,16,0.96,0.6020664420541629
P2_rgkf,1,MVR,23,0.25,0.2031189450353269
P2_rgkf,1,MVR,25,0.3,0.2111110184786821
P2_rgkf,1,MVR,32,0.64,0.8076332893468192
P2_rgkf,1,MVR,35,0.17,0.2214076473994729
P2_rgkf,1,MVR,37,0.13,0.2214076473994729
P2_rgkf,1,MVR,40,0.15,0.2691514606588894
P2_rgkf,1,MVR,47,0.76,0.1958806824915966
P2_rgkf,1,MVR,49,0.55,0.2253476502822006
P2_rgkf,1,MVR,54,0.29,0.2208214576057605
P2_rgkf,1,MVR,69,0.17,0.1402836570083911
P2_rgkf,1,MVR,73,0.21,0.2018809323162824
P2_rgkf,1,MVR,77,0.15,0.2272778165035799
P2_rgkf,1,MVR,78,0.14,0.1709234465907555
P2_rgkf,1,MVR,79,0.2,0.2730148988393091
P2_rgkf,1,MVR,86,0.17,0.2073000830778193
P2_rgkf,1,MVR,100,0.25,0.202004777663792
P2_rgkf,1,MVR,101,0.2,0.1657431601485054
P2_rgkf,1,Ridge,2,0.33,0.4349306028044896
P2_rgkf,1,Ridge,4,0.46,0.4349306028044896
P2_rgkf,1,Ridge,7,0.42,0.4644440716370411
P2_rgkf,1,Ridge,8,0.26,0.4644440716370411
P2_rgkf,1,Ridge,14,0.48,0.414433261902281
P2_rgkf,1,Ridge,16,0.96,0.5014951418918869
P2_rgkf,1,Ridge,23,0.25,0.2738533277565914
P2_rgkf,1,Ridge,25,0.3,0.28331044106354
P2_rgkf,1,Ridge,32,0.64,0.7376125696605407
P2_rgkf,1,Ridge,35,0.17,0.2471049047971757
P2_rgkf,1,Ridge,37,0.13,0.2471049047971757
P2_rgkf,1,Ridge,40,0.15,0.2877785606063126
P2_rgkf,1,Ridge,47,0.76,0.2223822635591328
P2_rgkf,1,Ridge,49,0.55,0.2596697352342674
P2_rgkf,1,Ridge,54,0.29,0.2518474675348706
P2_rgkf,1,Ridge,69,0.17,0.1306393028908748
P2_rgkf,1,Ridge,73,0.21,0.2064388325277246
P2_rgkf,1,Ridge,77,0.15,0.2393729443254431
P2_rgkf,1,Ridge,78,0.14,0.1779526427748326
P2_rgkf,1,Ridge,79,0.2,0.3070525433111354
P2_rgkf,1,Ridge,86,0.17,0.1898811584922429
P2_rgkf,1,Ridge,100,0.25,0.2728898956630369
P2_rgkf,1,Ridge,101,0.2,0.1765533348508621
P2_rgkf,1,RF,2,0.33,0.3974464263775442
P2_rgkf,1,RF,4,0.46,0.3974464263775442
P2_rgkf,1,RF,7,0.42,0.4018605247791423
P2_rgkf,1,RF,8,0.26,0.4018605247791423
P2_rgkf,1,RF,14,0.48,0.4753395673444202
P2_rgkf,1,RF,16,0.96,0.5939970101842608
P2_rgkf,1,RF,23,0.25,0.3623146545382727
P2_rgkf,1,RF,25,0.3,0.3637491855628036
P2_rgkf,1,RF,32,0.64,0.5935052041014546
P2_rgkf,1,RF,35,0.17,0.1724240627460773
P2_rgkf,1,RF,37,0.13,0.1724240627460773
P2_rgkf,1,RF,40,0.15,0.2015793601986248
P2_rgkf,1,RF,47,0.76,0.3379406410811413
P2_rgkf,1,RF,49,0.55,0.3383336887001889
P2_rgkf,1,RF,54,0.29,0.2923198647186147
P2_rgkf,1,RF,69,0.17,0.1646202082982376
P2_rgkf,1,RF,73,0.21,0.1963327270295065
P2_rgkf,1,RF,77,0.15,0.1789878509546011
P2_rgkf,1,RF,78,0.14,0.1675768487623488
P2_rgkf,1,RF,79,0.2,0.1810312403707405
P2_rgkf,1,RF,86,0.17,0.1969381136641138
P2_rgkf,1,RF,100,0.25,0.3623146545382727
P2_rgkf,1,RF,101,0.2,0.1805648253805018
P2_rgkf,1,ET,2,0.33,0.4120657050792342
P2_rgkf,1,ET,4,0.46,0.4120657050792342
P2_rgkf,1,ET,7,0.42,0.4122399378834676
P2_rgkf,1,ET,8,0.26,0.4122399378834676
P2_rgkf,1,ET,14,0.48,0.4865467410802705
P2_rgkf,1,ET,16,0.96,0.5950061309523813
P2_rgkf,1,ET,23,0.25,0.3131821841557134
P2_rgkf,1,ET,25,0.3,0.3225499366809657
P2_rgkf,1,ET,32,0.64,0.5688198214285713
P2_rgkf,1,ET,35,0.17,0.1684165734728233
P2_rgkf,1,ET,37,0.13,0.1684165734728233
P2_rgkf,1,ET,40,0.15,0.2070014676527174
P2_rgkf,1,ET,47,0.76,0.3406985449735454
P2_rgkf,1,ET,49,0.55,0.3381176863876868
P2_rgkf,1,ET,54,0.29,0.277087899902385
P2_rgkf,1,ET,69,0.17,0.1690285611696523
P2_rgkf,1,ET,73,0.21,0.194990601814193
P2_rgkf,1,ET,77,0.15,0.1809372949358859
P2_rgkf,1,ET,78,0.14,0.1788977362538275
P2_rgkf,1,ET,79,0.2,0.2029689009116099
P2_rgkf,1,ET,86,0.17,0.1885464870509608
P2_rgkf,1,ET,100,0.25,0.3131821841557134
P2_rgkf,1,ET,101,0.2,0.1843953751803756
P2_rgkf,1,XGB,2,0.33,0.4153814315795898
P2_rgkf,1,XGB,4,0.46,0.4153814315795898
P2_rgkf,1,XGB,7,0.42,0.4228970110416412
P2_rgkf,1,XGB,8,0.26,0.4228970110416412
P2_rgkf,1,XGB,14,0.48,0.4280572235584259
P2_rgkf,1,XGB,16,0.96,0.5757591724395752
P2_rgkf,1,XGB,23,0.25,0.2696071267127991
P2_rgkf,1,XGB,25,0.3,0.2730877995491028
P2_rgkf,1,XGB,32,0.64,0.5432408452033997
P2_rgkf,1,XGB,35,0.17,0.1824173480272293
P2_rgkf,1,XGB,37,0.13,0.1824173480272293
P2_rgkf,1,XGB,40,0.15,0.2257665991783142
P2_rgkf,1,XGB,47,0.76,0.328232854604721
P2_rgkf,1,XGB,49,0.55,0.3291608989238739
P2_rgkf,1,XGB,54,0.29,0.3393000662326813
P2_rgkf,1,XGB,69,0.17,0.1585046052932739
P2_rgkf,1,XGB,73,0.21,0.2066371440887451
P2_rgkf,1,XGB,77,0.15,0.2047330141067505
P2_rgkf,1,XGB,78,0.14,0.1716936230659485
P2_rgkf,1,XGB,79,0.2,0.2020667195320129
P2_rgkf,1,XGB,86,0.17,0.1908611506223678
P2_rgkf,1,XGB,100,0.25,0.2696071267127991
P2_rgkf,1,XGB,101,0.2,0.1915834993124008
P2_rgkf,1,LGBM,2,0.33,0.4169179986410704
P2_rgkf,1,LGBM,4,0.46,0.4169179986410704
P2_rgkf,1,LGBM,7,0.42,0.4109501460527295
P2_rgkf,1,LGBM,8,0.26,0.4109501460527295
P2_rgkf,1,LGBM,14,0.48,0.4572622051428819
P2_rgkf,1,LGBM,16,0.96,0.6271579609672401
P2_rgkf,1,LGBM,23,0.25,0.2774721971550904
P2_rgkf,1,LGBM,25,0.3,0.2706979427713891
P2_rgkf,1,LGBM,32,0.64,0.5833957426665591
P2_rgkf,1,LGBM,35,0.17,0.1675262153758465
P2_rgkf,1,LGBM,37,0.13,0.1675262153758465
P2_rgkf,1,LGBM,40,0.15,0.2676392493004744
P2_rgkf,1,LGBM,47,0.76,0.3333004923558005
P2_rgkf,1,LGBM,49,0.55,0.3382690944975559
P2_rgkf,1,LGBM,54,0.29,0.2746056765511867
P2_rgkf,1,LGBM,69,0.17,0.1416313927655169
P2_rgkf,1,LGBM,73,0.21,0.1885051499020335
P2_rgkf,1,LGBM,77,0.15,0.2011980053001201
P2_rgkf,1,LGBM,78,0.14,0.1741494743539003
P2_rgkf,1,LGBM,79,0.2,0.1869711335799453
P2_rgkf,1,LGBM,86,0.17,0.1723451965055504
P2_rgkf,1,LGBM,100,0.25,0.2774721971550904
P2_rgkf,1,LGBM,101,0.2,0.1943298098580768
P2_rgkf,1,CatB,2,0.33,0.405778765142364
P2_rgkf,1,CatB,4,0.46,0.405778765142364
P2_rgkf,1,CatB,7,0.42,0.4105801293649203
P2_rgkf,1,CatB,8,0.26,0.4105801293649203
P2_rgkf,1,CatB,14,0.48,0.4599425729979433
P2_rgkf,1,CatB,16,0.96,0.5749207219573615
P2_rgkf,1,CatB,23,0.25,0.3136174426158542
P2_rgkf,1,CatB,25,0.3,0.3189881836107754
P2_rgkf,1,CatB,32,0.64,0.5755453803058069
P2_rgkf,1,CatB,35,0.17,0.2039903051358097
P2_rgkf,1,CatB,37,0.13,0.2039903051358097
P2_rgkf,1,CatB,40,0.15,0.247703255765699
P2_rgkf,1,CatB,47,0.76,0.3091713276848573
P2_rgkf,1,CatB,49,0.55,0.3099161121843371
P2_rgkf,1,CatB,54,0.29,0.2909644395690072
P2_rgkf,1,CatB,69,0.17,0.1744574046556979
P2_rgkf,1,CatB,73,0.21,0.2227852912789683
P2_rgkf,1,CatB,77,0.15,0.2032904403943059
P2_rgkf,1,CatB,78,0.14,0.1777244740158736
P2_rgkf,1,CatB,79,0.2,0.2039099981987732
P2_rgkf,1,CatB,86,0.17,0.1809702155211378
P2_rgkf,1,CatB,100,0.25,0.3136174426158542
P2_rgkf,1,CatB,101,0.2,0.1991236182962326
P2_rgkf,1,SVR,2,0.33,0.4283130135957357
P2_rgkf,1,SVR,4,0.46,0.4283130135957357
P2_rgkf,1,SVR,7,0.42,0.4718857070495192
P2_rgkf,1,SVR,8,0.26,0.4718857070495192
P2_rgkf,1,SVR,14,0.48,0.3951605900234677
P2_rgkf,1,SVR,16,0.96,0.5359222888752826
P2_rgkf,1,SVR,23,0.25,0.2254021573500157
P2_rgkf,1,SVR,25,0.3,0.2532569375357469
P2_rgkf,1,SVR,32,0.64,0.4357350653614794
P2_rgkf,1,SVR,35,0.17,0.2041392572266953
P2_rgkf,1,SVR,37,0.13,0.2041392572266953
P2_rgkf,1,SVR,40,0.15,0.19490866067239
P2_rgkf,1,SVR,47,0.76,0.2394496374392691
P2_rgkf,1,SVR,49,0.55,0.3066953947338384
P2_rgkf,1,SVR,54,0.29,0.2837331705849752
P2_rgkf,1,SVR,69,0.17,0.1565561204631216
P2_rgkf,1,SVR,73,0.21,0.200372725250849
P2_rgkf,1,SVR,77,0.15,0.1985789883944554
P2_rgkf,1,SVR,78,0.14,0.1479631332990476
P2_rgkf,1,SVR,79,0.2,0.2144743038153879
P2_rgkf,1,SVR,86,0.17,0.1850021958810908
P2_rgkf,1,SVR,100,0.25,0.2244178411995563
P2_rgkf,1,SVR,101,0.2,0.1761122540086307
P2_rgkf,1,GPR,2,0.33,0.4247428129558881
P2_rgkf,1,GPR,4,0.46,0.4247428129558881
P2_rgkf,1,GPR,7,0.42,0.413030577782525
P2_rgkf,1,GPR,8,0.26,0.413030577782525
P2_rgkf,1,GPR,14,0.48,0.4524149706282167
P2_rgkf,1,GPR,16,0.96,0.711397064527503
P2_rgkf,1,GPR,23,0.25,0.2436645702073531
P2_rgkf,1,GPR,25,0.3,0.2431018873794043
P2_rgkf,1,GPR,32,0.64,0.5646708791491226
P2_rgkf,1,GPR,35,0.17,0.1569305854872174
P2_rgkf,1,GPR,37,0.13,0.1569305854872174
P2_rgkf,1,GPR,40,0.15,0.1569305664378676
P2_rgkf,1,GPR,47,0.76,0.345908522317629
P2_rgkf,1,GPR,49,0.55,0.3459083205611707
P2_rgkf,1,GPR,54,0.29,0.3207324457625495
P2_rgkf,1,GPR,69,0.17,0.1808193618817656
P2_rgkf,1,GPR,73,0.21,0.1770952636387321
P2_rgkf,1,GPR,77,0.15,0.2000275211705735
P2_rgkf,1,GPR,78,0.14,0.169806287245378
P2_rgkf,1,GPR,79,0.2,0.1804874244537091
P2_rgkf,1,GPR,86,0.17,0.1988774046042466
P2_rgkf,1,GPR,100,0.25,0.2438351946800593
P2_rgkf,1,GPR,101,0.2,0.1778750956242683
P2_rgkf,1,ANN,2,0.33,0.4254879410317049
P2_rgkf,1,ANN,4,0.46,0.4254879410317049
P2_rgkf,1,ANN,7,0.42,0.430229597939143
P2_rgkf,1,ANN,8,0.26,0.430229597939143
P2_rgkf,1,ANN,14,0.48,0.4609557465712784
P2_rgkf,1,ANN,16,0.96,0.6754198827284277
P2_rgkf,1,ANN,23,0.25,0.2230187642314457
P2_rgkf,1,ANN,25,0.3,0.2827059609284811
P2_rgkf,1,ANN,32,0.64,0.379307753625531
P2_rgkf,1,ANN,35,0.17,0.1577752427149872
P2_rgkf,1,ANN,37,0.13,0.1577752427149872
P2_rgkf,1,ANN,40,0.15,0.1850354472835329
P2_rgkf,1,ANN,47,0.76,0.3878296499346854
P2_rgkf,1,ANN,49,0.55,0.2824522822605514
P2_rgkf,1,ANN,54,0.29,0.2966827438236323
P2_rgkf,1,ANN,69,0.17,0.1498661716071091
P2_rgkf,1,ANN,73,0.21,0.2260593296282678
P2_rgkf,1,ANN,77,0.15,0.2101022667085383
P2_rgkf,1,ANN,78,0.14,0.1463099439121924
P2_rgkf,1,ANN,79,0.2,0.1530991231015081
P2_rgkf,1,ANN,86,0.17,0.1830042933736588
P2_rgkf,1,ANN,100,0.25,0.2225031788709729
P2_rgkf,1,ANN,101,0.2,0.153268542846302
P2_rgkf,1,Mean,0,0.37,0.2940449438202247
P2_rgkf,1,Mean,1,0.37,0.2940449438202247
P2_rgkf,1,Mean,3,0.42,0.2940449438202247
P2_rgkf,1,Mean,5,0.37,0.2940449438202247
P2_rgkf,1,Mean,12,0.46,0.2940449438202247
P2_rgkf,1,Mean,17,0.76,0.2940449438202247
P2_rgkf,1,Mean,18,0.53,0.2940449438202247
P2_rgkf,1,Mean,30,0.54,0.2940449438202247
P2_rgkf,1,Mean,33,0.54,0.2940449438202247
P2_rgkf,1,Mean,43,0.16,0.2940449438202247
P2_rgkf,1,Mean,46,0.44,0.2940449438202247
P2_rgkf,1,Mean,51,0.23,0.2940449438202247
P2_rgkf,1,Mean,55,0.1,0.2940449438202247
P2_rgkf,1,Mean,56,0.09,0.2940449438202247
P2_rgkf,1,Mean,72,0.21,0.2940449438202247
P2_rgkf,1,Mean,74,0.15,0.2940449438202247
P2_rgkf,1,Mean,92,0.14,0.2940449438202247
P2_rgkf,1,Mean,97,0.47,0.2940449438202247
P2_rgkf,1,Mean,103,0.08,0.2940449438202247
P2_rgkf,1,Mean,106,0.17,0.2940449438202247
P2_rgkf,1,Mean,109,0.17,0.2940449438202247
P2_rgkf,1,MVR,0,0.37,0.2652369623894508
P2_rgkf,1,MVR,1,0.37,0.2652369623894508
P2_rgkf,1,MVR,3,0.42,0.3482822485946089
P2_rgkf,1,MVR,5,0.37,0.615301409923991
P2_rgkf,1,MVR,12,0.46,0.4039475267543792
P2_rgkf,1,MVR,17,0.76,0.5339414161354796
P2_rgkf,1,MVR,18,0.53,0.6521841566824171
P2_rgkf,1,MVR,30,0.54,0.6486151097040113
P2_rgkf,1,MVR,33,0.54,0.5437804520124777
P2_rgkf,1,MVR,43,0.16,0.2057927140827309
P2_rgkf,1,MVR,46,0.44,0.2381113454342942
P2_rgkf,1,MVR,51,0.23,0.4077366734300824
P2_rgkf,1,MVR,55,0.1,0.1131832655132051
P2_rgkf,1,MVR,56,0.09,0.0667374957086695
P2_rgkf,1,MVR,72,0.21,0.1865043089438446
P2_rgkf,1,MVR,74,0.15,0.2129878665400685
P2_rgkf,1,MVR,92,0.14,0.1503671926885685
P2_rgkf,1,MVR,97,0.47,0.3482822485946089
P2_rgkf,1,MVR,103,0.08,0.0621847238002154
P2_rgkf,1,MVR,106,0.17,0.1631248390554611
P2_rgkf,1,MVR,109,0.17,0.2616065131735701
P2_rgkf,1,Ridge,0,0.37,0.376269266014765
P2_rgkf,1,Ridge,1,0.37,0.376269266014765
P2_rgkf,1,Ridge,3,0.42,0.4183527477690734
P2_rgkf,1,Ridge,5,0.37,0.5247176138893465
P2_rgkf,1,Ridge,12,0.46,0.4175632564524196
P2_rgkf,1,Ridge,17,0.76,0.4825629082562641
P2_rgkf,1,Ridge,18,0.53,0.5251308241321349
P2_rgkf,1,Ridge,30,0.54,0.6592296811269169
P2_rgkf,1,Ridge,33,0.54,0.5878021649568819
P2_rgkf,1,Ridge,43,0.16,0.2154203320543564
P2_rgkf,1,Ridge,46,0.44,0.2901537852003748
P2_rgkf,1,Ridge,51,0.23,0.4120375004675654
P2_rgkf,1,Ridge,55,0.1,0.2116696322652935
P2_rgkf,1,Ridge,56,0.09,0.0724852448097092
P2_rgkf,1,Ridge,72,0.21,0.187699873166541
P2_rgkf,1,Ridge,74,0.15,0.2359167690824503
P2_rgkf,1,Ridge,92,0.14,0.1763167067633966
P2_rgkf,1,Ridge,97,0.47,0.4183527477690734
P2_rgkf,1,Ridge,103,0.08,0.0663735387193637
P2_rgkf,1,Ridge,106,0.17,0.1792802336163111
P2_rgkf,1,Ridge,109,0.17,0.2729835089803524
P2_rgkf,1,RF,0,0.37,0.3777980059523821
P2_rgkf,1,RF,1,0.37,0.3777980059523821
P2_rgkf,1,RF,3,0.42,0.3684095535714288
P2_rgkf,1,RF,5,0.37,0.5391316666666638
P2_rgkf,1,RF,12,0.46,0.5066675000000006
P2_rgkf,1,RF,17,0.76,0.5198881249999989
P2_rgkf,1,RF,18,0.53,0.5778902083333336
P2_rgkf,1,RF,30,0.54,0.5634374999999939
P2_rgkf,1,RF,33,0.54,0.6286062499999966
P2_rgkf,1,RF,43,0.16,0.1994708413104456
P2_rgkf,1,RF,46,0.44,0.4338630952380962
P2_rgkf,1,RF,51,0.23,0.4030881249999999
P2_rgkf,1,RF,55,0.1,0.0898588938492069
P2_rgkf,1,RF,56,0.09,0.1005039583333328
P2_rgkf,1,RF,72,0.21,0.1907892777155866
P2_rgkf,1,RF,74,0.15,0.1721392440271184
P2_rgkf,1,RF,92,0.14,0.1942450792154284
P2_rgkf,1,RF,97,0.47,0.3684095535714288
P2_rgkf,1,RF,103,0.08,0.1005039583333328
P2_rgkf,1,RF,106,0.17,0.1929314141588112
P2_rgkf,1,RF,109,0.17,0.1700870858662216
P2_rgkf,1,ET,0,0.37,0.3710059027777782
P2_rgkf,1,ET,1,0.37,0.3710059027777782
P2_rgkf,1,ET,3,0.42,0.3684176605339108
P2_rgkf,1,ET,5,0.37,0.4615608680555539
P2_rgkf,1,ET,12,0.46,0.4944468154761891
P2_rgkf,1,ET,17,0.76,0.6004040228174577
P2_rgkf,1,ET,18,0.53,0.6173662003968229
P2_rgkf,1,ET,30,0.54,0.6147968750000067
P2_rgkf,1,ET,33,0.54,0.6046770932539741
P2_rgkf,1,ET,43,0.16,0.196718044182568
P2_rgkf,1,ET,46,0.44,0.3875790431859812
P2_rgkf,1,ET,51,0.23,0.4187865675366297
P2_rgkf,1,ET,55,0.1,0.1591432566029604
P2_rgkf,1,ET,56,0.09,0.1103930014430021
P2_rgkf,1,ET,72,0.21,0.2037996346652176
P2_rgkf,1,ET,74,0.15,0.1763423355966284
P2_rgkf,1,ET,92,0.14,0.1845157921013448
P2_rgkf,1,ET,97,0.47,0.3684176605339108
P2_rgkf,1,ET,103,0.08,0.1099485131389085
P2_rgkf,1,ET,106,0.17,0.2002103247413705
P2_rgkf,1,ET,109,0.17,0.1901856660932378
P2_rgkf,1,XGB,0,0.37,0.3620761334896087
P2_rgkf,1,XGB,1,0.37,0.3620761334896087
P2_rgkf,1,XGB,3,0.42,0.3415516018867492
P2_rgkf,1,XGB,5,0.37,0.5803704857826233
P2_rgkf,1,XGB,12,0.46,0.4741461277008056
P2_rgkf,1,XGB,17,0.76,0.4755662679672241
P2_rgkf,1,XGB,18,0.53,0.5089114904403687
P2_rgkf,1,XGB,30,0.54,0.6270689964294434
P2_rgkf,1,XGB,33,0.54,0.6059381365776062
P2_rgkf,1,XGB,43,0.16,0.1797449588775634
P2_rgkf,1,XGB,46,0.44,0.3948981463909149
P2_rgkf,1,XGB,51,0.23,0.4132725894451141
P2_rgkf,1,XGB,55,0.1,0.0746226906776428
P2_rgkf,1,XGB,56,0.09,0.088448479771614
P2_rgkf,1,XGB,72,0.21,0.2057377249002456
P2_rgkf,1,XGB,74,0.15,0.1916969716548919
P2_rgkf,1,XGB,92,0.14,0.1489614099264145
P2_rgkf,1,XGB,97,0.47,0.3415516018867492
P2_rgkf,1,XGB,103,0.08,0.088448479771614
P2_rgkf,1,XGB,106,0.17,0.1690351963043213
P2_rgkf,1,XGB,109,0.17,0.2040283232927322
P2_rgkf,1,LGBM,0,0.37,0.2961077928984209
P2_rgkf,1,LGBM,1,0.37,0.2961077928984209
P2_rgkf,1,LGBM,3,0.42,0.3260437267397826
P2_rgkf,1,LGBM,5,0.37,0.506027867940321
P2_rgkf,1,LGBM,12,0.46,0.4973462560177236
P2_rgkf,1,LGBM,17,0.76,0.5214824999124712
P2_rgkf,1,LGBM,18,0.53,0.4838224316087358
P2_rgkf,1,LGBM,30,0.54,0.6149931002366026
P2_rgkf,1,LGBM,33,0.54,0.6239170341585355
P2_rgkf,1,LGBM,43,0.16,0.2013511965312176
P2_rgkf,1,LGBM,46,0.44,0.4259389239586578
P2_rgkf,1,LGBM,51,0.23,0.4608957961224176
P2_rgkf,1,LGBM,55,0.1,0.0473376449963021
P2_rgkf,1,LGBM,56,0.09,0.0589053961424419
P2_rgkf,1,LGBM,72,0.21,0.2731066161257188
P2_rgkf,1,LGBM,74,0.15,0.2367581173991781
P2_rgkf,1,LGBM,92,0.14,0.2059943268070294
P2_rgkf,1,LGBM,97,0.47,0.3260437267397826
P2_rgkf,1,LGBM,103,0.08,0.0589053961424419
P2_rgkf,1,LGBM,106,0.17,0.2090075929960491
P2_rgkf,1,LGBM,109,0.17,0.2293371463778435
P2_rgkf,1,CatB,0,0.37,0.3536441714341397
P2_rgkf,1,CatB,1,0.37,0.3536441714341397
P2_rgkf,1,CatB,3,0.42,0.3365112791879634
P2_rgkf,1,CatB,5,0.37,0.6030584686739502
P2_rgkf,1,CatB,12,0.46,0.4533618449197339
P2_rgkf,1,CatB,17,0.76,0.4851651714448647
P2_rgkf,1,CatB,18,0.53,0.5489844805556741
P2_rgkf,1,CatB,30,0.54,0.5239683866004234
P2_rgkf,1,CatB,33,0.54,0.5799428089297558
P2_rgkf,1,CatB,43,0.16,0.159411897224542
P2_rgkf,1,CatB,46,0.44,0.3775398581918275
P2_rgkf,1,CatB,51,0.23,0.4121394330454389
P2_rgkf,1,CatB,55,0.1,0.0461368690095563
P2_rgkf,1,CatB,56,0.09,0.0818103479075968
P2_rgkf,1,CatB,72,0.21,0.2177311707875029
P2_rgkf,1,CatB,74,0.15,0.1887933522470882
P2_rgkf,1,CatB,92,0.14,0.1865709739240862
P2_rgkf,1,CatB,97,0.47,0.3365112791879634
P2_rgkf,1,CatB,103,0.08,0.0818103479075968
P2_rgkf,1,CatB,106,0.17,0.1742678011803797
P2_rgkf,1,CatB,109,0.17,0.2104637399116252
P2_rgkf,1,SVR,0,0.37,0.2666950917347527
P2_rgkf,1,SVR,1,0.37,0.2666950917347527
P2_rgkf,1,SVR,3,0.42,0.3273983719619818
P2_rgkf,1,SVR,5,0.37,0.5234688726634196
P2_rgkf,1,SVR,12,0.46,0.3937447041253942
P2_rgkf,1,SVR,17,0.76,0.5616455550551421
P2_rgkf,1,SVR,18,0.53,0.6326140875753248
P2_rgkf,1,SVR,30,0.54,0.6054063744918771
P2_rgkf,1,SVR,33,0.54,0.5531413599276389
P2_rgkf,1,SVR,43,0.16,0.1494089231820757
P2_rgkf,1,SVR,46,0.44,0.2865398894762374
P2_rgkf,1,SVR,51,0.23,0.5110936577338826
P2_rgkf,1,SVR,55,0.1,0.0314230631675194
P2_rgkf,1,SVR,56,0.09,0.0958568011568507
P2_rgkf,1,SVR,72,0.21,0.3231160956148626
P2_rgkf,1,SVR,74,0.15,0.1807399408467447
P2_rgkf,1,SVR,92,0.14,0.1277989861727274
P2_rgkf,1,SVR,97,0.47,0.3273983719619818
P2_rgkf,1,SVR,103,0.08,0.0937279261226191
P2_rgkf,1,SVR,106,0.17,0.1619445923156229
P2_rgkf,1,SVR,109,0.17,0.2428535395974608
P2_rgkf,1,GPR,0,0.37,0.3803775261829494
P2_rgkf,1,GPR,1,0.37,0.3803775261829494
P2_rgkf,1,GPR,3,0.42,0.3759068412954073
P2_rgkf,1,GPR,5,0.37,0.3998569736191691
P2_rgkf,1,GPR,12,0.46,0.4610486589322171
P2_rgkf,1,GPR,17,0.76,0.7832410806857518
P2_rgkf,1,GPR,18,0.53,0.5879459906169595
P2_rgkf,1,GPR,30,0.54,0.597313365320436
P2_rgkf,1,GPR,33,0.54,0.5961058250889292
P2_rgkf,1,GPR,43,0.16,0.1907268994727335
P2_rgkf,1,GPR,46,0.44,0.4063709103751006
P2_rgkf,1,GPR,51,0.23,0.4454769368119454
P2_rgkf,1,GPR,55,0.1,0.0462415004317248
P2_rgkf,1,GPR,56,0.09,0.084288290562138
P2_rgkf,1,GPR,72,0.21,0.1951427354134376
P2_rgkf,1,GPR,74,0.15,0.1674902794433289
P2_rgkf,1,GPR,92,0.14,0.1631264253073445
P2_rgkf,1,GPR,97,0.47,0.3759068412954073
P2_rgkf,1,GPR,103,0.08,0.0812271233268439
P2_rgkf,1,GPR,106,0.17,0.1881182451534036
P2_rgkf,1,GPR,109,0.17,0.177684968408427
P2_rgkf,1,ANN,0,0.37,0.3734222862548414
P2_rgkf,1,ANN,1,0.37,0.3734222862548414
P2_rgkf,1,ANN,3,0.42,0.3595584288275517
P2_rgkf,1,ANN,5,0.37,0.5005314776739457
P2_rgkf,1,ANN,12,0.46,0.4508902732506726
P2_rgkf,1,ANN,17,0.76,0.63684345581424
P2_rgkf,1,ANN,18,0.53,0.5729185235494563
P2_rgkf,1,ANN,30,0.54,0.5975010051232411
P2_rgkf,1,ANN,33,0.54,0.5969369466376382
P2_rgkf,1,ANN,43,0.16,0.1753171275595071
P2_rgkf,1,ANN,46,0.44,0.3163797280393801
P2_rgkf,1,ANN,51,0.23,0.4183929051462958
P2_rgkf,1,ANN,55,0.1,0.0233152505989771
P2_rgkf,1,ANN,56,0.09,0.0816214669923445
P2_rgkf,1,ANN,72,0.21,0.2415239371992865
P2_rgkf,1,ANN,74,0.15,0.1650758656116069
P2_rgkf,1,ANN,92,0.14,0.1783554659159448
P2_rgkf,1,ANN,97,0.47,0.3595584288275517
P2_rgkf,1,ANN,103,0.08,0.079614135842502
P2_rgkf,1,ANN,106,0.17,0.1807852360207188
P2_rgkf,1,ANN,109,0.17,0.2660867874703942
P2_rgkf,1,Mean,6,0.64,0.2975555555555556
P2_rgkf,1,Mean,9,0.42,0.2975555555555556
P2_rgkf,1,Mean,10,0.31,0.2975555555555556
P2_rgkf,1,Mean,11,0.38,0.2975555555555556
P2_rgkf,1,Mean,15,0.75,0.2975555555555556
P2_rgkf,1,Mean,26,0.38,0.2975555555555556
P2_rgkf,1,Mean,31,0.51,0.2975555555555556
P2_rgkf,1,Mean,36,0.17,0.2975555555555556
P2_rgkf,1,Mean,38,0.17,0.2975555555555556
P2_rgkf,1,Mean,39,0.13,0.2975555555555556
P2_rgkf,1,Mean,41,0.18,0.2975555555555556
P2_rgkf,1,Mean,45,0.21,0.2975555555555556
P2_rgkf,1,Mean,48,0.35,0.2975555555555556
P2_rgkf,1,Mean,52,0.4,0.2975555555555556
P2_rgkf,1,Mean,71,0.16,0.2975555555555556
P2_rgkf,1,Mean,81,0.14,0.2975555555555556
P2_rgkf,1,Mean,82,0.15,0.2975555555555556
P2_rgkf,1,Mean,90,0.27,0.2975555555555556
P2_rgkf,1,Mean,105,0.23,0.2975555555555556
P2_rgkf,1,Mean,107,0.21,0.2975555555555556
P2_rgkf,1,MVR,6,0.64,0.5411733920005418
P2_rgkf,1,MVR,9,0.42,0.5015611334466786
P2_rgkf,1,MVR,10,0.31,0.5470783174292416
P2_rgkf,1,MVR,11,0.38,0.5470783174292416
P2_rgkf,1,MVR,15,0.75,0.5545895648550219
P2_rgkf,1,MVR,26,0.38,0.2694398172816314
P2_rgkf,1,MVR,31,0.51,0.652059079481556
P2_rgkf,1,MVR,36,0.17,0.2128910119399521
P2_rgkf,1,MVR,38,0.17,0.2107171622203869
P2_rgkf,1,MVR,39,0.13,0.2358988357346554
P2_rgkf,1,MVR,41,0.18,0.1474528941487584
P2_rgkf,1,MVR,45,0.21,0.1708010130478742
P2_rgkf,1,MVR,48,0.35,0.2778920109807503
P2_rgkf,1,MVR,52,0.4,0.2747345156115852
P2_rgkf,1,MVR,71,0.16,0.2303692339958181
P2_rgkf,1,MVR,81,0.14,0.1910611448733298
P2_rgkf,1,MVR,82,0.15,0.1932398572304
P2_rgkf,1,MVR,90,0.27,0.1341989486128105
P2_rgkf,1,MVR,105,0.23,0.2037033502037337
P2_rgkf,1,MVR,107,0.21,0.2247673944584714
P2_rgkf,1,Ridge,6,0.64,0.4886563961304301
P2_rgkf,1,Ridge,9,0.42,0.4741558897307209
P2_rgkf,1,Ridge,10,0.31,0.4912323999711368
P2_rgkf,1,Ridge,11,0.38,0.4912323999711368
P2_rgkf,1,Ridge,15,0.75,0.4882263691951485
P2_rgkf,1,Ridge,26,0.38,0.3256320165135506
P2_rgkf,1,Ridge,31,0.51,0.6452782484510117
P2_rgkf,1,Ridge,36,0.17,0.2451207115184452
P2_rgkf,1,Ridge,38,0.17,0.2424185887786472
P2_rgkf,1,Ridge,39,0.13,0.2694398161766279
P2_rgkf,1,Ridge,41,0.18,0.1583863829882397
P2_rgkf,1,Ridge,45,0.21,0.1656533955670019
P2_rgkf,1,Ridge,48,0.35,0.3239285754459241
P2_rgkf,1,Ridge,52,0.4,0.3384175447922595
P2_rgkf,1,Ridge,71,0.16,0.2605730364420961
P2_rgkf,1,Ridge,81,0.14,0.1969826890551072
P2_rgkf,1,Ridge,82,0.15,0.1877944719663653
P2_rgkf,1,Ridge,90,0.27,0.1226456185357426
P2_rgkf,1,Ridge,105,0.23,0.2093345502165948
P2_rgkf,1,Ridge,107,0.21,0.2026318606985514
P2_rgkf,1,RF,6,0.64,0.3917192857142874
P2_rgkf,1,RF,9,0.42,0.3624535374149666
P2_rgkf,1,RF,10,0.31,0.3893708843537418
P2_rgkf,1,RF,11,0.38,0.3893708843537418
P2_rgkf,1,RF,15,0.75,0.7418142857142842
P2_rgkf,1,RF,26,0.38,0.4132646258503396
P2_rgkf,1,RF,31,0.51,0.5773285714285734
P2_rgkf,1,RF,36,0.17,0.1570708267129699
P2_rgkf,1,RF,38,0.17,0.1562289219510651
P2_rgkf,1,RF,39,0.13,0.175497209932925
P2_rgkf,1,RF,41,0.18,0.1593160534703396
P2_rgkf,1,RF,45,0.21,0.1876317852782136
P2_rgkf,1,RF,48,0.35,0.4308866666666666
P2_rgkf,1,RF,52,0.4,0.5270676190476197
P2_rgkf,1,RF,71,0.16,0.1827140380254676
P2_rgkf,1,RF,81,0.14,0.1412326643990938
P2_rgkf,1,RF,82,0.15,0.1624769363969376
P2_rgkf,1,RF,90,0.27,0.157669648526078
P2_rgkf,1,RF,105,0.23,0.1439027494331072
P2_rgkf,1,RF,107,0.21,0.2054223861852428
P2_rgkf,1,ET,6,0.64,0.3727446941674888
P2_rgkf,1,ET,9,0.42,0.3716814605492554
P2_rgkf,1,ET,10,0.31,0.3712323925801873
P2_rgkf,1,ET,11,0.38,0.3712323925801873
P2_rgkf,1,ET,15,0.75,0.7540793724086375
P2_rgkf,1,ET,26,0.38,0.3936647864036827
P2_rgkf,1,ET,31,0.51,0.5809378622303624
P2_rgkf,1,ET,36,0.17,0.1573031138939915
P2_rgkf,1,ET,38,0.17,0.1578681932590709
P2_rgkf,1,ET,39,0.13,0.1636987452071229
P2_rgkf,1,ET,41,0.18,0.1819421306076518
P2_rgkf,1,ET,45,0.21,0.1915518647972799
P2_rgkf,1,ET,48,0.35,0.4229682043221193
P2_rgkf,1,ET,52,0.4,0.4344896338505824
P2_rgkf,1,ET,71,0.16,0.19328464467578
P2_rgkf,1,ET,81,0.14,0.1521307293777406
P2_rgkf,1,ET,82,0.15,0.1777014145851246
P2_rgkf,1,ET,90,0.27,0.1444779593741569
P2_rgkf,1,ET,105,0.23,0.1669103600234666
P2_rgkf,1,ET,107,0.21,0.2055975460999064
P2_rgkf,1,XGB,6,0.64,0.3184916079044342
P2_rgkf,1,XGB,9,0.42,0.3257964253425598
P2_rgkf,1,XGB,10,0.31,0.4268489181995392
P2_rgkf,1,XGB,11,0.38,0.4268489181995392
P2_rgkf,1,XGB,15,0.75,0.8309322595596313
P2_rgkf,1,XGB,26,0.38,0.3944888412952423
P2_rgkf,1,XGB,31,0.51,0.5706908106803894
P2_rgkf,1,XGB,36,0.17,0.1568904966115951
P2_rgkf,1,XGB,38,0.17,0.1568904966115951
P2_rgkf,1,XGB,39,0.13,0.1458361446857452
P2_rgkf,1,XGB,41,0.18,0.1742621511220932
P2_rgkf,1,XGB,45,0.21,0.2179701626300811
P2_rgkf,1,XGB,48,0.35,0.456966757774353
P2_rgkf,1,XGB,52,0.4,0.5859007239341736
P2_rgkf,1,XGB,71,0.16,0.1725311130285263
P2_rgkf,1,XGB,81,0.14,0.1389379799365997
P2_rgkf,1,XGB,82,0.15,0.1842442750930786
P2_rgkf,1,XGB,90,0.27,0.1228938251733779
P2_rgkf,1,XGB,105,0.23,0.1567858755588531
P2_rgkf,1,XGB,107,0.21,0.2164356708526611
P2_rgkf,1,LGBM,6,0.64,0.3167250481938755
P2_rgkf,1,LGBM,9,0.42,0.3110343429386328
P2_rgkf,1,LGBM,10,0.31,0.3286242142348682
P2_rgkf,1,LGBM,11,0.38,0.3286242142348682
P2_rgkf,1,LGBM,15,0.75,0.8000960075512243
P2_rgkf,1,LGBM,26,0.38,0.4041817980942526
P2_rgkf,1,LGBM,31,0.51,0.546772201129292
P2_rgkf,1,LGBM,36,0.17,0.1475628346180923
P2_rgkf,1,LGBM,38,0.17,0.1333276510273751
P2_rgkf,1,LGBM,39,0.13,0.1467259309165714
P2_rgkf,1,LGBM,41,0.18,0.1716006920046984
P2_rgkf,1,LGBM,45,0.21,0.1788375876067758
P2_rgkf,1,LGBM,48,0.35,0.3927669669264341
P2_rgkf,1,LGBM,52,0.4,0.4292744659592997
P2_rgkf,1,LGBM,71,0.16,0.1898734721529294
P2_rgkf,1,LGBM,81,0.14,0.1271418333488581
P2_rgkf,1,LGBM,82,0.15,0.1801897575021938
P2_rgkf,1,LGBM,90,0.27,0.1432794459406868
P2_rgkf,1,LGBM,105,0.23,0.1465440885280687
P2_rgkf,1,LGBM,107,0.21,0.2395698386379998
P2_rgkf,1,CatB,6,0.64,0.3909775965756923
P2_rgkf,1,CatB,9,0.42,0.3710609031326479
P2_rgkf,1,CatB,10,0.31,0.4110297676687158
P2_rgkf,1,CatB,11,0.38,0.4110297676687158
P2_rgkf,1,CatB,15,0.75,0.8084373092252468
P2_rgkf,1,CatB,26,0.38,0.3640036927418758
P2_rgkf,1,CatB,31,0.51,0.5933812894216899
P2_rgkf,1,CatB,36,0.17,0.1612028824615022
P2_rgkf,1,CatB,38,0.17,0.1603301073276115
P2_rgkf,1,CatB,39,0.13,0.1704681785199464
P2_rgkf,1,CatB,41,0.18,0.1770638813271081
P2_rgkf,1,CatB,45,0.21,0.2063642564053188
P2_rgkf,1,CatB,48,0.35,0.4503010203139433
P2_rgkf,1,CatB,52,0.4,0.4924528587728853
P2_rgkf,1,CatB,71,0.16,0.2213525087516182
P2_rgkf,1,CatB,81,0.14,0.1264597061175705
P2_rgkf,1,CatB,82,0.15,0.1396781136025524
P2_rgkf,1,CatB,90,0.27,0.1162529670812643
P2_rgkf,1,CatB,105,0.23,0.1690783863034297
P2_rgkf,1,CatB,107,0.21,0.1886324312698626
P2_rgkf,1,SVR,6,0.64,0.4775963723211757
P2_rgkf,1,SVR,9,0.42,0.4672833360822435
P2_rgkf,1,SVR,10,0.31,0.4794848098116241
P2_rgkf,1,SVR,11,0.38,0.4794848098116241
P2_rgkf,1,SVR,15,0.75,0.5595760960845895
P2_rgkf,1,SVR,26,0.38,0.367692065595191
P2_rgkf,1,SVR,31,0.51,0.5416302833455175
P2_rgkf,1,SVR,36,0.17,0.1689263098591757
P2_rgkf,1,SVR,38,0.17,0.1679042636889743
P2_rgkf,1,SVR,39,0.13,0.1793558769717574
P2_rgkf,1,SVR,41,0.18,0.1613995972726699
P2_rgkf,1,SVR,45,0.21,0.1776795075089878
P2_rgkf,1,SVR,48,0.35,0.2785819613369255
P2_rgkf,1,SVR,52,0.4,0.3092133926658361
P2_rgkf,1,SVR,71,0.16,0.2264466799405409
P2_rgkf,1,SVR,81,0.14,0.1373136440960674
P2_rgkf,1,SVR,82,0.15,0.1523443887679958
P2_rgkf,1,SVR,90,0.27,0.1075767263652484
P2_rgkf,1,SVR,105,0.23,0.1697311028772527
P2_rgkf,1,SVR,107,0.21,0.1954828811706284
P2_rgkf,1,GPR,6,0.64,0.3636883255719833
P2_rgkf,1,GPR,9,0.42,0.3704128219551724
P2_rgkf,1,GPR,10,0.31,0.3596575510170422
P2_rgkf,1,GPR,11,0.38,0.3596575510170422
P2_rgkf,1,GPR,15,0.75,0.8011061232422536
P2_rgkf,1,GPR,26,0.38,0.357969837378938
P2_rgkf,1,GPR,31,0.51,0.6001261542292335
P2_rgkf,1,GPR,36,0.17,0.1501260954239816
P2_rgkf,1,GPR,38,0.17,0.1502773111061906
P2_rgkf,1,GPR,39,0.13,0.1502719858467207
P2_rgkf,1,GPR,41,0.18,0.1924131930943002
P2_rgkf,1,GPR,45,0.21,0.1716013624774166
P2_rgkf,1,GPR,48,0.35,0.4120365704078624
P2_rgkf,1,GPR,52,0.4,0.3912219831651767
P2_rgkf,1,GPR,71,0.16,0.1540286189714814
P2_rgkf,1,GPR,81,0.14,0.1298168885335388
P2_rgkf,1,GPR,82,0.15,0.185911174463886
P2_rgkf,1,GPR,90,0.27,0.1546002726332135
P2_rgkf,1,GPR,105,0.23,0.1430649081108687
P2_rgkf,1,GPR,107,0.21,0.2029001901635141
P2_rgkf,1,ANN,6,0.64,0.4332710802468485
P2_rgkf,1,ANN,9,0.42,0.4249322882158359
P2_rgkf,1,ANN,10,0.31,0.4356295914840745
P2_rgkf,1,ANN,11,0.38,0.4356295914840745
P2_rgkf,1,ANN,15,0.75,0.6111977742391848
P2_rgkf,1,ANN,26,0.38,0.3666054123231219
P2_rgkf,1,ANN,31,0.51,0.5825206262412221
P2_rgkf,1,ANN,36,0.17,0.1532126297267408
P2_rgkf,1,ANN,38,0.17,0.1509270434078019
P2_rgkf,1,ANN,39,0.13,0.1813568465207505
P2_rgkf,1,ANN,41,0.18,0.1538235916722471
P2_rgkf,1,ANN,45,0.21,0.1953867122099935
P2_rgkf,1,ANN,48,0.35,0.3886123518062273
P2_rgkf,1,ANN,52,0.4,0.3856190565672833
P2_rgkf,1,ANN,71,0.16,0.289623361825745
P2_rgkf,1,ANN,81,0.14,0.1541356925938866
P2_rgkf,1,ANN,82,0.15,0.0990884085014872
P2_rgkf,1,ANN,90,0.27,0.1162740266985881
P2_rgkf,1,ANN,105,0.23,0.1681740319724232
P2_rgkf,1,ANN,107,0.21,0.1988817712158998
P2_rgkf,2,Mean,13,0.48,0.2831111111111111
P2_rgkf,2,Mean,16,0.96,0.2831111111111111
P2_rgkf,2,Mean,17,0.76,0.2831111111111111
P2_rgkf,2,Mean,18,0.53,0.2831111111111111
P2_rgkf,2,Mean,24,0.27,0.2831111111111111
P2_rgkf,2,Mean,30,0.54,0.2831111111111111
P2_rgkf,2,Mean,32,0.64,0.2831111111111111
P2_rgkf,2,Mean,47,0.76,0.2831111111111111
P2_rgkf,2,Mean,49,0.55,0.2831111111111111
P2_rgkf,2,Mean,50,0.35,0.2831111111111111
P2_rgkf,2,Mean,52,0.4,0.2831111111111111
P2_rgkf,2,Mean,55,0.1,0.2831111111111111
P2_rgkf,2,Mean,58,0.08,0.2831111111111111
P2_rgkf,2,Mean,69,0.17,0.2831111111111111
P2_rgkf,2,Mean,70,0.14,0.2831111111111111
P2_rgkf,2,Mean,73,0.21,0.2831111111111111
P2_rgkf,2,Mean,80,0.15,0.2831111111111111
P2_rgkf,2,Mean,83,0.15,0.2831111111111111
P2_rgkf,2,Mean,91,0.14,0.2831111111111111
P2_rgkf,2,Mean,103,0.08,0.2831111111111111
P2_rgkf,2,MVR,13,0.48,0.3983958767611299
P2_rgkf,2,MVR,16,0.96,0.5972030286620393
P2_rgkf,2,MVR,17,0.76,0.5167838561042193
P2_rgkf,2,MVR,18,0.53,0.612710978672488
P2_rgkf,2,MVR,24,0.27,0.2546521921428599
P2_rgkf,2,MVR,30,0.54,0.6156442040609043
P2_rgkf,2,MVR,32,0.64,0.7817968599470112
P2_rgkf,2,MVR,47,0.76,0.1826705334283921
P2_rgkf,2,MVR,49,0.55,0.1918725337322379
P2_rgkf,2,MVR,50,0.35,0.2347657771120719
P2_rgkf,2,MVR,52,0.4,0.2221347732228214
P2_rgkf,2,MVR,55,0.1,0.1078729938617354
P2_rgkf,2,MVR,58,0.08,0.0744826435352551
P2_rgkf,2,MVR,69,0.17,0.1335200517052053
P2_rgkf,2,MVR,70,0.14,0.0951470218626721
P2_rgkf,2,MVR,73,0.21,0.1991000536599098
P2_rgkf,2,MVR,80,0.15,0.2153999519914825
P2_rgkf,2,MVR,83,0.15,0.2801290186530075
P2_rgkf,2,MVR,91,0.14,0.2141944525919669
P2_rgkf,2,MVR,103,0.08,0.0709467975531828
P2_rgkf,2,Ridge,13,0.48,0.3827027322060201
P2_rgkf,2,Ridge,16,0.96,0.4771233745195096
P2_rgkf,2,Ridge,17,0.76,0.44871758428366
P2_rgkf,2,Ridge,18,0.53,0.487477325223749
P2_rgkf,2,Ridge,24,0.27,0.3030218710080186
P2_rgkf,2,Ridge,30,0.54,0.64155506131242
P2_rgkf,2,Ridge,32,0.64,0.7628736806595637
P2_rgkf,2,Ridge,47,0.76,0.2105286776439301
P2_rgkf,2,Ridge,49,0.55,0.2317713675404147
P2_rgkf,2,Ridge,50,0.35,0.2878721768659164
P2_rgkf,2,Ridge,52,0.4,0.2588606761969523
P2_rgkf,2,Ridge,55,0.1,0.1836830913036831
P2_rgkf,2,Ridge,58,0.08,0.1053400197757867
P2_rgkf,2,Ridge,69,0.17,0.1297455654195723
P2_rgkf,2,Ridge,70,0.14,0.0950342735430707
P2_rgkf,2,Ridge,73,0.21,0.1941493653040298
P2_rgkf,2,Ridge,80,0.15,0.2144327048816386
P2_rgkf,2,Ridge,83,0.15,0.3056256277472778
P2_rgkf,2,Ridge,91,0.14,0.2130892405116958
P2_rgkf,2,Ridge,103,0.08,0.1044455273819103
P2_rgkf,2,RF,13,0.48,0.4712014419707279
P2_rgkf,2,RF,16,0.96,0.6013432993197295
P2_rgkf,2,RF,17,0.76,0.4605735923600212
P2_rgkf,2,RF,18,0.53,0.5030462244897966
P2_rgkf,2,RF,24,0.27,0.3040123979591839
P2_rgkf,2,RF,30,0.54,0.5759559920634922
P2_rgkf,2,RF,32,0.64,0.5751448015873017
P2_rgkf,2,RF,47,0.76,0.3406981916099768
P2_rgkf,2,RF,49,0.55,0.3360777154195003
P2_rgkf,2,RF,50,0.35,0.3129668990929696
P2_rgkf,2,RF,52,0.4,0.3133357086167794
P2_rgkf,2,RF,55,0.1,0.1032755488559061
P2_rgkf,2,RF,58,0.08,0.0932579535147395
P2_rgkf,2,RF,69,0.17,0.1637395797713028
P2_rgkf,2,RF,70,0.14,0.1526806419234362
P2_rgkf,2,RF,73,0.21,0.2172025262832408
P2_rgkf,2,RF,80,0.15,0.1722807256235827
P2_rgkf,2,RF,83,0.15,0.1961131045145331
P2_rgkf,2,RF,91,0.14,0.1823329158936303
P2_rgkf,2,RF,103,0.08,0.0932579535147395
P2_rgkf,2,ET,13,0.48,0.4917041529581522
P2_rgkf,2,ET,16,0.96,0.5832722958152957
P2_rgkf,2,ET,17,0.76,0.5482920656565657
P2_rgkf,2,ET,18,0.53,0.568828454545455
P2_rgkf,2,ET,24,0.27,0.3129905859010247
P2_rgkf,2,ET,30,0.54,0.592133025974029
P2_rgkf,2,ET,32,0.64,0.5914530259740289
P2_rgkf,2,ET,47,0.76,0.3285095476190476
P2_rgkf,2,ET,49,0.55,0.3231437251082251
P2_rgkf,2,ET,50,0.35,0.31482247979798
P2_rgkf,2,ET,52,0.4,0.3188526861471862
P2_rgkf,2,ET,55,0.1,0.1436623059163063
P2_rgkf,2,ET,58,0.08,0.1016682014652018
P2_rgkf,2,ET,69,0.17,0.168778334054834
P2_rgkf,2,ET,70,0.14,0.1621906002886003
P2_rgkf,2,ET,73,0.21,0.2049434855699855
P2_rgkf,2,ET,80,0.15,0.1742693975468976
P2_rgkf,2,ET,83,0.15,0.2145186103896104
P2_rgkf,2,ET,91,0.14,0.1876249999999997
P2_rgkf,2,ET,103,0.08,0.1016682014652018
P2_rgkf,2,XGB,13,0.48,0.4219596982002258
P2_rgkf,2,XGB,16,0.96,0.5823960304260254
P2_rgkf,2,XGB,17,0.76,0.4307849705219269
P2_rgkf,2,XGB,18,0.53,0.5378455519676208
P2_rgkf,2,XGB,24,0.27,0.3069495558738708
P2_rgkf,2,XGB,30,0.54,0.5533626675605774
P2_rgkf,2,XGB,32,0.64,0.5502040386199951
P2_rgkf,2,XGB,47,0.76,0.3168176114559173
P2_rgkf,2,XGB,49,0.55,0.3158785402774811
P2_rgkf,2,XGB,50,0.35,0.3133178055286407
P2_rgkf,2,XGB,52,0.4,0.3173863291740417
P2_rgkf,2,XGB,55,0.1,0.1334512531757354
P2_rgkf,2,XGB,58,0.08,0.1368699669837951
P2_rgkf,2,XGB,69,0.17,0.1584431529045105
P2_rgkf,2,XGB,70,0.14,0.1420380175113678
P2_rgkf,2,XGB,73,0.21,0.2045747339725494
P2_rgkf,2,XGB,80,0.15,0.1618726104497909
P2_rgkf,2,XGB,83,0.15,0.1860762983560562
P2_rgkf,2,XGB,91,0.14,0.1790978908538818
P2_rgkf,2,XGB,103,0.08,0.1368699669837951
P2_rgkf,2,LGBM,13,0.48,0.4566276508209321
P2_rgkf,2,LGBM,16,0.96,0.6279976905879046
P2_rgkf,2,LGBM,17,0.76,0.4805529176788665
P2_rgkf,2,LGBM,18,0.53,0.5246096354621731
P2_rgkf,2,LGBM,24,0.27,0.351084680313642
P2_rgkf,2,LGBM,30,0.54,0.574075316635183
P2_rgkf,2,LGBM,32,0.64,0.574075316635183
P2_rgkf,2,LGBM,47,0.76,0.2719951702567001
P2_rgkf,2,LGBM,49,0.55,0.3117229746810458
P2_rgkf,2,LGBM,50,0.35,0.288188973482721
P2_rgkf,2,LGBM,52,0.4,0.2810872619107316
P2_rgkf,2,LGBM,55,0.1,0.103057381923614
P2_rgkf,2,LGBM,58,0.08,0.0778548889024254
P2_rgkf,2,LGBM,69,0.17,0.0904496204973543
P2_rgkf,2,LGBM,70,0.14,0.0648030199503857
P2_rgkf,2,LGBM,73,0.21,0.2335266299336058
P2_rgkf,2,LGBM,80,0.15,0.1908453183796849
P2_rgkf,2,LGBM,83,0.15,0.1365190450618338
P2_rgkf,2,LGBM,91,0.14,0.2193240242897016
P2_rgkf,2,LGBM,103,0.08,0.0778548889024254
P2_rgkf,2,CatB,13,0.48,0.4425123635809477
P2_rgkf,2,CatB,16,0.96,0.5999792373930166
P2_rgkf,2,CatB,17,0.76,0.4792080643360997
P2_rgkf,2,CatB,18,0.53,0.5344140909040995
P2_rgkf,2,CatB,24,0.27,0.3227351483705742
P2_rgkf,2,CatB,30,0.54,0.5604840951904555
P2_rgkf,2,CatB,32,0.64,0.5480021158781765
P2_rgkf,2,CatB,47,0.76,0.3308263606930264
P2_rgkf,2,CatB,49,0.55,0.3178868263152095
P2_rgkf,2,CatB,50,0.35,0.2907885035065884
P2_rgkf,2,CatB,52,0.4,0.2996799584822397
P2_rgkf,2,CatB,55,0.1,0.0910903870782134
P2_rgkf,2,CatB,58,0.08,0.1334024933881144
P2_rgkf,2,CatB,69,0.17,0.1770664879175976
P2_rgkf,2,CatB,70,0.14,0.1833164400083695
P2_rgkf,2,CatB,73,0.21,0.213740461391148
P2_rgkf,2,CatB,80,0.15,0.1837226602639212
P2_rgkf,2,CatB,83,0.15,0.193637540884464
P2_rgkf,2,CatB,91,0.14,0.1918840272565727
P2_rgkf,2,CatB,103,0.08,0.1334024933881144
P2_rgkf,2,SVR,13,0.48,0.4047386505693288
P2_rgkf,2,SVR,16,0.96,0.536693134969211
P2_rgkf,2,SVR,17,0.76,0.4903617973244471
P2_rgkf,2,SVR,18,0.53,0.5176989383897773
P2_rgkf,2,SVR,24,0.27,0.322173267264155
P2_rgkf,2,SVR,30,0.54,0.5265005888032293
P2_rgkf,2,SVR,32,0.64,0.3716788027009866
P2_rgkf,2,SVR,47,0.76,0.2298934624960878
P2_rgkf,2,SVR,49,0.55,0.2597738617279347
P2_rgkf,2,SVR,50,0.35,0.2574843612670566
P2_rgkf,2,SVR,52,0.4,0.2515657537009493
P2_rgkf,2,SVR,55,0.1,0.0948998672087843
P2_rgkf,2,SVR,58,0.08,0.094511019096096
P2_rgkf,2,SVR,69,0.17,0.1611634843287854
P2_rgkf,2,SVR,70,0.14,0.1507481976479213
P2_rgkf,2,SVR,73,0.21,0.1983323277614357
P2_rgkf,2,SVR,80,0.15,0.1839191452527103
P2_rgkf,2,SVR,83,0.15,0.2048448872339443
P2_rgkf,2,SVR,91,0.14,0.1901334963108955
P2_rgkf,2,SVR,103,0.08,0.0941370500865521
P2_rgkf,2,GPR,13,0.48,0.5022246809886428
P2_rgkf,2,GPR,16,0.96,0.5701070811586303
P2_rgkf,2,GPR,17,0.76,0.5693719547952476
P2_rgkf,2,GPR,18,0.53,0.5832600046197908
P2_rgkf,2,GPR,24,0.27,0.2822200404023966
P2_rgkf,2,GPR,30,0.54,0.5768284847141647
P2_rgkf,2,GPR,32,0.64,0.5730174994549598
P2_rgkf,2,GPR,47,0.76,0.3643728706596794
P2_rgkf,2,GPR,49,0.55,0.3115054376399737
P2_rgkf,2,GPR,50,0.35,0.2440480910697346
P2_rgkf,2,GPR,52,0.4,0.3063475395404512
P2_rgkf,2,GPR,55,0.1,0.0248013364445868
P2_rgkf,2,GPR,58,0.08,0.0886566660312829
P2_rgkf,2,GPR,69,0.17,0.1442127998857252
P2_rgkf,2,GPR,70,0.14,0.1328495088730121
P2_rgkf,2,GPR,73,0.21,0.206768761780062
P2_rgkf,2,GPR,80,0.15,0.1601755778678942
P2_rgkf,2,GPR,83,0.15,0.1848247990201674
P2_rgkf,2,GPR,91,0.14,0.1829480063152495
P2_rgkf,2,GPR,103,0.08,0.0886017231854984
P2_rgkf,2,ANN,13,0.48,0.4046504672353853
P2_rgkf,2,ANN,16,0.96,0.5953681082278253
P2_rgkf,2,ANN,17,0.76,0.5051892223786486
P2_rgkf,2,ANN,18,0.53,0.5912281847851887
P2_rgkf,2,ANN,24,0.27,0.3671272218671209
P2_rgkf,2,ANN,30,0.54,0.5994581222996351
P2_rgkf,2,ANN,32,0.64,0.6197858800731542
P2_rgkf,2,ANN,47,0.76,0.2883825204709533
P2_rgkf,2,ANN,49,0.55,0.3398398885517281
P2_rgkf,2,ANN,50,0.35,0.3863235023246809
P2_rgkf,2,ANN,52,0.4,0.2744686364943869
P2_rgkf,2,ANN,55,0.1,0.0319711966909363
P2_rgkf,2,ANN,58,0.08,0.0907756786158988
P2_rgkf,2,ANN,69,0.17,0.1591652700490691
P2_rgkf,2,ANN,70,0.14,0.155956721662559
P2_rgkf,2,ANN,73,0.21,0.2012454852990848
P2_rgkf,2,ANN,80,0.15,0.1978544857008516
P2_rgkf,2,ANN,83,0.15,0.194320111191185
P2_rgkf,2,ANN,91,0.14,0.2068345688852244
P2_rgkf,2,ANN,103,0.08,0.0897073026949411
P2_rgkf,2,Mean,5,0.37,0.3084705882352941
P2_rgkf,2,Mean,7,0.42,0.3084705882352941
P2_rgkf,2,Mean,8,0.26,0.3084705882352941
P2_rgkf,2,Mean,10,0.31,0.3084705882352941
P2_rgkf,2,Mean,11,0.38,0.3084705882352941
P2_rgkf,2,Mean,12,0.46,0.3084705882352941
P2_rgkf,2,Mean,25,0.3,0.3084705882352941
P2_rgkf,2,Mean,38,0.17,0.3084705882352941
P2_rgkf,2,Mean,51,0.23,0.3084705882352941
P2_rgkf,2,Mean,53,0.35,0.3084705882352941
P2_rgkf,2,Mean,61,0.15,0.3084705882352941
P2_rgkf,2,Mean,62,0.19,0.3084705882352941
P2_rgkf,2,Mean,63,0.23,0.3084705882352941
P2_rgkf,2,Mean,72,0.21,0.3084705882352941
P2_rgkf,2,Mean,74,0.15,0.3084705882352941
P2_rgkf,2,Mean,75,0.19,0.3084705882352941
P2_rgkf,2,Mean,85,0.15,0.3084705882352941
P2_rgkf,2,Mean,90,0.27,0.3084705882352941
P2_rgkf,2,Mean,92,0.14,0.3084705882352941
P2_rgkf,2,Mean,93,0.2,0.3084705882352941
P2_rgkf,2,Mean,95,0.3,0.3084705882352941
P2_rgkf,2,Mean,96,0.12,0.3084705882352941
P2_rgkf,2,Mean,98,0.64,0.3084705882352941
P2_rgkf,2,Mean,102,0.35,0.3084705882352941
P2_rgkf,2,Mean,104,0.18,0.3084705882352941
P2_rgkf,2,MVR,5,0.37,0.7146038397056145
P2_rgkf,2,MVR,7,0.42,0.5094838918454548
P2_rgkf,2,MVR,8,0.26,0.5094838918454548
P2_rgkf,2,MVR,10,0.31,0.6160046930260566
P2_rgkf,2,MVR,11,0.38,0.6160046930260566
P2_rgkf,2,MVR,12,0.46,0.4487637974116771
P2_rgkf,2,MVR,25,0.3,0.1997788289747663
P2_rgkf,2,MVR,38,0.17,0.1979049954932942
P2_rgkf,2,MVR,51,0.23,0.3371539437019562
P2_rgkf,2,MVR,53,0.35,0.2667441649660231
P2_rgkf,2,MVR,61,0.15,0.1711694077531509
P2_rgkf,2,MVR,62,0.19,0.1711694077531509
P2_rgkf,2,MVR,63,0.23,0.1711694077531509
P2_rgkf,2,MVR,72,0.21,0.1660406379042891
P2_rgkf,2,MVR,74,0.15,0.2211158958907561
P2_rgkf,2,MVR,75,0.19,0.2161550838735196
P2_rgkf,2,MVR,85,0.15,0.1567347988043373
P2_rgkf,2,MVR,90,0.27,0.1213888939943708
P2_rgkf,2,MVR,92,0.14,0.1592552616796303
P2_rgkf,2,MVR,93,0.2,0.1760985192106143
P2_rgkf,2,MVR,95,0.3,0.2326273174785026
P2_rgkf,2,MVR,96,0.12,0.1749383772256579
P2_rgkf,2,MVR,98,0.64,0.4817707789549257
P2_rgkf,2,MVR,102,0.35,0.1816167095946514
P2_rgkf,2,MVR,104,0.18,0.1711694077531509
P2_rgkf,2,Ridge,5,0.37,0.5750858297096282
P2_rgkf,2,Ridge,7,0.42,0.5052879396315483
P2_rgkf,2,Ridge,8,0.26,0.5052879396315483
P2_rgkf,2,Ridge,10,0.31,0.5467364896198676
P2_rgkf,2,Ridge,11,0.38,0.5467364896198676
P2_rgkf,2,Ridge,12,0.46,0.4520985142474718
P2_rgkf,2,Ridge,25,0.3,0.2721281611399455
P2_rgkf,2,Ridge,38,0.17,0.2203651110272565
P2_rgkf,2,Ridge,51,0.23,0.4180979282155359
P2_rgkf,2,Ridge,53,0.35,0.3229751662445799
P2_rgkf,2,Ridge,61,0.15,0.1911885373771263
P2_rgkf,2,Ridge,62,0.19,0.1911885373771263
P2_rgkf,2,Ridge,63,0.23,0.1911885373771263
P2_rgkf,2,Ridge,72,0.21,0.162823536168564
P2_rgkf,2,Ridge,74,0.15,0.2407817909845498
P2_rgkf,2,Ridge,75,0.19,0.2422391652033313
P2_rgkf,2,Ridge,85,0.15,0.1027395178201684
P2_rgkf,2,Ridge,90,0.27,0.0912427804256033
P2_rgkf,2,Ridge,92,0.14,0.1728371440814763
P2_rgkf,2,Ridge,93,0.2,0.2023442820020747
P2_rgkf,2,Ridge,95,0.3,0.2523729770650742
P2_rgkf,2,Ridge,96,0.12,0.1471809015856114
P2_rgkf,2,Ridge,98,0.64,0.4810216520317817
P2_rgkf,2,Ridge,102,0.35,0.211197971705994
P2_rgkf,2,Ridge,104,0.18,0.1911885373771263
P2_rgkf,2,RF,5,0.37,0.5790038888888869
P2_rgkf,2,RF,7,0.42,0.4441277777777782
P2_rgkf,2,RF,8,0.26,0.4441277777777782
P2_rgkf,2,RF,10,0.31,0.5743138888888862
P2_rgkf,2,RF,11,0.38,0.5743138888888862
P2_rgkf,2,RF,12,0.46,0.5420333333333321
P2_rgkf,2,RF,25,0.3,0.2913333333333334
P2_rgkf,2,RF,38,0.17,0.1633241080678587
P2_rgkf,2,RF,51,0.23,0.4164000000000007
P2_rgkf,2,RF,53,0.35,0.293041428571429
P2_rgkf,2,RF,61,0.15,0.2447465608465608
P2_rgkf,2,RF,62,0.19,0.2447465608465608
P2_rgkf,2,RF,63,0.23,0.2447465608465608
P2_rgkf,2,RF,72,0.21,0.1851780056980058
P2_rgkf,2,RF,74,0.15,0.1657478141765639
P2_rgkf,2,RF,75,0.19,0.1670224254911755
P2_rgkf,2,RF,85,0.15,0.1740333333333338
P2_rgkf,2,RF,90,0.27,0.1633115740740744
P2_rgkf,2,RF,92,0.14,0.1967191486291482
P2_rgkf,2,RF,93,0.2,0.1937912962962964
P2_rgkf,2,RF,95,0.3,0.1714761105098607
P2_rgkf,2,RF,96,0.12,0.1672319462481962
P2_rgkf,2,RF,98,0.64,0.6089999999999974
P2_rgkf,2,RF,102,0.35,0.4608999999999998
P2_rgkf,2,RF,104,0.18,0.2447465608465608
P2_rgkf,2,ET,5,0.37,0.5415394246031737
P2_rgkf,2,ET,7,0.42,0.4764454166666645
P2_rgkf,2,ET,8,0.26,0.4764454166666645
P2_rgkf,2,ET,10,0.31,0.5338103531746025
P2_rgkf,2,ET,11,0.38,0.5338103531746025
P2_rgkf,2,ET,12,0.46,0.5098719047619021
P2_rgkf,2,ET,25,0.3,0.2874603034188029
P2_rgkf,2,ET,38,0.17,0.1552875
P2_rgkf,2,ET,51,0.23,0.4247734542957037
P2_rgkf,2,ET,53,0.35,0.2685957104007099
P2_rgkf,2,ET,61,0.15,0.2327165054945054
P2_rgkf,2,ET,62,0.19,0.2327165054945054
P2_rgkf,2,ET,63,0.23,0.2327165054945054
P2_rgkf,2,ET,72,0.21,0.2081556554556557
P2_rgkf,2,ET,74,0.15,0.1747890750360752
P2_rgkf,2,ET,75,0.19,0.1748905274170276
P2_rgkf,2,ET,85,0.15,0.1786670950160957
P2_rgkf,2,ET,90,0.27,0.1487022002442005
P2_rgkf,2,ET,92,0.14,0.1803829311799321
P2_rgkf,2,ET,93,0.2,0.2241458528138532
P2_rgkf,2,ET,95,0.3,0.1886374470529477
P2_rgkf,2,ET,96,0.12,0.1857519336219346
P2_rgkf,2,ET,98,0.64,0.5871692261904763
P2_rgkf,2,ET,102,0.35,0.4190789265179268
P2_rgkf,2,ET,104,0.18,0.2327165054945054
P2_rgkf,2,XGB,5,0.37,0.6263241767883301
P2_rgkf,2,XGB,7,0.42,0.4258362054824829
P2_rgkf,2,XGB,8,0.26,0.4258362054824829
P2_rgkf,2,XGB,10,0.31,0.677912712097168
P2_rgkf,2,XGB,11,0.38,0.677912712097168
P2_rgkf,2,XGB,12,0.46,0.5546061396598816
P2_rgkf,2,XGB,25,0.3,0.2838895618915558
P2_rgkf,2,XGB,38,0.17,0.166026160120964
P2_rgkf,2,XGB,51,0.23,0.4729569256305694
P2_rgkf,2,XGB,53,0.35,0.3554090559482574
P2_rgkf,2,XGB,61,0.15,0.2476432472467422
P2_rgkf,2,XGB,62,0.19,0.2476432472467422
P2_rgkf,2,XGB,63,0.23,0.2476432472467422
P2_rgkf,2,XGB,72,0.21,0.2207124978303909
P2_rgkf,2,XGB,74,0.15,0.1457073986530304
P2_rgkf,2,XGB,75,0.19,0.1639036834239959
P2_rgkf,2,XGB,85,0.15,0.1624554246664047
P2_rgkf,2,XGB,90,0.27,0.1415833234786987
P2_rgkf,2,XGB,92,0.14,0.1923364251852035
P2_rgkf,2,XGB,93,0.2,0.2071447372436523
P2_rgkf,2,XGB,95,0.3,0.1646871268749237
P2_rgkf,2,XGB,96,0.12,0.1861134618520736
P2_rgkf,2,XGB,98,0.64,0.6239987015724182
P2_rgkf,2,XGB,102,0.35,0.4202163517475128
P2_rgkf,2,XGB,104,0.18,0.2476432472467422
P2_rgkf,2,LGBM,5,0.37,0.6101373719279325
P2_rgkf,2,LGBM,7,0.42,0.4412763803038812
P2_rgkf,2,LGBM,8,0.26,0.4412763803038812
P2_rgkf,2,LGBM,10,0.31,0.689111633521988
P2_rgkf,2,LGBM,11,0.38,0.689111633521988
P2_rgkf,2,LGBM,12,0.46,0.5535111368290175
P2_rgkf,2,LGBM,25,0.3,0.2497901380885416
P2_rgkf,2,LGBM,38,0.17,0.1625229515370766
P2_rgkf,2,LGBM,51,0.23,0.4699773392797741
P2_rgkf,2,LGBM,53,0.35,0.246591176736448
P2_rgkf,2,LGBM,61,0.15,0.2080051555616424
P2_rgkf,2,LGBM,62,0.19,0.2080051555616424
P2_rgkf,2,LGBM,63,0.23,0.2080051555616424
P2_rgkf,2,LGBM,72,0.21,0.2726066069431754
P2_rgkf,2,LGBM,74,0.15,0.2153591715224786
P2_rgkf,2,LGBM,75,0.19,0.2407521395097178
P2_rgkf,2,LGBM,85,0.15,0.1114620801876232
P2_rgkf,2,LGBM,90,0.27,0.1049026539766734
P2_rgkf,2,LGBM,92,0.14,0.1800411817373494
P2_rgkf,2,LGBM,93,0.2,0.1755758118099754
P2_rgkf,2,LGBM,95,0.3,0.2012274387109782
P2_rgkf,2,LGBM,96,0.12,0.2148296014118152
P2_rgkf,2,LGBM,98,0.64,0.6319839201069428
P2_rgkf,2,LGBM,102,0.35,0.3336384846606863
P2_rgkf,2,LGBM,104,0.18,0.2080051555616424
P2_rgkf,2,CatB,5,0.37,0.5731875618782285
P2_rgkf,2,CatB,7,0.42,0.442598840801469
P2_rgkf,2,CatB,8,0.26,0.442598840801469
P2_rgkf,2,CatB,10,0.31,0.5501194472188968
P2_rgkf,2,CatB,11,0.38,0.5501194472188968
P2_rgkf,2,CatB,12,0.46,0.4988016818912986
P2_rgkf,2,CatB,25,0.3,0.2794917598117952
P2_rgkf,2,CatB,38,0.17,0.156814608474868
P2_rgkf,2,CatB,51,0.23,0.4339233637367302
P2_rgkf,2,CatB,53,0.35,0.2889921582492888
P2_rgkf,2,CatB,61,0.15,0.1884969590272217
P2_rgkf,2,CatB,62,0.19,0.1884969590272217
P2_rgkf,2,CatB,63,0.23,0.1884969590272217
P2_rgkf,2,CatB,72,0.21,0.2118202908470448
P2_rgkf,2,CatB,74,0.15,0.1944682051488295
P2_rgkf,2,CatB,75,0.19,0.1829028592137787
P2_rgkf,2,CatB,85,0.15,0.157129420972239
P2_rgkf,2,CatB,90,0.27,0.1062685479222267
P2_rgkf,2,CatB,92,0.14,0.1615323745692402
P2_rgkf,2,CatB,93,0.2,0.2037880162315987
P2_rgkf,2,CatB,95,0.3,0.1994885411988701
P2_rgkf,2,CatB,96,0.12,0.1762491087190307
P2_rgkf,2,CatB,98,0.64,0.5838327065404987
P2_rgkf,2,CatB,102,0.35,0.379387317610196
P2_rgkf,2,CatB,104,0.18,0.1884969590272217
P2_rgkf,2,SVR,5,0.37,0.6962839699232436
P2_rgkf,2,SVR,7,0.42,0.5387612722087144
P2_rgkf,2,SVR,8,0.26,0.5387612722087144
P2_rgkf,2,SVR,10,0.31,0.6457835542187547
P2_rgkf,2,SVR,11,0.38,0.6457835542187547
P2_rgkf,2,SVR,12,0.46,0.4676660723248935
P2_rgkf,2,SVR,25,0.3,0.2626422828643971
P2_rgkf,2,SVR,38,0.17,0.1728502886138229
P2_rgkf,2,SVR,51,0.23,0.2807239417813668
P2_rgkf,2,SVR,53,0.35,0.2318074300591682
P2_rgkf,2,SVR,61,0.15,0.2281143869277431
P2_rgkf,2,SVR,62,0.19,0.2281143869277431
P2_rgkf,2,SVR,63,0.23,0.2281143869277431
P2_rgkf,2,SVR,72,0.21,0.2573582506730031
P2_rgkf,2,SVR,74,0.15,0.1479738353326722
P2_rgkf,2,SVR,75,0.19,0.1471832892221827
P2_rgkf,2,SVR,85,0.15,0.1629691963281519
P2_rgkf,2,SVR,90,0.27,0.1204190645032399
P2_rgkf,2,SVR,92,0.14,0.1697350880108838
P2_rgkf,2,SVR,93,0.2,0.2660756484317425
P2_rgkf,2,SVR,95,0.3,0.1459158644089907
P2_rgkf,2,SVR,96,0.12,0.1218891657692512
P2_rgkf,2,SVR,98,0.64,0.5309414651858626
P2_rgkf,2,SVR,102,0.35,0.4013521785752887
P2_rgkf,2,SVR,104,0.18,0.2281143869277431
P2_rgkf,2,GPR,5,0.37,0.5358449897191881
P2_rgkf,2,GPR,7,0.42,0.4617134751700339
P2_rgkf,2,GPR,8,0.26,0.4617134751700339
P2_rgkf,2,GPR,10,0.31,0.5055469676727261
P2_rgkf,2,GPR,11,0.38,0.5055469676727261
P2_rgkf,2,GPR,12,0.46,0.4633912347036359
P2_rgkf,2,GPR,25,0.3,0.2849715173149183
P2_rgkf,2,GPR,38,0.17,0.1507375535168831
P2_rgkf,2,GPR,51,0.23,0.3482493812249494
P2_rgkf,2,GPR,53,0.35,0.2824307859167172
P2_rgkf,2,GPR,61,0.15,0.2091254627274641
P2_rgkf,2,GPR,62,0.19,0.2091254627274641
P2_rgkf,2,GPR,63,0.23,0.2091254627274641
P2_rgkf,2,GPR,72,0.21,0.1991293479605415
P2_rgkf,2,GPR,74,0.15,0.1685901308308056
P2_rgkf,2,GPR,75,0.19,0.162758248541543
P2_rgkf,2,GPR,85,0.15,0.2683278831926572
P2_rgkf,2,GPR,90,0.27,0.1791681753979679
P2_rgkf,2,GPR,92,0.14,0.1732350874627667
P2_rgkf,2,GPR,93,0.2,0.2480200963027204
P2_rgkf,2,GPR,95,0.3,0.1929981947039529
P2_rgkf,2,GPR,96,0.12,0.1970726401916095
P2_rgkf,2,GPR,98,0.64,0.6086579101810763
P2_rgkf,2,GPR,102,0.35,0.6367436006144606
P2_rgkf,2,GPR,104,0.18,0.2091254627274635
P2_rgkf,2,ANN,5,0.37,0.7022221107687882
P2_rgkf,2,ANN,7,0.42,0.5064871485641298
P2_rgkf,2,ANN,8,0.26,0.5064871485641298
P2_rgkf,2,ANN,10,0.31,0.6141945766245851
P2_rgkf,2,ANN,11,0.38,0.6141945766245851
P2_rgkf,2,ANN,12,0.46,0.4298511488397483
P2_rgkf,2,ANN,25,0.3,0.2636121982891876
P2_rgkf,2,ANN,38,0.17,0.1566003736765011
P2_rgkf,2,ANN,51,0.23,0.4364607774461738
P2_rgkf,2,ANN,53,0.35,0.1911298745856253
P2_rgkf,2,ANN,61,0.15,0.1648559535932734
P2_rgkf,2,ANN,62,0.19,0.1648559535932734
P2_rgkf,2,ANN,63,0.23,0.1648559535932734
P2_rgkf,2,ANN,72,0.21,0.2614602074519598
P2_rgkf,2,ANN,74,0.15,0.2010049785604854
P2_rgkf,2,ANN,75,0.19,0.1940281416769997
P2_rgkf,2,ANN,85,0.15,0.1009096542206059
P2_rgkf,2,ANN,90,0.27,0.1185929559442137
P2_rgkf,2,ANN,92,0.14,0.1466877131758671
P2_rgkf,2,ANN,93,0.2,0.2521983502746548
P2_rgkf,2,ANN,95,0.3,0.2194377973996616
P2_rgkf,2,ANN,96,0.12,0.1355314987875797
P2_rgkf,2,ANN,98,0.64,0.7317661357293219
P2_rgkf,2,ANN,102,0.35,0.251518696446191
P2_rgkf,2,ANN,104,0.18,0.1648559535932734
P2_rgkf,2,Mean,6,0.64,0.2826436781609195
P2_rgkf,2,Mean,9,0.42,0.2826436781609195
P2_rgkf,2,Mean,15,0.75,0.2826436781609195
P2_rgkf,2,Mean,21,0.44,0.2826436781609195
P2_rgkf,2,Mean,26,0.38,0.2826436781609195
P2_rgkf,2,Mean,28,0.38,0.2826436781609195
P2_rgkf,2,Mean,29,0.64,0.2826436781609195
P2_rgkf,2,Mean,31,0.51,0.2826436781609195
P2_rgkf,2,Mean,33,0.54,0.2826436781609195
P2_rgkf,2,Mean,34,0.69,0.2826436781609195
P2_rgkf,2,Mean,39,0.13,0.2826436781609195
P2_rgkf,2,Mean,41,0.18,0.2826436781609195
P2_rgkf,2,Mean,46,0.44,0.2826436781609195
P2_rgkf,2,Mean,54,0.29,0.2826436781609195
P2_rgkf,2,Mean,64,0.22,0.2826436781609195
P2_rgkf,2,Mean,65,0.24,0.2826436781609195
P2_rgkf,2,Mean,66,0.26,0.2826436781609195
P2_rgkf,2,Mean,67,0.28,0.2826436781609195
P2_rgkf,2,Mean,71,0.16,0.2826436781609195
P2_rgkf,2,Mean,86,0.17,0.2826436781609195
P2_rgkf,2,Mean,87,0.19,0.2826436781609195
P2_rgkf,2,Mean,105,0.23,0.2826436781609195
P2_rgkf,2,Mean,109,0.17,0.2826436781609195
P2_rgkf,2,MVR,6,0.64,0.5088660914640687
P2_rgkf,2,MVR,9,0.42,0.4711214171462831
P2_rgkf,2,MVR,15,0.75,0.5427388491970336
P2_rgkf,2,MVR,21,0.44,0.5654010124223242
P2_rgkf,2,MVR,26,0.38,0.261088993330452
P2_rgkf,2,MVR,28,0.38,0.274348652191335
P2_rgkf,2,MVR,29,0.64,0.4075415503994509
P2_rgkf,2,MVR,31,0.51,0.577378617935942
P2_rgkf,2,MVR,33,0.54,0.4944215771290068
P2_rgkf,2,MVR,34,0.69,0.5094309990553025
P2_rgkf,2,MVR,39,0.13,0.2360993290736568
P2_rgkf,2,MVR,41,0.18,0.1465828317467297
P2_rgkf,2,MVR,46,0.44,0.2380960921129817
P2_rgkf,2,MVR,54,0.29,0.2406779966101484
P2_rgkf,2,MVR,64,0.22,0.2689138391708663
P2_rgkf,2,MVR,65,0.24,0.2689138391708663
P2_rgkf,2,MVR,66,0.26,0.2689138391708663
P2_rgkf,2,MVR,67,0.28,0.2689138391708663
P2_rgkf,2,MVR,71,0.16,0.224065098868698
P2_rgkf,2,MVR,86,0.17,0.228159646267291
P2_rgkf,2,MVR,87,0.19,0.2290804576643134
P2_rgkf,2,MVR,105,0.23,0.2038840275822186
P2_rgkf,2,MVR,109,0.17,0.2661630102993854
P2_rgkf,2,Ridge,6,0.64,0.4804977893117588
P2_rgkf,2,Ridge,9,0.42,0.4647463638907376
P2_rgkf,2,Ridge,15,0.75,0.4924420533152807
P2_rgkf,2,Ridge,21,0.44,0.505915676125716
P2_rgkf,2,Ridge,26,0.38,0.3103388599257496
P2_rgkf,2,Ridge,28,0.38,0.3234988195737803
P2_rgkf,2,Ridge,29,0.64,0.397235465647055
P2_rgkf,2,Ridge,31,0.51,0.6190706618208295
P2_rgkf,2,Ridge,33,0.54,0.5518950606222461
P2_rgkf,2,Ridge,34,0.69,0.5646385207127198
P2_rgkf,2,Ridge,39,0.13,0.2556819040906016
P2_rgkf,2,Ridge,41,0.18,0.1369773766572538
P2_rgkf,2,Ridge,46,0.44,0.287746655060727
P2_rgkf,2,Ridge,54,0.29,0.2945669180262088
P2_rgkf,2,Ridge,64,0.22,0.2760996444912091
P2_rgkf,2,Ridge,65,0.24,0.2760996444912091
P2_rgkf,2,Ridge,66,0.26,0.2760996444912091
P2_rgkf,2,Ridge,67,0.28,0.2760996444912091
P2_rgkf,2,Ridge,71,0.16,0.2579320423034587
P2_rgkf,2,Ridge,86,0.17,0.1905106072565448
P2_rgkf,2,Ridge,87,0.19,0.2183687174989462
P2_rgkf,2,Ridge,105,0.23,0.2083963163354991
P2_rgkf,2,Ridge,109,0.17,0.2782014668973822
P2_rgkf,2,RF,6,0.64,0.3557007359307363
P2_rgkf,2,RF,9,0.42,0.351803640692641
P2_rgkf,2,RF,15,0.75,0.7537399999999992
P2_rgkf,2,RF,21,0.44,0.6503333333333342
P2_rgkf,2,RF,26,0.38,0.4046276292041297
P2_rgkf,2,RF,28,0.38,0.3795475577755594
P2_rgkf,2,RF,29,0.64,0.6050776923076886
P2_rgkf,2,RF,31,0.51,0.5737710256410236
P2_rgkf,2,RF,33,0.54,0.6285680256410249
P2_rgkf,2,RF,34,0.69,0.6295626923076917
P2_rgkf,2,RF,39,0.13,0.1690695101901998
P2_rgkf,2,RF,41,0.18,0.1632287160846813
P2_rgkf,2,RF,46,0.44,0.3961879999999972
P2_rgkf,2,RF,54,0.29,0.2926759674720159
P2_rgkf,2,RF,64,0.22,0.1934729452235792
P2_rgkf,2,RF,65,0.24,0.1934729452235792
P2_rgkf,2,RF,66,0.26,0.1934729452235792
P2_rgkf,2,RF,67,0.28,0.1934729452235792
P2_rgkf,2,RF,71,0.16,0.1945811534362469
P2_rgkf,2,RF,86,0.17,0.1771090547115392
P2_rgkf,2,RF,87,0.19,0.1936862923270296
P2_rgkf,2,RF,105,0.23,0.1457484688042174
P2_rgkf,2,RF,109,0.17,0.1644817218355381
P2_rgkf,2,ET,6,0.64,0.3655230697546272
P2_rgkf,2,ET,9,0.42,0.3669525791341366
P2_rgkf,2,ET,15,0.75,0.7555943958078953
P2_rgkf,2,ET,21,0.44,0.6518057053638784
P2_rgkf,2,ET,26,0.38,0.3788194125806542
P2_rgkf,2,ET,28,0.38,0.3958509826061179
P2_rgkf,2,ET,29,0.64,0.5810803621576247
P2_rgkf,2,ET,31,0.51,0.5782793846801331
P2_rgkf,2,ET,33,0.54,0.5907339980886055
P2_rgkf,2,ET,34,0.69,0.5906796806282881
P2_rgkf,2,ET,39,0.13,0.1694022577288805
P2_rgkf,2,ET,41,0.18,0.1834666131444072
P2_rgkf,2,ET,46,0.44,0.3988930565190395
P2_rgkf,2,ET,54,0.29,0.3070021357113314
P2_rgkf,2,ET,64,0.22,0.2023701007110289
P2_rgkf,2,ET,65,0.24,0.2023701007110289
P2_rgkf,2,ET,66,0.26,0.2023701007110289
P2_rgkf,2,ET,67,0.28,0.2023701007110289
P2_rgkf,2,ET,71,0.16,0.1964498503237409
P2_rgkf,2,ET,86,0.17,0.1807266985876364
P2_rgkf,2,ET,87,0.19,0.1996783704866336
P2_rgkf,2,ET,105,0.23,0.1702552301105266
P2_rgkf,2,ET,109,0.17,0.1904345812166697
P2_rgkf,2,XGB,6,0.64,0.2954250574111938
P2_rgkf,2,XGB,9,0.42,0.2939462065696716
P2_rgkf,2,XGB,15,0.75,0.8133183717727661
P2_rgkf,2,XGB,21,0.44,0.5728247165679932
P2_rgkf,2,XGB,26,0.38,0.3752015829086303
P2_rgkf,2,XGB,28,0.38,0.395434021949768
P2_rgkf,2,XGB,29,0.64,0.624377965927124
P2_rgkf,2,XGB,31,0.51,0.5647509098052979
P2_rgkf,2,XGB,33,0.54,0.5538401007652283
P2_rgkf,2,XGB,34,0.69,0.5485511422157288
P2_rgkf,2,XGB,39,0.13,0.1430807560682296
P2_rgkf,2,XGB,41,0.18,0.1871470063924789
P2_rgkf,2,XGB,46,0.44,0.3769474625587463
P2_rgkf,2,XGB,54,0.29,0.30147385597229
P2_rgkf,2,XGB,64,0.22,0.1906422674655914
P2_rgkf,2,XGB,65,0.24,0.1906422674655914
P2_rgkf,2,XGB,66,0.26,0.1906422674655914
P2_rgkf,2,XGB,67,0.28,0.1906422674655914
P2_rgkf,2,XGB,71,0.16,0.2125911563634872
P2_rgkf,2,XGB,86,0.17,0.1661730408668518
P2_rgkf,2,XGB,87,0.19,0.1813701540231704
P2_rgkf,2,XGB,105,0.23,0.1473276615142822
P2_rgkf,2,XGB,109,0.17,0.1738305985927581
P2_rgkf,2,LGBM,6,0.64,0.3195778104376531
P2_rgkf,2,LGBM,9,0.42,0.3246444827345269
P2_rgkf,2,LGBM,15,0.75,0.7623425714617422
P2_rgkf,2,LGBM,21,0.44,0.6598728600288883
P2_rgkf,2,LGBM,26,0.38,0.409799066122782
P2_rgkf,2,LGBM,28,0.38,0.409799066122782
P2_rgkf,2,LGBM,29,0.64,0.6134896765930848
P2_rgkf,2,LGBM,31,0.51,0.566163437408876
P2_rgkf,2,LGBM,33,0.54,0.5848426495386335
P2_rgkf,2,LGBM,34,0.69,0.5792987271137161
P2_rgkf,2,LGBM,39,0.13,0.1587500518521272
P2_rgkf,2,LGBM,41,0.18,0.1782242696473519
P2_rgkf,2,LGBM,46,0.44,0.3819662525824918
P2_rgkf,2,LGBM,54,0.29,0.3039820776699506
P2_rgkf,2,LGBM,64,0.22,0.2238379334567153
P2_rgkf,2,LGBM,65,0.24,0.2238379334567153
P2_rgkf,2,LGBM,66,0.26,0.2238379334567153
P2_rgkf,2,LGBM,67,0.28,0.2238379334567153
P2_rgkf,2,LGBM,71,0.16,0.1646514657858213
P2_rgkf,2,LGBM,86,0.17,0.1664722900582566
P2_rgkf,2,LGBM,87,0.19,0.1690468390618033
P2_rgkf,2,LGBM,105,0.23,0.1484709010729044
P2_rgkf,2,LGBM,109,0.17,0.2266009721021533
P2_rgkf,2,CatB,6,0.64,0.3474018532068873
P2_rgkf,2,CatB,9,0.42,0.3538002103030056
P2_rgkf,2,CatB,15,0.75,0.717142971881003
P2_rgkf,2,CatB,21,0.44,0.6046895331834118
P2_rgkf,2,CatB,26,0.38,0.3805835769270818
P2_rgkf,2,CatB,28,0.38,0.384825696743646
P2_rgkf,2,CatB,29,0.64,0.6304576108720766
P2_rgkf,2,CatB,31,0.51,0.5550510986415267
P2_rgkf,2,CatB,33,0.54,0.5472352232256774
P2_rgkf,2,CatB,34,0.69,0.5478253885929878
P2_rgkf,2,CatB,39,0.13,0.1694183048820647
P2_rgkf,2,CatB,41,0.18,0.1799936271250356
P2_rgkf,2,CatB,46,0.44,0.3684127862886006
P2_rgkf,2,CatB,54,0.29,0.277738826262196
P2_rgkf,2,CatB,64,0.22,0.2420467647465763
P2_rgkf,2,CatB,65,0.24,0.2420467647465763
P2_rgkf,2,CatB,66,0.26,0.2420467647465763
P2_rgkf,2,CatB,67,0.28,0.2420467647465763
P2_rgkf,2,CatB,71,0.16,0.2227155276769149
P2_rgkf,2,CatB,86,0.17,0.186232965694283
P2_rgkf,2,CatB,87,0.19,0.2230710474797042
P2_rgkf,2,CatB,105,0.23,0.1638260241433061
P2_rgkf,2,CatB,109,0.17,0.2061721827048385
P2_rgkf,2,SVR,6,0.64,0.3782476437525439
P2_rgkf,2,SVR,9,0.42,0.3849597199700424
P2_rgkf,2,SVR,15,0.75,0.8261952886949171
P2_rgkf,2,SVR,21,0.44,0.5483172824299085
P2_rgkf,2,SVR,26,0.38,0.3712657117676513
P2_rgkf,2,SVR,28,0.38,0.3704986062836909
P2_rgkf,2,SVR,29,0.64,0.318271846391701
P2_rgkf,2,SVR,31,0.51,0.5424004247546678
P2_rgkf,2,SVR,33,0.54,0.4435240997283257
P2_rgkf,2,SVR,34,0.69,0.4614054393010913
P2_rgkf,2,SVR,39,0.13,0.1737985911275077
P2_rgkf,2,SVR,41,0.18,0.1828339115687033
P2_rgkf,2,SVR,46,0.44,0.4055087690155135
P2_rgkf,2,SVR,54,0.29,0.3185005162367268
P2_rgkf,2,SVR,64,0.22,0.3408273311110869
P2_rgkf,2,SVR,65,0.24,0.3408273311110869
P2_rgkf,2,SVR,66,0.26,0.3408273311110869
P2_rgkf,2,SVR,67,0.28,0.3408273311110869
P2_rgkf,2,SVR,71,0.16,0.2521596465103545
P2_rgkf,2,SVR,86,0.17,0.1949474761973892
P2_rgkf,2,SVR,87,0.19,0.187975852069732
P2_rgkf,2,SVR,105,0.23,0.1530987501739605
P2_rgkf,2,SVR,109,0.17,0.3314260921352709
P2_rgkf,2,GPR,6,0.64,0.3612924891989638
P2_rgkf,2,GPR,9,0.42,0.3650167416841212
P2_rgkf,2,GPR,15,0.75,0.6300879917414366
P2_rgkf,2,GPR,21,0.44,0.649027741770941
P2_rgkf,2,GPR,26,0.38,0.3816331211698194
P2_rgkf,2,GPR,28,0.38,0.3844148746488415
P2_rgkf,2,GPR,29,0.64,0.6080020064111772
P2_rgkf,2,GPR,31,0.51,0.594451682118174
P2_rgkf,2,GPR,33,0.54,0.5934303654950872
P2_rgkf,2,GPR,34,0.69,0.5938424959492538
P2_rgkf,2,GPR,39,0.13,0.1678896379734381
P2_rgkf,2,GPR,41,0.18,0.1762615434765972
P2_rgkf,2,GPR,46,0.44,0.5048826548178273
P2_rgkf,2,GPR,54,0.29,0.3167211624050996
P2_rgkf,2,GPR,64,0.22,0.2170937480516784
P2_rgkf,2,GPR,65,0.24,0.2170937480516784
P2_rgkf,2,GPR,66,0.26,0.2170937480516784
P2_rgkf,2,GPR,67,0.28,0.2170937480516784
P2_rgkf,2,GPR,71,0.16,0.1632105010624489
P2_rgkf,2,GPR,86,0.17,0.1649596201249551
P2_rgkf,2,GPR,87,0.19,0.1760617146514045
P2_rgkf,2,GPR,105,0.23,0.162139546400624
P2_rgkf,2,GPR,109,0.17,0.1697664903121345
P2_rgkf,2,ANN,6,0.64,0.3431846234213692
P2_rgkf,2,ANN,9,0.42,0.3427439464538315
P2_rgkf,2,ANN,15,0.75,0.7959286403392147
P2_rgkf,2,ANN,21,0.44,0.6049805859681072
P2_rgkf,2,ANN,26,0.38,0.3973950473964022
P2_rgkf,2,ANN,28,0.38,0.3444865777475405
P2_rgkf,2,ANN,29,0.64,0.2781144580700786
P2_rgkf,2,ANN,31,0.51,0.5797740915189465
P2_rgkf,2,ANN,33,0.54,0.5820601726626006
P2_rgkf,2,ANN,34,0.69,0.5811653808992157
P2_rgkf,2,ANN,39,0.13,0.1587212265993
P2_rgkf,2,ANN,41,0.18,0.1807359604166203
P2_rgkf,2,ANN,46,0.44,0.4046972102823632
P2_rgkf,2,ANN,54,0.29,0.304549596902622
P2_rgkf,2,ANN,64,0.22,0.1791129497513146
P2_rgkf,2,ANN,65,0.24,0.1791129497513146
P2_rgkf,2,ANN,66,0.26,0.1791129497513146
P2_rgkf,2,ANN,67,0.28,0.1791129497513146
P2_rgkf,2,ANN,71,0.16,0.297569040097277
P2_rgkf,2,ANN,86,0.17,0.2092192114283603
P2_rgkf,2,ANN,87,0.19,0.2376287574111243
P2_rgkf,2,ANN,105,0.23,0.1452236647071981
P2_rgkf,2,ANN,109,0.17,0.1892657565677565
P2_rgkf,2,Mean,3,0.42,0.311
P2_rgkf,2,Mean,14,0.48,0.311
P2_rgkf,2,Mean,19,0.56,0.311
P2_rgkf,2,Mean,23,0.25,0.311
P2_rgkf,2,Mean,36,0.17,0.311
P2_rgkf,2,Mean,40,0.15,0.311
P2_rgkf,2,Mean,43,0.16,0.311
P2_rgkf,2,Mean,44,0.17,0.311
P2_rgkf,2,Mean,45,0.21,0.311
P2_rgkf,2,Mean,56,0.09,0.311
P2_rgkf,2,Mean,68,0.15,0.311
P2_rgkf,2,Mean,76,0.18,0.311
P2_rgkf,2,Mean,81,0.14,0.311
P2_rgkf,2,Mean,82,0.15,0.311
P2_rgkf,2,Mean,88,0.22,0.311
P2_rgkf,2,Mean,89,0.2,0.311
P2_rgkf,2,Mean,94,0.17,0.311
P2_rgkf,2,Mean,97,0.47,0.311
P2_rgkf,2,Mean,99,0.44,0.311
P2_rgkf,2,Mean,106,0.17,0.311
P2_rgkf,2,MVR,3,0.42,0.366972153735994
P2_rgkf,2,MVR,14,0.48,0.4437410764050071
P2_rgkf,2,MVR,19,0.56,0.6376934754977025
P2_rgkf,2,MVR,23,0.25,0.1918983005123897
P2_rgkf,2,MVR,36,0.17,0.2174899645630044
P2_rgkf,2,MVR,40,0.15,0.2816426584566661
P2_rgkf,2,MVR,43,0.16,0.2093356223397807
P2_rgkf,2,MVR,44,0.17,0.1574531370953667
P2_rgkf,2,MVR,45,0.21,0.176900241457775
P2_rgkf,2,MVR,56,0.09,0.0680759778150112
P2_rgkf,2,MVR,68,0.15,0.1796480238905385
P2_rgkf,2,MVR,76,0.18,0.2710247871332509
P2_rgkf,2,MVR,81,0.14,0.1925631609213419
P2_rgkf,2,MVR,82,0.15,0.1989806915174258
P2_rgkf,2,MVR,88,0.22,0.2329910984665976
P2_rgkf,2,MVR,89,0.2,0.1983286402627612
P2_rgkf,2,MVR,94,0.17,0.1545794106447422
P2_rgkf,2,MVR,97,0.47,0.366972153735994
P2_rgkf,2,MVR,99,0.44,0.262711246872878
P2_rgkf,2,MVR,106,0.17,0.163732157965926
P2_rgkf,2,Ridge,3,0.42,0.4191890707774213
P2_rgkf,2,Ridge,14,0.48,0.4293448406014685
P2_rgkf,2,Ridge,19,0.56,0.5347690135888383
P2_rgkf,2,Ridge,23,0.25,0.2535277938085116
P2_rgkf,2,Ridge,36,0.17,0.2442288740933237
P2_rgkf,2,Ridge,40,0.15,0.2983775331461259
P2_rgkf,2,Ridge,43,0.16,0.2248212935950274
P2_rgkf,2,Ridge,44,0.17,0.1342252777651551
P2_rgkf,2,Ridge,45,0.21,0.1554649407468125
P2_rgkf,2,Ridge,56,0.09,0.0675754152020588
P2_rgkf,2,Ridge,68,0.15,0.1912821951318403
P2_rgkf,2,Ridge,76,0.18,0.3002431632470987
P2_rgkf,2,Ridge,81,0.14,0.201815853499044
P2_rgkf,2,Ridge,82,0.15,0.1948850394474476
P2_rgkf,2,Ridge,88,0.22,0.2108419597296077
P2_rgkf,2,Ridge,89,0.2,0.2303822706213094
P2_rgkf,2,Ridge,94,0.17,0.1669456448001359
P2_rgkf,2,Ridge,97,0.47,0.4191890707774213
P2_rgkf,2,Ridge,99,0.44,0.3230599919236797
P2_rgkf,2,Ridge,106,0.17,0.1734696028372664
P2_rgkf,2,RF,3,0.42,0.3663160615609878
P2_rgkf,2,RF,14,0.48,0.4942143047067311
P2_rgkf,2,RF,19,0.56,0.679094623015873
P2_rgkf,2,RF,23,0.25,0.2597356746031745
P2_rgkf,2,RF,36,0.17,0.1605530555555556
P2_rgkf,2,RF,40,0.15,0.2683804166666667
P2_rgkf,2,RF,43,0.16,0.2215691587579088
P2_rgkf,2,RF,44,0.17,0.2024700892163393
P2_rgkf,2,RF,45,0.21,0.2294812247474748
P2_rgkf,2,RF,56,0.09,0.0971028571428571
P2_rgkf,2,RF,68,0.15,0.1695926984126984
P2_rgkf,2,RF,76,0.18,0.1758453571428571
P2_rgkf,2,RF,81,0.14,0.1718718452380952
P2_rgkf,2,RF,82,0.15,0.1772510317460316
P2_rgkf,2,RF,88,0.22,0.1971863095238096
P2_rgkf,2,RF,89,0.2,0.1916541269841268
P2_rgkf,2,RF,94,0.17,0.2144776938339438
P2_rgkf,2,RF,97,0.47,0.3663160615609878
P2_rgkf,2,RF,99,0.44,0.3612772619047617
P2_rgkf,2,RF,106,0.17,0.2179524160561661
P2_rgkf,2,ET,3,0.42,0.3787414339826844
P2_rgkf,2,ET,14,0.48,0.5132190178571421
P2_rgkf,2,ET,19,0.56,0.6359610714285694
P2_rgkf,2,ET,23,0.25,0.242135476190475
P2_rgkf,2,ET,36,0.17,0.1540249622273144
P2_rgkf,2,ET,40,0.15,0.214317915870894
P2_rgkf,2,ET,43,0.16,0.21484425595238
P2_rgkf,2,ET,44,0.17,0.2279181150793644
P2_rgkf,2,ET,45,0.21,0.2490812202380946
P2_rgkf,2,ET,56,0.09,0.0875883333333327
P2_rgkf,2,ET,68,0.15,0.1673573564615854
P2_rgkf,2,ET,76,0.18,0.1674515046048933
P2_rgkf,2,ET,81,0.14,0.171159500585521
P2_rgkf,2,ET,82,0.15,0.1776484608777871
P2_rgkf,2,ET,88,0.22,0.1991298617665229
P2_rgkf,2,ET,89,0.2,0.2002852530747759
P2_rgkf,2,ET,94,0.17,0.2073104720119703
P2_rgkf,2,ET,97,0.47,0.3787414339826844
P2_rgkf,2,ET,99,0.44,0.3762839285714273
P2_rgkf,2,ET,106,0.17,0.2094775553453037
P2_rgkf,2,XGB,3,0.42,0.3802355527877807
P2_rgkf,2,XGB,14,0.48,0.4552828669548034
P2_rgkf,2,XGB,19,0.56,0.700529932975769
P2_rgkf,2,XGB,23,0.25,0.2508051991462707
P2_rgkf,2,XGB,36,0.17,0.1601421982049942
P2_rgkf,2,XGB,40,0.15,0.2152039557695388
P2_rgkf,2,XGB,43,0.16,0.1826534867286682
P2_rgkf,2,XGB,44,0.17,0.16444693505764
P2_rgkf,2,XGB,45,0.21,0.2194015830755233
P2_rgkf,2,XGB,56,0.09,0.0800607204437255
P2_rgkf,2,XGB,68,0.15,0.1551046967506408
P2_rgkf,2,XGB,76,0.18,0.1530699431896209
P2_rgkf,2,XGB,81,0.14,0.149484246969223
P2_rgkf,2,XGB,82,0.15,0.1889360696077346
P2_rgkf,2,XGB,88,0.22,0.1796128898859024
P2_rgkf,2,XGB,89,0.2,0.1951227039098739
P2_rgkf,2,XGB,94,0.17,0.2208970487117767
P2_rgkf,2,XGB,97,0.47,0.3802355527877807
P2_rgkf,2,XGB,99,0.44,0.3645841777324676
P2_rgkf,2,XGB,106,0.17,0.2247656136751175
P2_rgkf,2,LGBM,3,0.42,0.3667963190868715
P2_rgkf,2,LGBM,14,0.48,0.449195337171588
P2_rgkf,2,LGBM,19,0.56,0.7008427312329133
P2_rgkf,2,LGBM,23,0.25,0.2517873672300454
P2_rgkf,2,LGBM,36,0.17,0.1600168259351793
P2_rgkf,2,LGBM,40,0.15,0.2309765516039616
P2_rgkf,2,LGBM,43,0.16,0.2088257395590899
P2_rgkf,2,LGBM,44,0.17,0.213171625025784
P2_rgkf,2,LGBM,45,0.21,0.209154897395029
P2_rgkf,2,LGBM,56,0.09,0.0866535337082156
P2_rgkf,2,LGBM,68,0.15,0.1720353532523183
P2_rgkf,2,LGBM,76,0.18,0.1511301641397564
P2_rgkf,2,LGBM,81,0.14,0.1608579167997283
P2_rgkf,2,LGBM,82,0.15,0.1637093304979022
P2_rgkf,2,LGBM,88,0.22,0.1968325536987203
P2_rgkf,2,LGBM,89,0.2,0.1950311137865508
P2_rgkf,2,LGBM,94,0.17,0.2165470380335576
P2_rgkf,2,LGBM,97,0.47,0.3667963190868715
P2_rgkf,2,LGBM,99,0.44,0.3695716384987357
P2_rgkf,2,LGBM,106,0.17,0.2161776285269525
P2_rgkf,2,CatB,3,0.42,0.3668509260402253
P2_rgkf,2,CatB,14,0.48,0.4773499202463668
P2_rgkf,2,CatB,19,0.56,0.70184951367832
P2_rgkf,2,CatB,23,0.25,0.2569298297443576
P2_rgkf,2,CatB,36,0.17,0.1633957381141973
P2_rgkf,2,CatB,40,0.15,0.2230628869969351
P2_rgkf,2,CatB,43,0.16,0.2141404849249116
P2_rgkf,2,CatB,44,0.17,0.2391840060461217
P2_rgkf,2,CatB,45,0.21,0.2554908153132886
P2_rgkf,2,CatB,56,0.09,0.1016851565862307
P2_rgkf,2,CatB,68,0.15,0.1757570794551613
P2_rgkf,2,CatB,76,0.18,0.1890639568998629
P2_rgkf,2,CatB,81,0.14,0.1744503414103603
P2_rgkf,2,CatB,82,0.15,0.2015269322616905
P2_rgkf,2,CatB,88,0.22,0.1983499597514172
P2_rgkf,2,CatB,89,0.2,0.2040635479011169
P2_rgkf,2,CatB,94,0.17,0.194926511943941
P2_rgkf,2,CatB,97,0.47,0.3668509260402253
P2_rgkf,2,CatB,99,0.44,0.3536086429303612
P2_rgkf,2,CatB,106,0.17,0.1958098550395294
P2_rgkf,2,SVR,3,0.42,0.384124172632216
P2_rgkf,2,SVR,14,0.48,0.4801131359996554
P2_rgkf,2,SVR,19,0.56,0.5469303848653977
P2_rgkf,2,SVR,23,0.25,0.249464502070809
P2_rgkf,2,SVR,36,0.17,0.1692655920612201
P2_rgkf,2,SVR,40,0.15,0.1783662860651037
P2_rgkf,2,SVR,43,0.16,0.1892823435647396
P2_rgkf,2,SVR,44,0.17,0.2164117442899249
P2_rgkf,2,SVR,45,0.21,0.2214061079871395
P2_rgkf,2,SVR,56,0.09,0.0807626183221845
P2_rgkf,2,SVR,68,0.15,0.1695765577841797
P2_rgkf,2,SVR,76,0.18,0.211581480796371
P2_rgkf,2,SVR,81,0.14,0.1372973768723515
P2_rgkf,2,SVR,82,0.15,0.1521704088795331
P2_rgkf,2,SVR,88,0.22,0.195549840015358
P2_rgkf,2,SVR,89,0.2,0.197533539593569
P2_rgkf,2,SVR,94,0.17,0.1329392235245096
P2_rgkf,2,SVR,97,0.47,0.384124172632216
P2_rgkf,2,SVR,99,0.44,0.3750376928305163
P2_rgkf,2,SVR,106,0.17,0.137548293602285
P2_rgkf,2,GPR,3,0.42,0.381860098207039
P2_rgkf,2,GPR,14,0.48,0.4522908294555179
P2_rgkf,2,GPR,19,0.56,0.6161346706513544
P2_rgkf,2,GPR,23,0.25,0.2621205550637691
P2_rgkf,2,GPR,36,0.17,0.1506193522849452
P2_rgkf,2,GPR,40,0.15,0.1506193522927583
P2_rgkf,2,GPR,43,0.16,0.1905623692210325
P2_rgkf,2,GPR,44,0.17,0.190054148336853
P2_rgkf,2,GPR,45,0.21,0.1900541483438134
P2_rgkf,2,GPR,56,0.09,0.0846390579250981
P2_rgkf,2,GPR,68,0.15,0.1631733456870475
P2_rgkf,2,GPR,76,0.18,0.2005200086808267
P2_rgkf,2,GPR,81,0.14,0.1585733433619373
P2_rgkf,2,GPR,82,0.15,0.1994859795530637
P2_rgkf,2,GPR,88,0.22,0.2012081281539566
P2_rgkf,2,GPR,89,0.2,0.1603471019302598
P2_rgkf,2,GPR,94,0.17,0.1759095011344345
P2_rgkf,2,GPR,97,0.47,0.381860098207039
P2_rgkf,2,GPR,99,0.44,0.3640823375587665
P2_rgkf,2,GPR,106,0.17,0.1855366608648961
P2_rgkf,2,ANN,3,0.42,0.3646629123209815
P2_rgkf,2,ANN,14,0.48,0.4726746767755544
P2_rgkf,2,ANN,19,0.56,0.7130299541433244
P2_rgkf,2,ANN,23,0.25,0.2323577052362165
P2_rgkf,2,ANN,36,0.17,0.1541643595446783
P2_rgkf,2,ANN,40,0.15,0.1851541092757869
P2_rgkf,2,ANN,43,0.16,0.2091321336189119
P2_rgkf,2,ANN,44,0.17,0.2410963148455738
P2_rgkf,2,ANN,45,0.21,0.267922431194753
P2_rgkf,2,ANN,56,0.09,0.0840446941857538
P2_rgkf,2,ANN,68,0.15,0.1807013906751588
P2_rgkf,2,ANN,76,0.18,0.1945979675209654
P2_rgkf,2,ANN,81,0.14,0.1446455674312457
P2_rgkf,2,ANN,82,0.15,0.0787341553069204
P2_rgkf,2,ANN,88,0.22,0.205424425448293
P2_rgkf,2,ANN,89,0.2,0.202562265037409
P2_rgkf,2,ANN,94,0.17,0.1919425586077458
P2_rgkf,2,ANN,97,0.47,0.3646629123209815
P2_rgkf,2,ANN,99,0.44,0.3618483192902142
P2_rgkf,2,ANN,106,0.17,0.2033683633622788
P2_rgkf,2,Mean,0,0.37,0.3122727272727273
P2_rgkf,2,Mean,1,0.37,0.3122727272727273
P2_rgkf,2,Mean,2,0.33,0.3122727272727273
P2_rgkf,2,Mean,4,0.46,0.3122727272727273
P2_rgkf,2,Mean,20,0.74,0.3122727272727273
P2_rgkf,2,Mean,22,0.23,0.3122727272727273
P2_rgkf,2,Mean,27,0.37,0.3122727272727273
P2_rgkf,2,Mean,35,0.17,0.3122727272727273
P2_rgkf,2,Mean,37,0.13,0.3122727272727273
P2_rgkf,2,Mean,42,0.19,0.3122727272727273
P2_rgkf,2,Mean,48,0.35,0.3122727272727273
P2_rgkf,2,Mean,57,0.09,0.3122727272727273
P2_rgkf,2,Mean,59,0.1,0.3122727272727273
P2_rgkf,2,Mean,60,0.02,0.3122727272727273
P2_rgkf,2,Mean,77,0.15,0.3122727272727273
P2_rgkf,2,Mean,78,0.14,0.3122727272727273
P2_rgkf,2,Mean,79,0.2,0.3122727272727273
P2_rgkf,2,Mean,84,0.19,0.3122727272727273
P2_rgkf,2,Mean,100,0.25,0.3122727272727273
P2_rgkf,2,Mean,101,0.2,0.3122727272727273
P2_rgkf,2,Mean,107,0.21,0.3122727272727273
P2_rgkf,2,Mean,108,0.2,0.3122727272727273
P2_rgkf,2,MVR,0,0.37,0.2920911459073772
P2_rgkf,2,MVR,1,0.37,0.2920911459073772
P2_rgkf,2,MVR,2,0.33,0.340584769180712
P2_rgkf,2,MVR,4,0.46,0.340584769180712
P2_rgkf,2,MVR,20,0.74,0.5682783534351853
P2_rgkf,2,MVR,22,0.23,0.2136755909362821
P2_rgkf,2,MVR,27,0.37,0.2555070346833589
P2_rgkf,2,MVR,35,0.17,0.2080457433856023
P2_rgkf,2,MVR,37,0.13,0.2080457433856023
P2_rgkf,2,MVR,42,0.19,0.2234634411265604
P2_rgkf,2,MVR,48,0.35,0.2774450394208024
P2_rgkf,2,MVR,57,0.09,0.1662294419117989
P2_rgkf,2,MVR,59,0.1,0.1721416485215327
P2_rgkf,2,MVR,60,0.02,0.0907573989092594
P2_rgkf,2,MVR,77,0.15,0.2275021558062709
P2_rgkf,2,MVR,78,0.14,0.1868271641633981
P2_rgkf,2,MVR,79,0.2,0.2450871618564825
P2_rgkf,2,MVR,84,0.19,0.2311732862459513
P2_rgkf,2,MVR,100,0.25,0.2097508243505017
P2_rgkf,2,MVR,101,0.2,0.1732841109206322
P2_rgkf,2,MVR,107,0.21,0.223370386651602
P2_rgkf,2,MVR,108,0.2,0.226218391864985
P2_rgkf,2,Ridge,0,0.37,0.3799456921992889
P2_rgkf,2,Ridge,1,0.37,0.3799456921992889
P2_rgkf,2,Ridge,2,0.33,0.4166847299154511
P2_rgkf,2,Ridge,4,0.46,0.4166847299154511
P2_rgkf,2,Ridge,20,0.74,0.5185739444654166
P2_rgkf,2,Ridge,22,0.23,0.2810096446333646
P2_rgkf,2,Ridge,27,0.37,0.3320930037076611
P2_rgkf,2,Ridge,35,0.17,0.2433959505789625
P2_rgkf,2,Ridge,37,0.13,0.2433959505789625
P2_rgkf,2,Ridge,42,0.19,0.2303760934546084
P2_rgkf,2,Ridge,48,0.35,0.3262383389189316
P2_rgkf,2,Ridge,57,0.09,0.2105931002892377
P2_rgkf,2,Ridge,59,0.1,0.216363065893642
P2_rgkf,2,Ridge,60,0.02,0.2176859864109826
P2_rgkf,2,Ridge,77,0.15,0.2542753492310263
P2_rgkf,2,Ridge,78,0.14,0.2075700992112054
P2_rgkf,2,Ridge,79,0.2,0.3060307202905199
P2_rgkf,2,Ridge,84,0.19,0.2002483085002567
P2_rgkf,2,Ridge,100,0.25,0.2766009601074252
P2_rgkf,2,Ridge,101,0.2,0.1936889132949849
P2_rgkf,2,Ridge,107,0.21,0.2004978977988268
P2_rgkf,2,Ridge,108,0.2,0.2408479599878231
P2_rgkf,2,RF,0,0.37,0.4210329030453117
P2_rgkf,2,RF,1,0.37,0.4210329030453117
P2_rgkf,2,RF,2,0.33,0.4322085095221682
P2_rgkf,2,RF,4,0.46,0.4322085095221682
P2_rgkf,2,RF,20,0.74,0.6137961965811967
P2_rgkf,2,RF,22,0.23,0.2944136281937017
P2_rgkf,2,RF,27,0.37,0.392884756379886
P2_rgkf,2,RF,35,0.17,0.1784296480581084
P2_rgkf,2,RF,37,0.13,0.1784296480581084
P2_rgkf,2,RF,42,0.19,0.1911325468998477
P2_rgkf,2,RF,48,0.35,0.4175174639798444
P2_rgkf,2,RF,57,0.09,0.1558952922302922
P2_rgkf,2,RF,59,0.1,0.156227435087435
P2_rgkf,2,RF,60,0.02,0.1358468467231005
P2_rgkf,2,RF,77,0.15,0.1780328009371317
P2_rgkf,2,RF,78,0.14,0.1774666281886783
P2_rgkf,2,RF,79,0.2,0.1848055181147286
P2_rgkf,2,RF,84,0.19,0.1786833170502755
P2_rgkf,2,RF,100,0.25,0.2944136281937017
P2_rgkf,2,RF,101,0.2,0.1796486108122395
P2_rgkf,2,RF,107,0.21,0.1775281810169248
P2_rgkf,2,RF,108,0.2,0.1762075627816712
P2_rgkf,2,ET,0,0.37,0.4099799505690384
P2_rgkf,2,ET,1,0.37,0.4099799505690384
P2_rgkf,2,ET,2,0.33,0.4316219573350618
P2_rgkf,2,ET,4,0.46,0.4316219573350618
P2_rgkf,2,ET,20,0.74,0.583093742154903
P2_rgkf,2,ET,22,0.23,0.2721928366042532
P2_rgkf,2,ET,27,0.37,0.3927575437015491
P2_rgkf,2,ET,35,0.17,0.1694562214933297
P2_rgkf,2,ET,37,0.13,0.1694562214933297
P2_rgkf,2,ET,42,0.19,0.1818032440919074
P2_rgkf,2,ET,48,0.35,0.4290755299428748
P2_rgkf,2,ET,57,0.09,0.1742860271412886
P2_rgkf,2,ET,59,0.1,0.1736068604746219
P2_rgkf,2,ET,60,0.02,0.1283314509445361
P2_rgkf,2,ET,77,0.15,0.1807885469493899
P2_rgkf,2,ET,78,0.14,0.1770623036752239
P2_rgkf,2,ET,79,0.2,0.1868389358205243
P2_rgkf,2,ET,84,0.19,0.1946146171371043
P2_rgkf,2,ET,100,0.25,0.2712024519888685
P2_rgkf,2,ET,101,0.2,0.1818278523591088
P2_rgkf,2,ET,107,0.21,0.1984895117984066
P2_rgkf,2,ET,108,0.2,0.1907567971965239
P2_rgkf,2,XGB,0,0.37,0.3789754509925842
P2_rgkf,2,XGB,1,0.37,0.3789754509925842
P2_rgkf,2,XGB,2,0.33,0.4308213889598846
P2_rgkf,2,XGB,4,0.46,0.4308213889598846
P2_rgkf,2,XGB,20,0.74,0.5557674169540405
P2_rgkf,2,XGB,22,0.23,0.2748454213142395
P2_rgkf,2,XGB,27,0.37,0.3765536546707153
P2_rgkf,2,XGB,35,0.17,0.1671028137207031
P2_rgkf,2,XGB,37,0.13,0.1671028137207031
P2_rgkf,2,XGB,42,0.19,0.163694754242897
P2_rgkf,2,XGB,48,0.35,0.4631849527359009
P2_rgkf,2,XGB,57,0.09,0.1434170305728912
P2_rgkf,2,XGB,59,0.1,0.1434170305728912
P2_rgkf,2,XGB,60,0.02,0.1277275383472442
P2_rgkf,2,XGB,77,0.15,0.2084892690181732
P2_rgkf,2,XGB,78,0.14,0.1748205870389938
P2_rgkf,2,XGB,79,0.2,0.1512228697538375
P2_rgkf,2,XGB,84,0.19,0.2834585309028625
P2_rgkf,2,XGB,100,0.25,0.2748454213142395
P2_rgkf,2,XGB,101,0.2,0.2179269343614578
P2_rgkf,2,XGB,107,0.21,0.2814497947692871
P2_rgkf,2,XGB,108,0.2,0.1954930871725082
P2_rgkf,2,LGBM,0,0.37,0.3729507862543114
P2_rgkf,2,LGBM,1,0.37,0.3729507862543114
P2_rgkf,2,LGBM,2,0.33,0.4476643005751998
P2_rgkf,2,LGBM,4,0.46,0.4476643005751998
P2_rgkf,2,LGBM,20,0.74,0.5993957758722253
P2_rgkf,2,LGBM,22,0.23,0.2494231408877561
P2_rgkf,2,LGBM,27,0.37,0.3998008208455928
P2_rgkf,2,LGBM,35,0.17,0.1697067694465954
P2_rgkf,2,LGBM,37,0.13,0.1697067694465954
P2_rgkf,2,LGBM,42,0.19,0.1643790917208495
P2_rgkf,2,LGBM,48,0.35,0.4599162360867786
P2_rgkf,2,LGBM,57,0.09,0.2213994936099119
P2_rgkf,2,LGBM,59,0.1,0.2615245792224364
P2_rgkf,2,LGBM,60,0.02,0.106036285633091
P2_rgkf,2,LGBM,77,0.15,0.2297254959177316
P2_rgkf,2,LGBM,78,0.14,0.1491290393290628
P2_rgkf,2,LGBM,79,0.2,0.1370091171995325
P2_rgkf,2,LGBM,84,0.19,0.2872579654550854
P2_rgkf,2,LGBM,100,0.25,0.2564061099478333
P2_rgkf,2,LGBM,101,0.2,0.256611742922933
P2_rgkf,2,LGBM,107,0.21,0.2531884080412632
P2_rgkf,2,LGBM,108,0.2,0.2118434407952952
P2_rgkf,2,CatB,0,0.37,0.3955867858410485
P2_rgkf,2,CatB,1,0.37,0.3955867858410485
P2_rgkf,2,CatB,2,0.33,0.4270585315548081
P2_rgkf,2,CatB,4,0.46,0.4270585315548081
P2_rgkf,2,CatB,20,0.74,0.5964688207331947
P2_rgkf,2,CatB,22,0.23,0.2699976344959977
P2_rgkf,2,CatB,27,0.37,0.3782374618229539
P2_rgkf,2,CatB,35,0.17,0.1595421571418008
P2_rgkf,2,CatB,37,0.13,0.1595421571418008
P2_rgkf,2,CatB,42,0.19,0.1964206634346081
P2_rgkf,2,CatB,48,0.35,0.4149691409627843
P2_rgkf,2,CatB,57,0.09,0.2066153037438854
P2_rgkf,2,CatB,59,0.1,0.2569529227835218
P2_rgkf,2,CatB,60,0.02,0.1157029259257549
P2_rgkf,2,CatB,77,0.15,0.191811267532751
P2_rgkf,2,CatB,78,0.14,0.1511991439162565
P2_rgkf,2,CatB,79,0.2,0.1675043747443031
P2_rgkf,2,CatB,84,0.19,0.209313368200193
P2_rgkf,2,CatB,100,0.25,0.2664347839253565
P2_rgkf,2,CatB,101,0.2,0.1900356687862401
P2_rgkf,2,CatB,107,0.21,0.1783437017419421
P2_rgkf,2,CatB,108,0.2,0.1956528601442373
P2_rgkf,2,SVR,0,0.37,0.3089510617200887
P2_rgkf,2,SVR,1,0.37,0.3089510617200887
P2_rgkf,2,SVR,2,0.33,0.4192513274513091
P2_rgkf,2,SVR,4,0.46,0.4192513274513091
P2_rgkf,2,SVR,20,0.74,0.5232764757889531
P2_rgkf,2,SVR,22,0.23,0.2438511825334358
P2_rgkf,2,SVR,27,0.37,0.3822469598194572
P2_rgkf,2,SVR,35,0.17,0.1567032308978185
P2_rgkf,2,SVR,37,0.13,0.1567032308978185
P2_rgkf,2,SVR,42,0.19,0.1597194146650581
P2_rgkf,2,SVR,48,0.35,0.4171567739362985
P2_rgkf,2,SVR,57,0.09,0.1700645956030539
P2_rgkf,2,SVR,59,0.1,0.1765655866697899
P2_rgkf,2,SVR,60,0.02,0.1009211838025322
P2_rgkf,2,SVR,77,0.15,0.1750139914109844
P2_rgkf,2,SVR,78,0.14,0.1233179483775672
P2_rgkf,2,SVR,79,0.2,0.1091498530731585
P2_rgkf,2,SVR,84,0.19,0.2131240598900914
P2_rgkf,2,SVR,100,0.25,0.2496635083966278
P2_rgkf,2,SVR,101,0.2,0.1637737302068187
P2_rgkf,2,SVR,107,0.21,0.211206606514353
P2_rgkf,2,SVR,108,0.2,0.2063361193213828
P2_rgkf,2,GPR,0,0.37,0.3951484970466432
P2_rgkf,2,GPR,1,0.37,0.3951484970466432
P2_rgkf,2,GPR,2,0.33,0.4013303978332721
P2_rgkf,2,GPR,4,0.46,0.4013303978332721
P2_rgkf,2,GPR,20,0.74,0.5581348540787704
P2_rgkf,2,GPR,22,0.23,0.2516677628172609
P2_rgkf,2,GPR,27,0.37,0.387188005641138
P2_rgkf,2,GPR,35,0.17,0.1585646666022522
P2_rgkf,2,GPR,37,0.13,0.1585646666022522
P2_rgkf,2,GPR,42,0.19,0.1678332482250706
P2_rgkf,2,GPR,48,0.35,0.4403207191138513
P2_rgkf,2,GPR,57,0.09,0.1549636211109667
P2_rgkf,2,GPR,59,0.1,0.1596502001115621
P2_rgkf,2,GPR,60,0.02,0.0989820948252885
P2_rgkf,2,GPR,77,0.15,0.1727245767008982
P2_rgkf,2,GPR,78,0.14,0.1397025199010671
P2_rgkf,2,GPR,79,0.2,0.1656886569215848
P2_rgkf,2,GPR,84,0.19,0.1881229242217392
P2_rgkf,2,GPR,100,0.25,0.2497970009226737
P2_rgkf,2,GPR,101,0.2,0.1692239876114574
P2_rgkf,2,GPR,107,0.21,0.1963863696353392
P2_rgkf,2,GPR,108,0.2,0.1972106976830976
P2_rgkf,2,ANN,0,0.37,0.2642495134846124
P2_rgkf,2,ANN,1,0.37,0.2642495134846124
P2_rgkf,2,ANN,2,0.33,0.3908921602766788
P2_rgkf,2,ANN,4,0.46,0.3908921602766788
P2_rgkf,2,ANN,20,0.74,0.5622829826390897
P2_rgkf,2,ANN,22,0.23,0.2502400269244438
P2_rgkf,2,ANN,27,0.37,0.3989445050724897
P2_rgkf,2,ANN,35,0.17,0.1599065094442379
P2_rgkf,2,ANN,37,0.13,0.1599065094442379
P2_rgkf,2,ANN,42,0.19,0.1624329816414809
P2_rgkf,2,ANN,48,0.35,0.6204324988690035
P2_rgkf,2,ANN,57,0.09,0.1550954991407812
P2_rgkf,2,ANN,59,0.1,0.1572021119545481
P2_rgkf,2,ANN,60,0.02,0.0910709176006592
P2_rgkf,2,ANN,77,0.15,0.1678101972865945
P2_rgkf,2,ANN,78,0.14,0.1193005227236243
P2_rgkf,2,ANN,79,0.2,0.1454939054600252
P2_rgkf,2,ANN,84,0.19,0.1513046913389498
P2_rgkf,2,ANN,100,0.25,0.2482751662447066
P2_rgkf,2,ANN,101,0.2,0.1276279541054681
P2_rgkf,2,ANN,107,0.21,0.2090448988823463
P2_rgkf,2,ANN,108,0.2,0.202756109008856
P2_rgkf,3,Mean,6,0.64,0.2903448275862069
P2_rgkf,3,Mean,13,0.48,0.2903448275862069
P2_rgkf,3,Mean,14,0.48,0.2903448275862069
P2_rgkf,3,Mean,15,0.75,0.2903448275862069
P2_rgkf,3,Mean,18,0.53,0.2903448275862069
P2_rgkf,3,Mean,19,0.56,0.2903448275862069
P2_rgkf,3,Mean,40,0.15,0.2903448275862069
P2_rgkf,3,Mean,45,0.21,0.2903448275862069
P2_rgkf,3,Mean,47,0.76,0.2903448275862069
P2_rgkf,3,Mean,49,0.55,0.2903448275862069
P2_rgkf,3,Mean,64,0.22,0.2903448275862069
P2_rgkf,3,Mean,65,0.24,0.2903448275862069
P2_rgkf,3,Mean,66,0.26,0.2903448275862069
P2_rgkf,3,Mean,67,0.28,0.2903448275862069
P2_rgkf,3,Mean,71,0.16,0.2903448275862069
P2_rgkf,3,Mean,77,0.15,0.2903448275862069
P2_rgkf,3,Mean,79,0.2,0.2903448275862069
P2_rgkf,3,Mean,80,0.15,0.2903448275862069
P2_rgkf,3,Mean,82,0.15,0.2903448275862069
P2_rgkf,3,Mean,83,0.15,0.2903448275862069
P2_rgkf,3,Mean,86,0.17,0.2903448275862069
P2_rgkf,3,Mean,87,0.19,0.2903448275862069
P2_rgkf,3,Mean,100,0.25,0.2903448275862069
P2_rgkf,3,MVR,6,0.64,0.5103909822285042
P2_rgkf,3,MVR,13,0.48,0.4004635923302407
P2_rgkf,3,MVR,14,0.48,0.4191976559577137
P2_rgkf,3,MVR,15,0.75,0.5474161315586729
P2_rgkf,3,MVR,18,0.53,0.6359156785957403
P2_rgkf,3,MVR,19,0.56,0.6469724999266948
P2_rgkf,3,MVR,40,0.15,0.25318462924419
P2_rgkf,3,MVR,45,0.21,0.1751164857842448
P2_rgkf,3,MVR,47,0.76,0.2116879774398747
P2_rgkf,3,MVR,49,0.55,0.2262831027207881
P2_rgkf,3,MVR,64,0.22,0.2958483949052176
P2_rgkf,3,MVR,65,0.24,0.2958483949052176
P2_rgkf,3,MVR,66,0.26,0.2958483949052176
P2_rgkf,3,MVR,67,0.28,0.2958483949052176
P2_rgkf,3,MVR,71,0.16,0.2313834657839735
P2_rgkf,3,MVR,77,0.15,0.2407863858688328
P2_rgkf,3,MVR,79,0.2,0.3101099232063471
P2_rgkf,3,MVR,80,0.15,0.228769422635774
P2_rgkf,3,MVR,82,0.15,0.2179041082649532
P2_rgkf,3,MVR,83,0.15,0.3137978690310937
P2_rgkf,3,MVR,86,0.17,0.2421810446770224
P2_rgkf,3,MVR,87,0.19,0.2311717165770179
P2_rgkf,3,MVR,100,0.25,0.2053528704040017
P2_rgkf,3,Ridge,6,0.64,0.4668858666447415
P2_rgkf,3,Ridge,13,0.48,0.3863040764808636
P2_rgkf,3,Ridge,14,0.48,0.3968533642690191
P2_rgkf,3,Ridge,15,0.75,0.4955004489439302
P2_rgkf,3,Ridge,18,0.53,0.53523179855573
P2_rgkf,3,Ridge,19,0.56,0.5429845024600953
P2_rgkf,3,Ridge,40,0.15,0.2859913519857151
P2_rgkf,3,Ridge,45,0.21,0.1702114764917641
P2_rgkf,3,Ridge,47,0.76,0.2341755571551149
P2_rgkf,3,Ridge,49,0.55,0.2582576123155241
P2_rgkf,3,Ridge,64,0.22,0.3159367027680122
P2_rgkf,3,Ridge,65,0.24,0.3159367027680122
P2_rgkf,3,Ridge,66,0.26,0.3159367027680122
P2_rgkf,3,Ridge,67,0.28,0.3159367027680122
P2_rgkf,3,Ridge,71,0.16,0.2439886832584484
P2_rgkf,3,Ridge,77,0.15,0.2580899593953866
P2_rgkf,3,Ridge,79,0.2,0.360667673358244
P2_rgkf,3,Ridge,80,0.15,0.2347241450087652
P2_rgkf,3,Ridge,82,0.15,0.2274636162914053
P2_rgkf,3,Ridge,83,0.15,0.3801109931487623
P2_rgkf,3,Ridge,86,0.17,0.2190374153943888
P2_rgkf,3,Ridge,87,0.19,0.22037313149474
P2_rgkf,3,Ridge,100,0.25,0.2509524346777519
P2_rgkf,3,RF,6,0.64,0.3719209970073788
P2_rgkf,3,RF,13,0.48,0.5015795192307682
P2_rgkf,3,RF,14,0.48,0.5414982692307679
P2_rgkf,3,RF,15,0.75,0.6977136904761896
P2_rgkf,3,RF,18,0.53,0.6395708333333322
P2_rgkf,3,RF,19,0.56,0.670945833333332
P2_rgkf,3,RF,40,0.15,0.2160022024815669
P2_rgkf,3,RF,45,0.21,0.1890650682304658
P2_rgkf,3,RF,47,0.76,0.3887376441102754
P2_rgkf,3,RF,49,0.55,0.3648126441102757
P2_rgkf,3,RF,64,0.22,0.2041276214814261
P2_rgkf,3,RF,65,0.24,0.2041276214814261
P2_rgkf,3,RF,66,0.26,0.2041276214814261
P2_rgkf,3,RF,67,0.28,0.2041276214814261
P2_rgkf,3,RF,71,0.16,0.1846435894532818
P2_rgkf,3,RF,77,0.15,0.1847188332272376
P2_rgkf,3,RF,79,0.2,0.2252598955274475
P2_rgkf,3,RF,80,0.15,0.1699328510217106
P2_rgkf,3,RF,82,0.15,0.1765420796776557
P2_rgkf,3,RF,83,0.15,0.2395813806553761
P2_rgkf,3,RF,86,0.17,0.18476688961266
P2_rgkf,3,RF,87,0.19,0.1969146113308387
P2_rgkf,3,RF,100,0.25,0.2548562499999998
P2_rgkf,3,ET,6,0.64,0.371360521793022
P2_rgkf,3,ET,13,0.48,0.4874272513597515
P2_rgkf,3,ET,14,0.48,0.4995164577089576
P2_rgkf,3,ET,15,0.75,0.6749754845690359
P2_rgkf,3,ET,18,0.53,0.6642463551799064
P2_rgkf,3,ET,19,0.56,0.6743366197301709
P2_rgkf,3,ET,40,0.15,0.1956668652254185
P2_rgkf,3,ET,45,0.21,0.2100858843008844
P2_rgkf,3,ET,47,0.76,0.3363277854674062
P2_rgkf,3,ET,49,0.55,0.3333988965785174
P2_rgkf,3,ET,64,0.22,0.2230126872737397
P2_rgkf,3,ET,65,0.24,0.2230126872737397
P2_rgkf,3,ET,66,0.26,0.2230126872737397
P2_rgkf,3,ET,67,0.28,0.2230126872737397
P2_rgkf,3,ET,71,0.16,0.2023491886938093
P2_rgkf,3,ET,77,0.15,0.1898643616689822
P2_rgkf,3,ET,79,0.2,0.2384776873063079
P2_rgkf,3,ET,80,0.15,0.1781419919894917
P2_rgkf,3,ET,82,0.15,0.1930524167684164
P2_rgkf,3,ET,83,0.15,0.2439029174650382
P2_rgkf,3,ET,86,0.17,0.2051615706636911
P2_rgkf,3,ET,87,0.19,0.2212854992351196
P2_rgkf,3,ET,100,0.25,0.2768024290524297
P2_rgkf,3,XGB,6,0.64,0.2874952554702759
P2_rgkf,3,XGB,13,0.48,0.4780761301517486
P2_rgkf,3,XGB,14,0.48,0.5198569893836975
P2_rgkf,3,XGB,15,0.75,0.7793828845024109
P2_rgkf,3,XGB,18,0.53,0.6041333079338074
P2_rgkf,3,XGB,19,0.56,0.7235544323921204
P2_rgkf,3,XGB,40,0.15,0.3002698719501495
P2_rgkf,3,XGB,45,0.21,0.1701981723308563
P2_rgkf,3,XGB,47,0.76,0.3883217275142669
P2_rgkf,3,XGB,49,0.55,0.3731558322906494
P2_rgkf,3,XGB,64,0.22,0.1579251289367675
P2_rgkf,3,XGB,65,0.24,0.1579251289367675
P2_rgkf,3,XGB,66,0.26,0.1579251289367675
P2_rgkf,3,XGB,67,0.28,0.1579251289367675
P2_rgkf,3,XGB,71,0.16,0.200412631034851
P2_rgkf,3,XGB,77,0.15,0.215107262134552
P2_rgkf,3,XGB,79,0.2,0.1247503608465194
P2_rgkf,3,XGB,80,0.15,0.1471640020608902
P2_rgkf,3,XGB,82,0.15,0.1541584879159927
P2_rgkf,3,XGB,83,0.15,0.1472391933202743
P2_rgkf,3,XGB,86,0.17,0.1771689355373382
P2_rgkf,3,XGB,87,0.19,0.2389255315065384
P2_rgkf,3,XGB,100,0.25,0.2408243268728256
P2_rgkf,3,LGBM,6,0.64,0.3471269960804236
P2_rgkf,3,LGBM,13,0.48,0.455759669432519
P2_rgkf,3,LGBM,14,0.48,0.4762904088858939
P2_rgkf,3,LGBM,15,0.75,0.7948791659926212
P2_rgkf,3,LGBM,18,0.53,0.5150240511521005
P2_rgkf,3,LGBM,19,0.56,0.7012651942511611
P2_rgkf,3,LGBM,40,0.15,0.2049857371315038
P2_rgkf,3,LGBM,45,0.21,0.1966108200421956
P2_rgkf,3,LGBM,47,0.76,0.3045420454191199
P2_rgkf,3,LGBM,49,0.55,0.3336471698157865
P2_rgkf,3,LGBM,64,0.22,0.2364425909877935
P2_rgkf,3,LGBM,65,0.24,0.2364425909877935
P2_rgkf,3,LGBM,66,0.26,0.2364425909877935
P2_rgkf,3,LGBM,67,0.28,0.2364425909877935
P2_rgkf,3,LGBM,71,0.16,0.2602084471088046
P2_rgkf,3,LGBM,77,0.15,0.1679310561795
P2_rgkf,3,LGBM,79,0.2,0.167163641442958
P2_rgkf,3,LGBM,80,0.15,0.1496314059744984
P2_rgkf,3,LGBM,82,0.15,0.106471977435914
P2_rgkf,3,LGBM,83,0.15,0.1198165516544218
P2_rgkf,3,LGBM,86,0.17,0.1850434681530234
P2_rgkf,3,LGBM,87,0.19,0.2447808375260247
P2_rgkf,3,LGBM,100,0.25,0.247509568070517
P2_rgkf,3,CatB,6,0.64,0.3626043443734311
P2_rgkf,3,CatB,13,0.48,0.4492282893805458
P2_rgkf,3,CatB,14,0.48,0.4757242059044456
P2_rgkf,3,CatB,15,0.75,0.7516611538362714
P2_rgkf,3,CatB,18,0.53,0.5839061969595118
P2_rgkf,3,CatB,19,0.56,0.6642369625102627
P2_rgkf,3,CatB,40,0.15,0.23500018350704
P2_rgkf,3,CatB,45,0.21,0.192834088973121
P2_rgkf,3,CatB,47,0.76,0.3626245541985013
P2_rgkf,3,CatB,49,0.55,0.3474680568261923
P2_rgkf,3,CatB,64,0.22,0.2155557519272803
P2_rgkf,3,CatB,65,0.24,0.2155557519272803
P2_rgkf,3,CatB,66,0.26,0.2155557519272803
P2_rgkf,3,CatB,67,0.28,0.2155557519272803
P2_rgkf,3,CatB,71,0.16,0.2183160610646245
P2_rgkf,3,CatB,77,0.15,0.1851785534874073
P2_rgkf,3,CatB,79,0.2,0.1830360553531087
P2_rgkf,3,CatB,80,0.15,0.1884554126185026
P2_rgkf,3,CatB,82,0.15,0.1567210100476544
P2_rgkf,3,CatB,83,0.15,0.1767685981928864
P2_rgkf,3,CatB,86,0.17,0.1707033533594135
P2_rgkf,3,CatB,87,0.19,0.2359473534461452
P2_rgkf,3,CatB,100,0.25,0.2473008351299519
P2_rgkf,3,SVR,6,0.64,0.3914798352340913
P2_rgkf,3,SVR,13,0.48,0.4652735712147347
P2_rgkf,3,SVR,14,0.48,0.4760887777019942
P2_rgkf,3,SVR,15,0.75,0.7550645165786266
P2_rgkf,3,SVR,18,0.53,0.7307331330729822
P2_rgkf,3,SVR,19,0.56,0.7628254329066282
P2_rgkf,3,SVR,40,0.15,0.166829285500343
P2_rgkf,3,SVR,45,0.21,0.1731838894492623
P2_rgkf,3,SVR,47,0.76,0.3942596857222805
P2_rgkf,3,SVR,49,0.55,0.2735350538327764
P2_rgkf,3,SVR,64,0.22,0.1745087711398415
P2_rgkf,3,SVR,65,0.24,0.1745087711398415
P2_rgkf,3,SVR,66,0.26,0.1745087711398415
P2_rgkf,3,SVR,67,0.28,0.1745087711398415
P2_rgkf,3,SVR,71,0.16,0.285830275159841
P2_rgkf,3,SVR,77,0.15,0.1866159502295582
P2_rgkf,3,SVR,79,0.2,0.1682688906704645
P2_rgkf,3,SVR,80,0.15,0.1707562253319244
P2_rgkf,3,SVR,82,0.15,0.1599894290055113
P2_rgkf,3,SVR,83,0.15,0.2005022106936921
P2_rgkf,3,SVR,86,0.17,0.1992212773235179
P2_rgkf,3,SVR,87,0.19,0.2356268977777934
P2_rgkf,3,SVR,100,0.25,0.2402292160344846
P2_rgkf,3,GPR,6,0.64,0.3802745228455234
P2_rgkf,3,GPR,13,0.48,0.4293188451694167
P2_rgkf,3,GPR,14,0.48,0.4293188454403566
P2_rgkf,3,GPR,15,0.75,0.7904797124814504
P2_rgkf,3,GPR,18,0.53,0.6068562242804304
P2_rgkf,3,GPR,19,0.56,0.6068562248006119
P2_rgkf,3,GPR,40,0.15,0.1536797763252224
P2_rgkf,3,GPR,45,0.21,0.1735731824955743
P2_rgkf,3,GPR,47,0.76,0.3459352453422829
P2_rgkf,3,GPR,49,0.55,0.3459352417540864
P2_rgkf,3,GPR,64,0.22,0.2636992272570444
P2_rgkf,3,GPR,65,0.24,0.2636992272570444
P2_rgkf,3,GPR,66,0.26,0.2636992272570444
P2_rgkf,3,GPR,67,0.28,0.2636992272570444
P2_rgkf,3,GPR,71,0.16,0.1466880962915542
P2_rgkf,3,GPR,77,0.15,0.2034594766936951
P2_rgkf,3,GPR,79,0.2,0.2504779149944625
P2_rgkf,3,GPR,80,0.15,0.1586604057430574
P2_rgkf,3,GPR,82,0.15,0.1947373677882718
P2_rgkf,3,GPR,83,0.15,0.2654521621952109
P2_rgkf,3,GPR,86,0.17,0.2001467102729549
P2_rgkf,3,GPR,87,0.19,0.2000847940880238
P2_rgkf,3,GPR,100,0.25,0.2642686648364296
P2_rgkf,3,ANN,6,0.64,0.3885451010748995
P2_rgkf,3,ANN,13,0.48,0.4502750077862635
P2_rgkf,3,ANN,14,0.48,0.4989085905035634
P2_rgkf,3,ANN,15,0.75,0.658481657555065
P2_rgkf,3,ANN,18,0.53,0.6685987645248072
P2_rgkf,3,ANN,19,0.56,0.7214631027205924
P2_rgkf,3,ANN,40,0.15,0.2161782646307075
P2_rgkf,3,ANN,45,0.21,0.167577040023335
P2_rgkf,3,ANN,47,0.76,0.3733080792499197
P2_rgkf,3,ANN,49,0.55,0.2929069695619743
P2_rgkf,3,ANN,64,0.22,0.1907047155961958
P2_rgkf,3,ANN,65,0.24,0.1907047155961958
P2_rgkf,3,ANN,66,0.26,0.1907047155961958
P2_rgkf,3,ANN,67,0.28,0.1907047155961958
P2_rgkf,3,ANN,71,0.16,0.3020722667130553
P2_rgkf,3,ANN,77,0.15,0.1785369542269866
P2_rgkf,3,ANN,79,0.2,0.2084915420798301
P2_rgkf,3,ANN,80,0.15,0.1829684069552291
P2_rgkf,3,ANN,82,0.15,0.1259995765842408
P2_rgkf,3,ANN,83,0.15,0.2561191649081383
P2_rgkf,3,ANN,86,0.17,0.2039035142942691
P2_rgkf,3,ANN,87,0.19,0.2268936914347927
P2_rgkf,3,ANN,100,0.25,0.2403730981012886
P2_rgkf,3,Mean,0,0.37,0.2887640449438202
P2_rgkf,3,Mean,1,0.37,0.2887640449438202
P2_rgkf,3,Mean,9,0.42,0.2887640449438202
P2_rgkf,3,Mean,12,0.46,0.2887640449438202
P2_rgkf,3,Mean,16,0.96,0.2887640449438202
P2_rgkf,3,Mean,17,0.76,0.2887640449438202
P2_rgkf,3,Mean,23,0.25,0.2887640449438202
P2_rgkf,3,Mean,29,0.64,0.2887640449438202
P2_rgkf,3,Mean,32,0.64,0.2887640449438202
P2_rgkf,3,Mean,38,0.17,0.2887640449438202
P2_rgkf,3,Mean,43,0.16,0.2887640449438202
P2_rgkf,3,Mean,51,0.23,0.2887640449438202
P2_rgkf,3,Mean,54,0.29,0.2887640449438202
P2_rgkf,3,Mean,59,0.1,0.2887640449438202
P2_rgkf,3,Mean,76,0.18,0.2887640449438202
P2_rgkf,3,Mean,81,0.14,0.2887640449438202
P2_rgkf,3,Mean,91,0.14,0.2887640449438202
P2_rgkf,3,Mean,96,0.12,0.2887640449438202
P2_rgkf,3,Mean,99,0.44,0.2887640449438202
P2_rgkf,3,Mean,105,0.23,0.2887640449438202
P2_rgkf,3,Mean,106,0.17,0.2887640449438202
P2_rgkf,3,MVR,0,0.37,0.2629630221766107
P2_rgkf,3,MVR,1,0.37,0.2629630221766107
P2_rgkf,3,MVR,9,0.42,0.4468433192392681
P2_rgkf,3,MVR,12,0.46,0.3768313982384402
P2_rgkf,3,MVR,16,0.96,0.5975686125097351
P2_rgkf,3,MVR,17,0.76,0.4995213695618009
P2_rgkf,3,MVR,23,0.25,0.1848206612531892
P2_rgkf,3,MVR,29,0.64,0.4276106294185668
P2_rgkf,3,MVR,32,0.64,0.8162291561383305
P2_rgkf,3,MVR,38,0.17,0.2067483937114413
P2_rgkf,3,MVR,43,0.16,0.195512615724755
P2_rgkf,3,MVR,51,0.23,0.3687955430659239
P2_rgkf,3,MVR,54,0.29,0.2589728956209543
P2_rgkf,3,MVR,59,0.1,0.1334673581766687
P2_rgkf,3,MVR,76,0.18,0.2683286653823067
P2_rgkf,3,MVR,81,0.14,0.2020119791336975
P2_rgkf,3,MVR,91,0.14,0.2153846853185285
P2_rgkf,3,MVR,96,0.12,0.1842613582612183
P2_rgkf,3,MVR,99,0.44,0.2526700956152479
P2_rgkf,3,MVR,105,0.23,0.2111375078837954
P2_rgkf,3,MVR,106,0.17,0.1702402699949378
P2_rgkf,3,Ridge,0,0.37,0.363832588545982
P2_rgkf,3,Ridge,1,0.37,0.363832588545982
P2_rgkf,3,Ridge,9,0.42,0.4561289805598191
P2_rgkf,3,Ridge,12,0.46,0.4069848051184737
P2_rgkf,3,Ridge,16,0.96,0.497220416334527
P2_rgkf,3,Ridge,17,0.76,0.4592987479801252
P2_rgkf,3,Ridge,23,0.25,0.2495984089489448
P2_rgkf,3,Ridge,29,0.64,0.3877863640018694
P2_rgkf,3,Ridge,32,0.64,0.763894056548733
P2_rgkf,3,Ridge,38,0.17,0.2161024476592896
P2_rgkf,3,Ridge,43,0.16,0.2141645978951609
P2_rgkf,3,Ridge,51,0.23,0.4217999445565106
P2_rgkf,3,Ridge,54,0.29,0.3118948502826217
P2_rgkf,3,Ridge,59,0.1,0.1937556789661677
P2_rgkf,3,Ridge,76,0.18,0.2779299144897567
P2_rgkf,3,Ridge,81,0.14,0.1992525247461509
P2_rgkf,3,Ridge,91,0.14,0.2066279226933654
P2_rgkf,3,Ridge,96,0.12,0.1516526104922
P2_rgkf,3,Ridge,99,0.44,0.3004915999882543
P2_rgkf,3,Ridge,105,0.23,0.2040738156214651
P2_rgkf,3,Ridge,106,0.17,0.1805921875163007
P2_rgkf,3,RF,0,0.37,0.3987403333333339
P2_rgkf,3,RF,1,0.37,0.3987403333333339
P2_rgkf,3,RF,9,0.42,0.4459243174603181
P2_rgkf,3,RF,12,0.46,0.5024168730158731
P2_rgkf,3,RF,16,0.96,0.5828487698412698
P2_rgkf,3,RF,17,0.76,0.4891101904761907
P2_rgkf,3,RF,23,0.25,0.2713613473748473
P2_rgkf,3,RF,29,0.64,0.596192111111111
P2_rgkf,3,RF,32,0.64,0.5567946349206346
P2_rgkf,3,RF,38,0.17,0.1573238045761255
P2_rgkf,3,RF,43,0.16,0.2047038191997029
P2_rgkf,3,RF,51,0.23,0.4235252936507925
P2_rgkf,3,RF,54,0.29,0.3170772246642236
P2_rgkf,3,RF,59,0.1,0.1260112380952383
P2_rgkf,3,RF,76,0.18,0.1619648573724006
P2_rgkf,3,RF,81,0.14,0.1651665187854626
P2_rgkf,3,RF,91,0.14,0.2044834546779328
P2_rgkf,3,RF,96,0.12,0.2043697129751912
P2_rgkf,3,RF,99,0.44,0.3743196341991333
P2_rgkf,3,RF,105,0.23,0.2038039784874566
P2_rgkf,3,RF,106,0.17,0.2028203799646344
P2_rgkf,3,ET,0,0.37,0.3859433178726044
P2_rgkf,3,ET,1,0.37,0.3859433178726044
P2_rgkf,3,ET,9,0.42,0.4458209523809506
P2_rgkf,3,ET,12,0.46,0.4967908256029693
P2_rgkf,3,ET,16,0.96,0.5968162399505268
P2_rgkf,3,ET,17,0.76,0.5327685435992604
P2_rgkf,3,ET,23,0.25,0.2429348716759435
P2_rgkf,3,ET,29,0.64,0.5364075850340131
P2_rgkf,3,ET,32,0.64,0.5387504761904743
P2_rgkf,3,ET,38,0.17,0.1547235191974683
P2_rgkf,3,ET,43,0.16,0.1891120948850642
P2_rgkf,3,ET,51,0.23,0.4205187538651819
P2_rgkf,3,ET,54,0.29,0.2939648673152233
P2_rgkf,3,ET,59,0.1,0.1124151540919395
P2_rgkf,3,ET,76,0.18,0.1656425555329976
P2_rgkf,3,ET,81,0.14,0.1691955796704073
P2_rgkf,3,ET,91,0.14,0.198908519879784
P2_rgkf,3,ET,96,0.12,0.1977214959909743
P2_rgkf,3,ET,99,0.44,0.373386980519479
P2_rgkf,3,ET,105,0.23,0.1962567511723009
P2_rgkf,3,ET,106,0.17,0.2014880950765391
P2_rgkf,3,XGB,0,0.37,0.3889766335487366
P2_rgkf,3,XGB,1,0.37,0.3889766335487366
P2_rgkf,3,XGB,9,0.42,0.3560354709625244
P2_rgkf,3,XGB,12,0.46,0.5390589833259583
P2_rgkf,3,XGB,16,0.96,0.5979553461074829
P2_rgkf,3,XGB,17,0.76,0.4305226504802704
P2_rgkf,3,XGB,23,0.25,0.2434761375188827
P2_rgkf,3,XGB,29,0.64,0.6225519776344299
P2_rgkf,3,XGB,32,0.64,0.5433306097984314
P2_rgkf,3,XGB,38,0.17,0.1619063764810562
P2_rgkf,3,XGB,43,0.16,0.1787171363830566
P2_rgkf,3,XGB,51,0.23,0.4458478093147278
P2_rgkf,3,XGB,54,0.29,0.3315342366695404
P2_rgkf,3,XGB,59,0.1,0.104763314127922
P2_rgkf,3,XGB,76,0.18,0.1649406552314758
P2_rgkf,3,XGB,81,0.14,0.1746110469102859
P2_rgkf,3,XGB,91,0.14,0.2197259366512298
P2_rgkf,3,XGB,96,0.12,0.2326810210943222
P2_rgkf,3,XGB,99,0.44,0.3578185439109802
P2_rgkf,3,XGB,105,0.23,0.2199136465787887
P2_rgkf,3,XGB,106,0.17,0.1779686361551284
P2_rgkf,3,LGBM,0,0.37,0.3563885094094129
P2_rgkf,3,LGBM,1,0.37,0.3563885094094129
P2_rgkf,3,LGBM,9,0.42,0.373640656138836
P2_rgkf,3,LGBM,12,0.46,0.503274414785518
P2_rgkf,3,LGBM,16,0.96,0.6018930259784635
P2_rgkf,3,LGBM,17,0.76,0.4555501278308621
P2_rgkf,3,LGBM,23,0.25,0.2441192750590458
P2_rgkf,3,LGBM,29,0.64,0.6117057577445276
P2_rgkf,3,LGBM,32,0.64,0.555715931007874
P2_rgkf,3,LGBM,38,0.17,0.159318925770106
P2_rgkf,3,LGBM,43,0.16,0.2249661010526721
P2_rgkf,3,LGBM,51,0.23,0.4429591005388846
P2_rgkf,3,LGBM,54,0.29,0.3522049153965532
P2_rgkf,3,LGBM,59,0.1,0.1328467112736868
P2_rgkf,3,LGBM,76,0.18,0.1523457727639037
P2_rgkf,3,LGBM,81,0.14,0.1741212461759937
P2_rgkf,3,LGBM,91,0.14,0.2247659809794472
P2_rgkf,3,LGBM,96,0.12,0.227807614827082
P2_rgkf,3,LGBM,99,0.44,0.3691485754225038
P2_rgkf,3,LGBM,105,0.23,0.2247659809794472
P2_rgkf,3,LGBM,106,0.17,0.1959194629472594
P2_rgkf,3,CatB,0,0.37,0.3684607835839771
P2_rgkf,3,CatB,1,0.37,0.3684607835839771
P2_rgkf,3,CatB,9,0.42,0.3833165272619292
P2_rgkf,3,CatB,12,0.46,0.6326405447905573
P2_rgkf,3,CatB,16,0.96,0.5906687049699617
P2_rgkf,3,CatB,17,0.76,0.4297755363297055
P2_rgkf,3,CatB,23,0.25,0.2498334175389893
P2_rgkf,3,CatB,29,0.64,0.6360630994530267
P2_rgkf,3,CatB,32,0.64,0.5249748836380657
P2_rgkf,3,CatB,38,0.17,0.1696248933333676
P2_rgkf,3,CatB,43,0.16,0.1845610360263958
P2_rgkf,3,CatB,51,0.23,0.4253802563084997
P2_rgkf,3,CatB,54,0.29,0.3491784176016888
P2_rgkf,3,CatB,59,0.1,0.1213031360451217
P2_rgkf,3,CatB,76,0.18,0.1567056510679681
P2_rgkf,3,CatB,81,0.14,0.17186744271442
P2_rgkf,3,CatB,91,0.14,0.1688425908721784
P2_rgkf,3,CatB,96,0.12,0.1818246741424209
P2_rgkf,3,CatB,99,0.44,0.3707103507756701
P2_rgkf,3,CatB,105,0.23,0.166366166876644
P2_rgkf,3,CatB,106,0.17,0.170118091687677
P2_rgkf,3,SVR,0,0.37,0.3528414614635413
P2_rgkf,3,SVR,1,0.37,0.3528414614635413
P2_rgkf,3,SVR,9,0.42,0.4390479355396717
P2_rgkf,3,SVR,12,0.46,0.4187299755578395
P2_rgkf,3,SVR,16,0.96,0.5661080461683454
P2_rgkf,3,SVR,17,0.76,0.513885134694186
P2_rgkf,3,SVR,23,0.25,0.2489677490383834
P2_rgkf,3,SVR,29,0.64,0.3931941039186146
P2_rgkf,3,SVR,32,0.64,0.3907472346313807
P2_rgkf,3,SVR,38,0.17,0.1679505836185928
P2_rgkf,3,SVR,43,0.16,0.1846717787067943
P2_rgkf,3,SVR,51,0.23,0.4332136207236808
P2_rgkf,3,SVR,54,0.29,0.3341376208270383
P2_rgkf,3,SVR,59,0.1,0.1123742075476941
P2_rgkf,3,SVR,76,0.18,0.2062967727573747
P2_rgkf,3,SVR,81,0.14,0.1419114084145428
P2_rgkf,3,SVR,91,0.14,0.1817029998145591
P2_rgkf,3,SVR,96,0.12,0.1409933781148813
P2_rgkf,3,SVR,99,0.44,0.3718983109972154
P2_rgkf,3,SVR,105,0.23,0.178621805518045
P2_rgkf,3,SVR,106,0.17,0.1490073802487002
P2_rgkf,3,GPR,0,0.37,0.3774489725245528
P2_rgkf,3,GPR,1,0.37,0.3774489725245528
P2_rgkf,3,GPR,9,0.42,0.3948344530082974
P2_rgkf,3,GPR,12,0.46,0.4660511086577414
P2_rgkf,3,GPR,16,0.96,0.6458969564883006
P2_rgkf,3,GPR,17,0.76,0.6458969550891056
P2_rgkf,3,GPR,23,0.25,0.2604009700565249
P2_rgkf,3,GPR,29,0.64,0.5966034784352963
P2_rgkf,3,GPR,32,0.64,0.5608694278658658
P2_rgkf,3,GPR,38,0.17,0.1499789525323114
P2_rgkf,3,GPR,43,0.16,0.1896527213389809
P2_rgkf,3,GPR,51,0.23,0.4427467529687865
P2_rgkf,3,GPR,54,0.29,0.282438247027805
P2_rgkf,3,GPR,59,0.1,0.0818299404805475
P2_rgkf,3,GPR,76,0.18,0.1943489842127777
P2_rgkf,3,GPR,81,0.14,0.1682449301688472
P2_rgkf,3,GPR,91,0.14,0.2221573426174369
P2_rgkf,3,GPR,96,0.12,0.2226653616267938
P2_rgkf,3,GPR,99,0.44,0.3586907204526234
P2_rgkf,3,GPR,105,0.23,0.2206510661122249
P2_rgkf,3,GPR,106,0.17,0.191413007734862
P2_rgkf,3,ANN,0,0.37,0.338869097274233
P2_rgkf,3,ANN,1,0.37,0.338869097274233
P2_rgkf,3,ANN,9,0.42,0.3954905279058181
P2_rgkf,3,ANN,12,0.46,0.4063667373509181
P2_rgkf,3,ANN,16,0.96,0.599184531370919
P2_rgkf,3,ANN,17,0.76,0.526983857090043
P2_rgkf,3,ANN,23,0.25,0.2318390655223317
P2_rgkf,3,ANN,29,0.64,0.3297732557879996
P2_rgkf,3,ANN,32,0.64,0.5566083130080721
P2_rgkf,3,ANN,38,0.17,0.144821164640423
P2_rgkf,3,ANN,43,0.16,0.1828728385282938
P2_rgkf,3,ANN,51,0.23,0.5287571643809271
P2_rgkf,3,ANN,54,0.29,0.2901525272400881
P2_rgkf,3,ANN,59,0.1,0.0959675419937987
P2_rgkf,3,ANN,76,0.18,0.1883193140029953
P2_rgkf,3,ANN,81,0.14,0.1950677995663838
P2_rgkf,3,ANN,91,0.14,0.1915292641289555
P2_rgkf,3,ANN,96,0.12,0.1589769702646936
P2_rgkf,3,ANN,99,0.44,0.3586279981472384
P2_rgkf,3,ANN,105,0.23,0.1877142901048311
P2_rgkf,3,ANN,106,0.17,0.177828290301333
P2_rgkf,3,Mean,2,0.33,0.3090476190476191
P2_rgkf,3,Mean,3,0.42,0.3090476190476191
P2_rgkf,3,Mean,4,0.46,0.3090476190476191
P2_rgkf,3,Mean,21,0.44,0.3090476190476191
P2_rgkf,3,Mean,26,0.38,0.3090476190476191
P2_rgkf,3,Mean,28,0.38,0.3090476190476191
P2_rgkf,3,Mean,35,0.17,0.3090476190476191
P2_rgkf,3,Mean,37,0.13,0.3090476190476191
P2_rgkf,3,Mean,44,0.17,0.3090476190476191
P2_rgkf,3,Mean,46,0.44,0.3090476190476191
P2_rgkf,3,Mean,56,0.09,0.3090476190476191
P2_rgkf,3,Mean,60,0.02,0.3090476190476191
P2_rgkf,3,Mean,61,0.15,0.3090476190476191
P2_rgkf,3,Mean,62,0.19,0.3090476190476191
P2_rgkf,3,Mean,63,0.23,0.3090476190476191
P2_rgkf,3,Mean,72,0.21,0.3090476190476191
P2_rgkf,3,Mean,74,0.15,0.3090476190476191
P2_rgkf,3,Mean,75,0.19,0.3090476190476191
P2_rgkf,3,Mean,88,0.22,0.3090476190476191
P2_rgkf,3,Mean,93,0.2,0.3090476190476191
P2_rgkf,3,Mean,94,0.17,0.3090476190476191
P2_rgkf,3,Mean,97,0.47,0.3090476190476191
P2_rgkf,3,Mean,98,0.64,0.3090476190476191
P2_rgkf,3,Mean,102,0.35,0.3090476190476191
P2_rgkf,3,Mean,104,0.18,0.3090476190476191
P2_rgkf,3,Mean,108,0.2,0.3090476190476191
P2_rgkf,3,MVR,2,0.33,0.3545332967117489
P2_rgkf,3,MVR,3,0.42,0.3570211773556044
P2_rgkf,3,MVR,4,0.46,0.3545332967117489
P2_rgkf,3,MVR,21,0.44,0.5292278085859868
P2_rgkf,3,MVR,26,0.38,0.2539986542628337
P2_rgkf,3,MVR,28,0.38,0.2618757186676299
P2_rgkf,3,MVR,35,0.17,0.2088258169321428
P2_rgkf,3,MVR,37,0.13,0.2088258169321428
P2_rgkf,3,MVR,44,0.17,0.1517122066353503
P2_rgkf,3,MVR,46,0.44,0.2254046218652749
P2_rgkf,3,MVR,56,0.09,0.0779651575182466
P2_rgkf,3,MVR,60,0.02,0.0772405064360058
P2_rgkf,3,MVR,61,0.15,0.166630847299766
P2_rgkf,3,MVR,62,0.19,0.166630847299766
P2_rgkf,3,MVR,63,0.23,0.166630847299766
P2_rgkf,3,MVR,72,0.21,0.1798147072986133
P2_rgkf,3,MVR,74,0.15,0.2124730440969029
P2_rgkf,3,MVR,75,0.19,0.2107632458461784
P2_rgkf,3,MVR,88,0.22,0.2182265905736196
P2_rgkf,3,MVR,93,0.2,0.1864270364642993
P2_rgkf,3,MVR,94,0.17,0.157544419050667
P2_rgkf,3,MVR,97,0.47,0.3570211773556044
P2_rgkf,3,MVR,98,0.64,0.47268781259589
P2_rgkf,3,MVR,102,0.35,0.1892876221488409
P2_rgkf,3,MVR,104,0.18,0.166630847299766
P2_rgkf,3,MVR,108,0.2,0.2209863432595968
P2_rgkf,3,Ridge,2,0.33,0.4224638350551937
P2_rgkf,3,Ridge,3,0.42,0.4249410754516091
P2_rgkf,3,Ridge,4,0.46,0.4224638350551937
P2_rgkf,3,Ridge,21,0.44,0.509383842447157
P2_rgkf,3,Ridge,26,0.38,0.3227876521438244
P2_rgkf,3,Ridge,28,0.38,0.3351738541259014
P2_rgkf,3,Ridge,35,0.17,0.239050360134181
P2_rgkf,3,Ridge,37,0.13,0.239050360134181
P2_rgkf,3,Ridge,44,0.17,0.1288090620517276
P2_rgkf,3,Ridge,46,0.44,0.2822045329284371
P2_rgkf,3,Ridge,56,0.09,0.077898538520633
P2_rgkf,3,Ridge,60,0.02,0.1903109162739096
P2_rgkf,3,Ridge,61,0.15,0.1911047843740919
P2_rgkf,3,Ridge,62,0.19,0.1911047843740919
P2_rgkf,3,Ridge,63,0.23,0.1911047843740919
P2_rgkf,3,Ridge,72,0.21,0.1813869065085093
P2_rgkf,3,Ridge,74,0.15,0.2364707064486352
P2_rgkf,3,Ridge,75,0.19,0.2358737083219207
P2_rgkf,3,Ridge,88,0.22,0.1961263987067759
P2_rgkf,3,Ridge,93,0.2,0.2032478719270727
P2_rgkf,3,Ridge,94,0.17,0.1703883706352876
P2_rgkf,3,Ridge,97,0.47,0.4249410754516091
P2_rgkf,3,Ridge,98,0.64,0.4945941101757519
P2_rgkf,3,Ridge,102,0.35,0.2202163393342371
P2_rgkf,3,Ridge,104,0.18,0.1911047843740919
P2_rgkf,3,Ridge,108,0.2,0.2311329727786224
P2_rgkf,3,RF,2,0.33,0.386046097883599
P2_rgkf,3,RF,3,0.42,0.360764431216932
P2_rgkf,3,RF,4,0.46,0.386046097883599
P2_rgkf,3,RF,21,0.44,0.63964
P2_rgkf,3,RF,26,0.38,0.403710277777777
P2_rgkf,3,RF,28,0.38,0.3763447222222228
P2_rgkf,3,RF,35,0.17,0.1651603589728331
P2_rgkf,3,RF,37,0.13,0.1651603589728331
P2_rgkf,3,RF,44,0.17,0.1902606590280856
P2_rgkf,3,RF,46,0.44,0.4493524074074074
P2_rgkf,3,RF,56,0.09,0.0927683333333328
P2_rgkf,3,RF,60,0.02,0.1289534563492067
P2_rgkf,3,RF,61,0.15,0.2372378944203944
P2_rgkf,3,RF,62,0.19,0.2372378944203944
P2_rgkf,3,RF,63,0.23,0.2372378944203944
P2_rgkf,3,RF,72,0.21,0.1902050677401166
P2_rgkf,3,RF,74,0.15,0.1684211142193352
P2_rgkf,3,RF,75,0.19,0.1656351664596646
P2_rgkf,3,RF,88,0.22,0.187782707538186
P2_rgkf,3,RF,93,0.2,0.1881385774849965
P2_rgkf,3,RF,94,0.17,0.1972940099667502
P2_rgkf,3,RF,97,0.47,0.360764431216932
P2_rgkf,3,RF,98,0.64,0.6075109259259237
P2_rgkf,3,RF,102,0.35,0.4489338888888892
P2_rgkf,3,RF,104,0.18,0.2372378944203944
P2_rgkf,3,RF,108,0.2,0.1805029632942953
P2_rgkf,3,ET,2,0.33,0.3757364583333348
P2_rgkf,3,ET,3,0.42,0.3609822916666682
P2_rgkf,3,ET,4,0.46,0.3757364583333348
P2_rgkf,3,ET,21,0.44,0.6421718421855952
P2_rgkf,3,ET,26,0.38,0.3940660416666678
P2_rgkf,3,ET,28,0.38,0.4145523511904774
P2_rgkf,3,ET,35,0.17,0.1626771428571433
P2_rgkf,3,ET,37,0.13,0.1626771428571433
P2_rgkf,3,ET,44,0.17,0.2117890746753246
P2_rgkf,3,ET,46,0.44,0.3759765966386558
P2_rgkf,3,ET,56,0.09,0.0863963095238088
P2_rgkf,3,ET,60,0.02,0.1611663095238096
P2_rgkf,3,ET,61,0.15,0.2334329168462256
P2_rgkf,3,ET,62,0.19,0.2334329168462256
P2_rgkf,3,ET,63,0.23,0.2334329168462256
P2_rgkf,3,ET,72,0.21,0.2063679000860247
P2_rgkf,3,ET,74,0.15,0.1750242487088073
P2_rgkf,3,ET,75,0.19,0.171826917359601
P2_rgkf,3,ET,88,0.22,0.2008633472777222
P2_rgkf,3,ET,93,0.2,0.2242113547563546
P2_rgkf,3,ET,94,0.17,0.2064720586766173
P2_rgkf,3,ET,97,0.47,0.3609822916666682
P2_rgkf,3,ET,98,0.64,0.5909258501221014
P2_rgkf,3,ET,102,0.35,0.3680827579365083
P2_rgkf,3,ET,104,0.18,0.2334329168462256
P2_rgkf,3,ET,108,0.2,0.2006553308211395
P2_rgkf,3,XGB,2,0.33,0.3986672163009643
P2_rgkf,3,XGB,3,0.42,0.3436209261417389
P2_rgkf,3,XGB,4,0.46,0.3986672163009643
P2_rgkf,3,XGB,21,0.44,0.6022995710372925
P2_rgkf,3,XGB,26,0.38,0.367895096540451
P2_rgkf,3,XGB,28,0.38,0.3940107226371765
P2_rgkf,3,XGB,35,0.17,0.1625741422176361
P2_rgkf,3,XGB,37,0.13,0.1625741422176361
P2_rgkf,3,XGB,44,0.17,0.1591891646385193
P2_rgkf,3,XGB,46,0.44,0.4035051465034485
P2_rgkf,3,XGB,56,0.09,0.081833116710186
P2_rgkf,3,XGB,60,0.02,0.0972927212715148
P2_rgkf,3,XGB,61,0.15,0.2547822296619415
P2_rgkf,3,XGB,62,0.19,0.2547822296619415
P2_rgkf,3,XGB,63,0.23,0.2547822296619415
P2_rgkf,3,XGB,72,0.21,0.2433155626058578
P2_rgkf,3,XGB,74,0.15,0.1720835417509079
P2_rgkf,3,XGB,75,0.19,0.1863442659378051
P2_rgkf,3,XGB,88,0.22,0.1760794669389724
P2_rgkf,3,XGB,93,0.2,0.2285059541463852
P2_rgkf,3,XGB,94,0.17,0.1843095272779464
P2_rgkf,3,XGB,97,0.47,0.3436209261417389
P2_rgkf,3,XGB,98,0.64,0.613804042339325
P2_rgkf,3,XGB,102,0.35,0.3542417585849762
P2_rgkf,3,XGB,104,0.18,0.2547822296619415
P2_rgkf,3,XGB,108,0.2,0.1897379606962204
P2_rgkf,3,LGBM,2,0.33,0.3910600781993656
P2_rgkf,3,LGBM,3,0.42,0.3225871228884274
P2_rgkf,3,LGBM,4,0.46,0.3910600781993656
P2_rgkf,3,LGBM,21,0.44,0.6674478382890957
P2_rgkf,3,LGBM,26,0.38,0.4033729935295351
P2_rgkf,3,LGBM,28,0.38,0.4033729935295351
P2_rgkf,3,LGBM,35,0.17,0.1604416574689111
P2_rgkf,3,LGBM,37,0.13,0.1604416574689111
P2_rgkf,3,LGBM,44,0.17,0.1718778959215895
P2_rgkf,3,LGBM,46,0.44,0.4110108251710803
P2_rgkf,3,LGBM,56,0.09,0.0798387930764195
P2_rgkf,3,LGBM,60,0.02,0.1018383121970688
P2_rgkf,3,LGBM,61,0.15,0.2476977799343571
P2_rgkf,3,LGBM,62,0.19,0.2476977799343571
P2_rgkf,3,LGBM,63,0.23,0.2476977799343571
P2_rgkf,3,LGBM,72,0.21,0.2400597762530397
P2_rgkf,3,LGBM,74,0.15,0.1603855498093547
P2_rgkf,3,LGBM,75,0.19,0.170248649148193
P2_rgkf,3,LGBM,88,0.22,0.1957822812034106
P2_rgkf,3,LGBM,93,0.2,0.2199873140405472
P2_rgkf,3,LGBM,94,0.17,0.1850588904324895
P2_rgkf,3,LGBM,97,0.47,0.3225871228884274
P2_rgkf,3,LGBM,98,0.64,0.6088505058267614
P2_rgkf,3,LGBM,102,0.35,0.3965408837326503
P2_rgkf,3,LGBM,104,0.18,0.2476977799343571
P2_rgkf,3,LGBM,108,0.2,0.1926247522194892
P2_rgkf,3,CatB,2,0.33,0.3843583442893351
P2_rgkf,3,CatB,3,0.42,0.3612518730987701
P2_rgkf,3,CatB,4,0.46,0.3843583442893351
P2_rgkf,3,CatB,21,0.44,0.6265799830070147
P2_rgkf,3,CatB,26,0.38,0.3522535890198964
P2_rgkf,3,CatB,28,0.38,0.366476048286373
P2_rgkf,3,CatB,35,0.17,0.169942756384739
P2_rgkf,3,CatB,37,0.13,0.169942756384739
P2_rgkf,3,CatB,44,0.17,0.2089659194382855
P2_rgkf,3,CatB,46,0.44,0.394123346305055
P2_rgkf,3,CatB,56,0.09,0.1044880119397644
P2_rgkf,3,CatB,60,0.02,0.1455757787556857
P2_rgkf,3,CatB,61,0.15,0.2214572273831451
P2_rgkf,3,CatB,62,0.19,0.2214572273831451
P2_rgkf,3,CatB,63,0.23,0.2214572273831451
P2_rgkf,3,CatB,72,0.21,0.2338236295192727
P2_rgkf,3,CatB,74,0.15,0.1888471021022831
P2_rgkf,3,CatB,75,0.19,0.1878164270643512
P2_rgkf,3,CatB,88,0.22,0.1929315308287909
P2_rgkf,3,CatB,93,0.2,0.2180574151073132
P2_rgkf,3,CatB,94,0.17,0.1828711223968023
P2_rgkf,3,CatB,97,0.47,0.3612518730987701
P2_rgkf,3,CatB,98,0.64,0.5827909810330794
P2_rgkf,3,CatB,102,0.35,0.3364610777835215
P2_rgkf,3,CatB,104,0.18,0.2214572273831451
P2_rgkf,3,CatB,108,0.2,0.2044842161126873
P2_rgkf,3,SVR,2,0.33,0.3859452687835626
P2_rgkf,3,SVR,3,0.42,0.3862118411676895
P2_rgkf,3,SVR,4,0.46,0.3859452687835626
P2_rgkf,3,SVR,21,0.44,0.5328655817300288
P2_rgkf,3,SVR,26,0.38,0.3640997822747648
P2_rgkf,3,SVR,28,0.38,0.3722185938363068
P2_rgkf,3,SVR,35,0.17,0.1728263921863621
P2_rgkf,3,SVR,37,0.13,0.1728263921863621
P2_rgkf,3,SVR,44,0.17,0.2052497947548331
P2_rgkf,3,SVR,46,0.44,0.2411182750648958
P2_rgkf,3,SVR,56,0.09,0.0814338403448475
P2_rgkf,3,SVR,60,0.02,0.1080747771298999
P2_rgkf,3,SVR,61,0.15,0.1725620637928466
P2_rgkf,3,SVR,62,0.19,0.1725620637928466
P2_rgkf,3,SVR,63,0.23,0.1725620637928466
P2_rgkf,3,SVR,72,0.21,0.220506713200997
P2_rgkf,3,SVR,74,0.15,0.1890393238354147
P2_rgkf,3,SVR,75,0.19,0.1892056662877555
P2_rgkf,3,SVR,88,0.22,0.1906344064454372
P2_rgkf,3,SVR,93,0.2,0.2003996836369312
P2_rgkf,3,SVR,94,0.17,0.1321972972316144
P2_rgkf,3,SVR,97,0.47,0.3862118411676895
P2_rgkf,3,SVR,98,0.64,0.512216738737448
P2_rgkf,3,SVR,102,0.35,0.1908188472668669
P2_rgkf,3,SVR,104,0.18,0.1725620637928466
P2_rgkf,3,SVR,108,0.2,0.203565384623386
P2_rgkf,3,GPR,2,0.33,0.3649288017921167
P2_rgkf,3,GPR,3,0.42,0.3649164297074184
P2_rgkf,3,GPR,4,0.46,0.3649288017921167
P2_rgkf,3,GPR,21,0.44,0.6794463089898761
P2_rgkf,3,GPR,26,0.38,0.3786345075935783
P2_rgkf,3,GPR,28,0.38,0.3790103108320022
P2_rgkf,3,GPR,35,0.17,0.1657195891694646
P2_rgkf,3,GPR,37,0.13,0.1657195891694646
P2_rgkf,3,GPR,44,0.17,0.2050581019218738
P2_rgkf,3,GPR,46,0.44,0.2665153759654803
P2_rgkf,3,GPR,56,0.09,0.0816475630442552
P2_rgkf,3,GPR,60,0.02,0.1174944733216724
P2_rgkf,3,GPR,61,0.15,0.2461253271355993
P2_rgkf,3,GPR,62,0.19,0.2461253271355993
P2_rgkf,3,GPR,63,0.23,0.2461253271355993
P2_rgkf,3,GPR,72,0.21,0.2196930101250085
P2_rgkf,3,GPR,74,0.15,0.1740067974005102
P2_rgkf,3,GPR,75,0.19,0.1717526650177818
P2_rgkf,3,GPR,88,0.22,0.2018680568016467
P2_rgkf,3,GPR,93,0.2,0.2123654952409294
P2_rgkf,3,GPR,94,0.17,0.2169031014296353
P2_rgkf,3,GPR,97,0.47,0.3649164297074184
P2_rgkf,3,GPR,98,0.64,0.6070870683265512
P2_rgkf,3,GPR,102,0.35,0.3856863998005953
P2_rgkf,3,GPR,104,0.18,0.2461253271355991
P2_rgkf,3,GPR,108,0.2,0.1794908716259124
P2_rgkf,3,ANN,2,0.33,0.3414969695128729
P2_rgkf,3,ANN,3,0.42,0.3410991764932148
P2_rgkf,3,ANN,4,0.46,0.3414969695128729
P2_rgkf,3,ANN,21,0.44,0.5706000536563379
P2_rgkf,3,ANN,26,0.38,0.3856970935153906
P2_rgkf,3,ANN,28,0.38,0.3821062915424782
P2_rgkf,3,ANN,35,0.17,0.1598269084132271
P2_rgkf,3,ANN,37,0.13,0.1598269084132271
P2_rgkf,3,ANN,44,0.17,0.213972005474149
P2_rgkf,3,ANN,46,0.44,0.2808341350135193
P2_rgkf,3,ANN,56,0.09,0.0838737753180763
P2_rgkf,3,ANN,60,0.02,0.0923784105984482
P2_rgkf,3,ANN,61,0.15,0.1778948788074468
P2_rgkf,3,ANN,62,0.19,0.1778948788074468
P2_rgkf,3,ANN,63,0.23,0.1778948788074468
P2_rgkf,3,ANN,72,0.21,0.3445805138752557
P2_rgkf,3,ANN,74,0.15,0.1599089640206819
P2_rgkf,3,ANN,75,0.19,0.1713648444846129
P2_rgkf,3,ANN,88,0.22,0.204050566981179
P2_rgkf,3,ANN,93,0.2,0.2151497448634296
P2_rgkf,3,ANN,94,0.17,0.1643384021009226
P2_rgkf,3,ANN,97,0.47,0.3410991764932148
P2_rgkf,3,ANN,98,0.64,0.9559867478772606
P2_rgkf,3,ANN,102,0.35,0.2881806167778274
P2_rgkf,3,ANN,104,0.18,0.1778948788074468
P2_rgkf,3,ANN,108,0.2,0.2078539059289038
P2_rgkf,3,Mean,5,0.37,0.3073333333333333
P2_rgkf,3,Mean,7,0.42,0.3073333333333333
P2_rgkf,3,Mean,8,0.26,0.3073333333333333
P2_rgkf,3,Mean,22,0.23,0.3073333333333333
P2_rgkf,3,Mean,27,0.37,0.3073333333333333
P2_rgkf,3,Mean,34,0.69,0.3073333333333333
P2_rgkf,3,Mean,39,0.13,0.3073333333333333
P2_rgkf,3,Mean,41,0.18,0.3073333333333333
P2_rgkf,3,Mean,48,0.35,0.3073333333333333
P2_rgkf,3,Mean,50,0.35,0.3073333333333333
P2_rgkf,3,Mean,53,0.35,0.3073333333333333
P2_rgkf,3,Mean,57,0.09,0.3073333333333333
P2_rgkf,3,Mean,69,0.17,0.3073333333333333
P2_rgkf,3,Mean,70,0.14,0.3073333333333333
P2_rgkf,3,Mean,84,0.19,0.3073333333333333
P2_rgkf,3,Mean,89,0.2,0.3073333333333333
P2_rgkf,3,Mean,90,0.27,0.3073333333333333
P2_rgkf,3,Mean,92,0.14,0.3073333333333333
P2_rgkf,3,Mean,107,0.21,0.3073333333333333
P2_rgkf,3,Mean,109,0.17,0.3073333333333333
P2_rgkf,3,MVR,5,0.37,0.6583387061082273
P2_rgkf,3,MVR,7,0.42,0.4664676776059435
P2_rgkf,3,MVR,8,0.26,0.4664676776059435
P2_rgkf,3,MVR,22,0.23,0.2014881013127692
P2_rgkf,3,MVR,27,0.37,0.2707416853616045
P2_rgkf,3,MVR,34,0.69,0.5243642204152799
P2_rgkf,3,MVR,39,0.13,0.2297909991235678
P2_rgkf,3,MVR,41,0.18,0.140847298817496
P2_rgkf,3,MVR,48,0.35,0.281775567206199
P2_rgkf,3,MVR,50,0.35,0.3456204873078259
P2_rgkf,3,MVR,53,0.35,0.2750211624455598
P2_rgkf,3,MVR,57,0.09,0.1185426326888446
P2_rgkf,3,MVR,69,0.17,0.1336506992809927
P2_rgkf,3,MVR,70,0.14,0.0963447036977478
P2_rgkf,3,MVR,84,0.19,0.2379976956757958
P2_rgkf,3,MVR,89,0.2,0.1932761027969978
P2_rgkf,3,MVR,90,0.27,0.131324344903958
P2_rgkf,3,MVR,92,0.14,0.1573661138734271
P2_rgkf,3,MVR,107,0.21,0.218932464696953
P2_rgkf,3,MVR,109,0.17,0.2653388969762568
P2_rgkf,3,Ridge,5,0.37,0.5398762800685586
P2_rgkf,3,Ridge,7,0.42,0.4787890016420999
P2_rgkf,3,Ridge,8,0.26,0.4787890016420999
P2_rgkf,3,Ridge,22,0.23,0.2683655211045107
P2_rgkf,3,Ridge,27,0.37,0.3374995782252897
P2_rgkf,3,Ridge,34,0.69,0.5646913964042909
P2_rgkf,3,Ridge,39,0.13,0.2588993582500845
P2_rgkf,3,Ridge,41,0.18,0.1419568511970637
P2_rgkf,3,Ridge,48,0.35,0.3355534719133907
P2_rgkf,3,Ridge,50,0.35,0.3998756856335771
P2_rgkf,3,Ridge,53,0.35,0.3072727295291025
P2_rgkf,3,Ridge,57,0.09,0.1713073493206998
P2_rgkf,3,Ridge,69,0.17,0.1333120830564805
P2_rgkf,3,Ridge,70,0.14,0.0906840726385431
P2_rgkf,3,Ridge,84,0.19,0.2088010091398764
P2_rgkf,3,Ridge,89,0.2,0.2296228722995187
P2_rgkf,3,Ridge,90,0.27,0.1135912810518115
P2_rgkf,3,Ridge,92,0.14,0.180898692941018
P2_rgkf,3,Ridge,107,0.21,0.1909527105306588
P2_rgkf,3,Ridge,109,0.17,0.2855492606076031
P2_rgkf,3,RF,5,0.37,0.5087020012216702
P2_rgkf,3,RF,7,0.42,0.4148560384358639
P2_rgkf,3,RF,8,0.26,0.4148560384358639
P2_rgkf,3,RF,22,0.23,0.2879681453320679
P2_rgkf,3,RF,27,0.37,0.4005136257257651
P2_rgkf,3,RF,34,0.69,0.5927324944974643
P2_rgkf,3,RF,39,0.13,0.1850582913811917
P2_rgkf,3,RF,41,0.18,0.183265156652422
P2_rgkf,3,RF,48,0.35,0.4107655598092323
P2_rgkf,3,RF,50,0.35,0.3944684704184704
P2_rgkf,3,RF,53,0.35,0.2408668664570062
P2_rgkf,3,RF,57,0.09,0.1141713227726609
P2_rgkf,3,RF,69,0.17,0.1824892817428607
P2_rgkf,3,RF,70,0.14,0.1490673446143712
P2_rgkf,3,RF,84,0.19,0.1844772268838785
P2_rgkf,3,RF,89,0.2,0.1831750694580346
P2_rgkf,3,RF,90,0.27,0.1738476204913343
P2_rgkf,3,RF,92,0.14,0.1811871148034722
P2_rgkf,3,RF,107,0.21,0.181631172006632
P2_rgkf,3,RF,109,0.17,0.1837914391687045
P2_rgkf,3,ET,5,0.37,0.5136099786324789
P2_rgkf,3,ET,7,0.42,0.4029305341880326
P2_rgkf,3,ET,8,0.26,0.4029305341880326
P2_rgkf,3,ET,22,0.23,0.256176111111111
P2_rgkf,3,ET,27,0.37,0.401007756410258
P2_rgkf,3,ET,34,0.69,0.5514534472934489
P2_rgkf,3,ET,39,0.13,0.1681748030781857
P2_rgkf,3,ET,41,0.18,0.1795779719354717
P2_rgkf,3,ET,48,0.35,0.4105080158730155
P2_rgkf,3,ET,50,0.35,0.3746907936507934
P2_rgkf,3,ET,53,0.35,0.2408399867724866
P2_rgkf,3,ET,57,0.09,0.1108442592592588
P2_rgkf,3,ET,69,0.17,0.1713950799908155
P2_rgkf,3,ET,70,0.14,0.1627409950234952
P2_rgkf,3,ET,84,0.19,0.1969605743221917
P2_rgkf,3,ET,89,0.2,0.2048282557964909
P2_rgkf,3,ET,90,0.27,0.1465260533910536
P2_rgkf,3,ET,92,0.14,0.1757373270248274
P2_rgkf,3,ET,107,0.21,0.2083428819219996
P2_rgkf,3,ET,109,0.17,0.1915892881084057
P2_rgkf,3,XGB,5,0.37,0.5353463292121887
P2_rgkf,3,XGB,7,0.42,0.3786623477935791
P2_rgkf,3,XGB,8,0.26,0.3786623477935791
P2_rgkf,3,XGB,22,0.23,0.2656705379486084
P2_rgkf,3,XGB,27,0.37,0.3875855803489685
P2_rgkf,3,XGB,34,0.69,0.5251286029815674
P2_rgkf,3,XGB,39,0.13,0.1240763142704963
P2_rgkf,3,XGB,41,0.18,0.2167184501886367
P2_rgkf,3,XGB,48,0.35,0.4898185133934021
P2_rgkf,3,XGB,50,0.35,0.3739633560180664
P2_rgkf,3,XGB,53,0.35,0.2173849493265152
P2_rgkf,3,XGB,57,0.09,0.1194590702652931
P2_rgkf,3,XGB,69,0.17,0.1743562370538711
P2_rgkf,3,XGB,70,0.14,0.1458940207958221
P2_rgkf,3,XGB,84,0.19,0.2499331831932068
P2_rgkf,3,XGB,89,0.2,0.213723823428154
P2_rgkf,3,XGB,90,0.27,0.0851175859570503
P2_rgkf,3,XGB,92,0.14,0.1755708009004593
P2_rgkf,3,XGB,107,0.21,0.2665302455425262
P2_rgkf,3,XGB,109,0.17,0.2081796824932098
P2_rgkf,3,LGBM,5,0.37,0.5420993328844367
P2_rgkf,3,LGBM,7,0.42,0.4101227964098499
P2_rgkf,3,LGBM,8,0.26,0.4101227964098499
P2_rgkf,3,LGBM,22,0.23,0.2564439063197777
P2_rgkf,3,LGBM,27,0.37,0.4026552244180775
P2_rgkf,3,LGBM,34,0.69,0.544743825056199
P2_rgkf,3,LGBM,39,0.13,0.1692700902071567
P2_rgkf,3,LGBM,41,0.18,0.1663006069367887
P2_rgkf,3,LGBM,48,0.35,0.4564425319131095
P2_rgkf,3,LGBM,50,0.35,0.4249307907944986
P2_rgkf,3,LGBM,53,0.35,0.2444258629503451
P2_rgkf,3,LGBM,57,0.09,0.0897254898640858
P2_rgkf,3,LGBM,69,0.17,0.1324414840210541
P2_rgkf,3,LGBM,70,0.14,0.1180856056419684
P2_rgkf,3,LGBM,84,0.19,0.2630496542350495
P2_rgkf,3,LGBM,89,0.2,0.2088841164562961
P2_rgkf,3,LGBM,90,0.27,0.1027326957263188
P2_rgkf,3,LGBM,92,0.14,0.1616104060156143
P2_rgkf,3,LGBM,107,0.21,0.2310671645636935
P2_rgkf,3,LGBM,109,0.17,0.2011465083938151
P2_rgkf,3,CatB,5,0.37,0.4918746232703043
P2_rgkf,3,CatB,7,0.42,0.4430735746923924
P2_rgkf,3,CatB,8,0.26,0.4430735746923924
P2_rgkf,3,CatB,22,0.23,0.2574033642537942
P2_rgkf,3,CatB,27,0.37,0.3888567894528033
P2_rgkf,3,CatB,34,0.69,0.5459458553714002
P2_rgkf,3,CatB,39,0.13,0.1668837228627345
P2_rgkf,3,CatB,41,0.18,0.1690092392071057
P2_rgkf,3,CatB,48,0.35,0.4260954250986105
P2_rgkf,3,CatB,50,0.35,0.3537519761276563
P2_rgkf,3,CatB,53,0.35,0.2828401561084687
P2_rgkf,3,CatB,57,0.09,0.1170822773858942
P2_rgkf,3,CatB,69,0.17,0.1769995879819792
P2_rgkf,3,CatB,70,0.14,0.1780270279249655
P2_rgkf,3,CatB,84,0.19,0.2198457167970009
P2_rgkf,3,CatB,89,0.2,0.2060391832503584
P2_rgkf,3,CatB,90,0.27,0.1384546831295497
P2_rgkf,3,CatB,92,0.14,0.1724141897604568
P2_rgkf,3,CatB,107,0.21,0.1997782361361047
P2_rgkf,3,CatB,109,0.17,0.2189936867016693
P2_rgkf,3,SVR,5,0.37,0.4096441406953281
P2_rgkf,3,SVR,7,0.42,0.4242247036795958
P2_rgkf,3,SVR,8,0.26,0.4242247036795958
P2_rgkf,3,SVR,22,0.23,0.2354483482085838
P2_rgkf,3,SVR,27,0.37,0.418146318150947
P2_rgkf,3,SVR,34,0.69,0.4994504391389356
P2_rgkf,3,SVR,39,0.13,0.1611921345958387
P2_rgkf,3,SVR,41,0.18,0.1730193945790608
P2_rgkf,3,SVR,48,0.35,0.3867341513106126
P2_rgkf,3,SVR,50,0.35,0.2640666177909289
P2_rgkf,3,SVR,53,0.35,0.216372037830916
P2_rgkf,3,SVR,57,0.09,0.1094834968153783
P2_rgkf,3,SVR,69,0.17,0.1347922539667549
P2_rgkf,3,SVR,70,0.14,0.1264389165202676
P2_rgkf,3,SVR,84,0.19,0.1591514246583186
P2_rgkf,3,SVR,89,0.2,0.216880433485482
P2_rgkf,3,SVR,90,0.27,0.1226464230246497
P2_rgkf,3,SVR,92,0.14,0.156416139022474
P2_rgkf,3,SVR,107,0.21,0.1970053885252095
P2_rgkf,3,SVR,109,0.17,0.2339430778037539
P2_rgkf,3,GPR,5,0.37,0.4192249334683811
P2_rgkf,3,GPR,7,0.42,0.4160199463710446
P2_rgkf,3,GPR,8,0.26,0.4160199463710446
P2_rgkf,3,GPR,22,0.23,0.2635945224084552
P2_rgkf,3,GPR,27,0.37,0.3883229743553444
P2_rgkf,3,GPR,34,0.69,0.5513286022589798
P2_rgkf,3,GPR,39,0.13,0.1593036045773697
P2_rgkf,3,GPR,41,0.18,0.1879338018789753
P2_rgkf,3,GPR,48,0.35,0.4509424260468425
P2_rgkf,3,GPR,50,0.35,0.4847125368026442
P2_rgkf,3,GPR,53,0.35,0.211211666115225
P2_rgkf,3,GPR,57,0.09,0.0999057622204407
P2_rgkf,3,GPR,69,0.17,0.1608038865915721
P2_rgkf,3,GPR,70,0.14,0.1460694408603027
P2_rgkf,3,GPR,84,0.19,0.1938271240198362
P2_rgkf,3,GPR,89,0.2,0.1667691575299989
P2_rgkf,3,GPR,90,0.27,0.1426282125719647
P2_rgkf,3,GPR,92,0.14,0.1523750027885934
P2_rgkf,3,GPR,107,0.21,0.1918654561434898
P2_rgkf,3,GPR,109,0.17,0.1776398819347825
P2_rgkf,3,ANN,5,0.37,0.4879147104892674
P2_rgkf,3,ANN,7,0.42,0.4225112869321193
P2_rgkf,3,ANN,8,0.26,0.4225112869321193
P2_rgkf,3,ANN,22,0.23,0.241322506425945
P2_rgkf,3,ANN,27,0.37,0.3973632034174785
P2_rgkf,3,ANN,34,0.69,0.5329950604663977
P2_rgkf,3,ANN,39,0.13,0.1792692588124946
P2_rgkf,3,ANN,41,0.18,0.1610541515202421
P2_rgkf,3,ANN,48,0.35,0.4414906659334602
P2_rgkf,3,ANN,50,0.35,0.4386897835747634
P2_rgkf,3,ANN,53,0.35,0.1858821362536398
P2_rgkf,3,ANN,57,0.09,0.1003139041724469
P2_rgkf,3,ANN,69,0.17,0.1362214349671821
P2_rgkf,3,ANN,70,0.14,0.1115841940639682
P2_rgkf,3,ANN,84,0.19,0.1818900458816758
P2_rgkf,3,ANN,89,0.2,0.1926090360403763
P2_rgkf,3,ANN,90,0.27,0.1102303375589176
P2_rgkf,3,ANN,92,0.14,0.1442818449279069
P2_rgkf,3,ANN,107,0.21,0.2019903628655299
P2_rgkf,3,ANN,109,0.17,0.2230650841485793
P2_rgkf,3,Mean,10,0.31,0.302
P2_rgkf,3,Mean,11,0.38,0.302
P2_rgkf,3,Mean,20,0.74,0.302
P2_rgkf,3,Mean,24,0.27,0.302
P2_rgkf,3,Mean,25,0.3,0.302
P2_rgkf,3,Mean,30,0.54,0.302
P2_rgkf,3,Mean,31,0.51,0.302
P2_rgkf,3,Mean,33,0.54,0.302
P2_rgkf,3,Mean,36,0.17,0.302
P2_rgkf,3,Mean,42,0.19,0.302
P2_rgkf,3,Mean,52,0.4,0.302
P2_rgkf,3,Mean,55,0.1,0.302
P2_rgkf,3,Mean,58,0.08,0.302
P2_rgkf,3,Mean,68,0.15,0.302
P2_rgkf,3,Mean,73,0.21,0.302
P2_rgkf,3,Mean,78,0.14,0.302
P2_rgkf,3,Mean,85,0.15,0.302
P2_rgkf,3,Mean,95,0.3,0.302
P2_rgkf,3,Mean,101,0.2,0.302
P2_rgkf,3,Mean,103,0.08,0.302
P2_rgkf,3,MVR,10,0.31,0.5543897571376859
P2_rgkf,3,MVR,11,0.38,0.5543897571376859
P2_rgkf,3,MVR,20,0.74,0.6158555987523923
P2_rgkf,3,MVR,24,0.27,0.2230045096354235
P2_rgkf,3,MVR,25,0.3,0.1977872010658124
P2_rgkf,3,MVR,30,0.54,0.6887078519992154
P2_rgkf,3,MVR,31,0.51,0.691561693494296
P2_rgkf,3,MVR,33,0.54,0.5858389482824979
P2_rgkf,3,MVR,36,0.17,0.2064390036737089
P2_rgkf,3,MVR,42,0.19,0.2113325285642441
P2_rgkf,3,MVR,52,0.4,0.2718297340223566
P2_rgkf,3,MVR,55,0.1,0.1113470406861305
P2_rgkf,3,MVR,58,0.08,0.0664519882703049
P2_rgkf,3,MVR,68,0.15,0.1770073685772855
P2_rgkf,3,MVR,73,0.21,0.2006798544464579
P2_rgkf,3,MVR,78,0.14,0.1724089856887938
P2_rgkf,3,MVR,85,0.15,0.1607666746241906
P2_rgkf,3,MVR,95,0.3,0.2415981192769923
P2_rgkf,3,MVR,101,0.2,0.1610100436805744
P2_rgkf,3,MVR,103,0.08,0.0637750000149095
P2_rgkf,3,Ridge,10,0.31,0.481554200136997
P2_rgkf,3,Ridge,11,0.38,0.481554200136997
P2_rgkf,3,Ridge,20,0.74,0.4928571656084335
P2_rgkf,3,Ridge,24,0.27,0.29468474847257
P2_rgkf,3,Ridge,25,0.3,0.2753443128691547
P2_rgkf,3,Ridge,30,0.54,0.6453059126267353
P2_rgkf,3,Ridge,31,0.51,0.6482906184671045
P2_rgkf,3,Ridge,33,0.54,0.5788862191487129
P2_rgkf,3,Ridge,36,0.17,0.2442961310070159
P2_rgkf,3,Ridge,42,0.19,0.2434489391509631
P2_rgkf,3,Ridge,52,0.4,0.3193176911842172
P2_rgkf,3,Ridge,55,0.1,0.2008984616325205
P2_rgkf,3,Ridge,58,0.08,0.0993071530609528
P2_rgkf,3,Ridge,68,0.15,0.2035023877482324
P2_rgkf,3,Ridge,73,0.21,0.2208361761858905
P2_rgkf,3,Ridge,78,0.14,0.1998430229552055
P2_rgkf,3,Ridge,85,0.15,0.1472118299610342
P2_rgkf,3,Ridge,95,0.3,0.2619848760940944
P2_rgkf,3,Ridge,101,0.2,0.1962970852777046
P2_rgkf,3,Ridge,103,0.08,0.0985908406311967
P2_rgkf,3,RF,10,0.31,0.4861324292572507
P2_rgkf,3,RF,11,0.38,0.4861324292572507
P2_rgkf,3,RF,20,0.74,0.6509215130900848
P2_rgkf,3,RF,24,0.27,0.3589201563912278
P2_rgkf,3,RF,25,0.3,0.3452665215736646
P2_rgkf,3,RF,30,0.54,0.6524253055674489
P2_rgkf,3,RF,31,0.51,0.6524253055674489
P2_rgkf,3,RF,33,0.54,0.6307448668791535
P2_rgkf,3,RF,36,0.17,0.1576003448613531
P2_rgkf,3,RF,42,0.19,0.1813322714507838
P2_rgkf,3,RF,52,0.4,0.4122023936777503
P2_rgkf,3,RF,55,0.1,0.1162913856778142
P2_rgkf,3,RF,58,0.08,0.109592665905523
P2_rgkf,3,RF,68,0.15,0.1721912069737722
P2_rgkf,3,RF,73,0.21,0.1918986019652618
P2_rgkf,3,RF,78,0.14,0.181600483550677
P2_rgkf,3,RF,85,0.15,0.1923737055404912
P2_rgkf,3,RF,95,0.3,0.1818424872981949
P2_rgkf,3,RF,101,0.2,0.1677596449817813
P2_rgkf,3,RF,103,0.08,0.109592665905523
P2_rgkf,3,ET,10,0.31,0.4850339352710774
P2_rgkf,3,ET,11,0.38,0.4850339352710774
P2_rgkf,3,ET,20,0.74,0.5650705215419469
P2_rgkf,3,ET,24,0.27,0.3371341666666705
P2_rgkf,3,ET,25,0.3,0.3220751190476228
P2_rgkf,3,ET,30,0.54,0.6600392857142936
P2_rgkf,3,ET,31,0.51,0.6600392857142936
P2_rgkf,3,ET,33,0.54,0.6527200000000078
P2_rgkf,3,ET,36,0.17,0.1541873988949655
P2_rgkf,3,ET,42,0.19,0.1729947612944709
P2_rgkf,3,ET,52,0.4,0.4321104761904754
P2_rgkf,3,ET,55,0.1,0.1204505782312928
P2_rgkf,3,ET,58,0.08,0.0958041496598644
P2_rgkf,3,ET,68,0.15,0.1621605828340418
P2_rgkf,3,ET,73,0.21,0.20233797555619
P2_rgkf,3,ET,78,0.14,0.1827680513575807
P2_rgkf,3,ET,85,0.15,0.1786605952380962
P2_rgkf,3,ET,95,0.3,0.1821015461167905
P2_rgkf,3,ET,101,0.2,0.1721912513520322
P2_rgkf,3,ET,103,0.08,0.0958041496598644
P2_rgkf,3,XGB,10,0.31,0.6668248176574707
P2_rgkf,3,XGB,11,0.38,0.6668248176574707
P2_rgkf,3,XGB,20,0.74,0.5522117614746094
P2_rgkf,3,XGB,24,0.27,0.3037077486515045
P2_rgkf,3,XGB,25,0.3,0.2892855107784271
P2_rgkf,3,XGB,30,0.54,0.6729762554168701
P2_rgkf,3,XGB,31,0.51,0.6729762554168701
P2_rgkf,3,XGB,33,0.54,0.6240173578262329
P2_rgkf,3,XGB,36,0.17,0.1633227914571762
P2_rgkf,3,XGB,42,0.19,0.2051956057548523
P2_rgkf,3,XGB,52,0.4,0.4981806576251983
P2_rgkf,3,XGB,55,0.1,0.0213378369808197
P2_rgkf,3,XGB,58,0.08,0.099326379597187
P2_rgkf,3,XGB,68,0.15,0.1598334163427353
P2_rgkf,3,XGB,73,0.21,0.2304786592721939
P2_rgkf,3,XGB,78,0.14,0.1898611336946487
P2_rgkf,3,XGB,85,0.15,0.1818819344043731
P2_rgkf,3,XGB,95,0.3,0.178253948688507
P2_rgkf,3,XGB,101,0.2,0.2008765488862991
P2_rgkf,3,XGB,103,0.08,0.099326379597187
P2_rgkf,3,LGBM,10,0.31,0.6379122200015571
P2_rgkf,3,LGBM,11,0.38,0.6379122200015571
P2_rgkf,3,LGBM,20,0.74,0.629596981567234
P2_rgkf,3,LGBM,24,0.27,0.2658430203158956
P2_rgkf,3,LGBM,25,0.3,0.2736333836853614
P2_rgkf,3,LGBM,30,0.54,0.6678843375542485
P2_rgkf,3,LGBM,31,0.51,0.6678843375542485
P2_rgkf,3,LGBM,33,0.54,0.6900000652472792
P2_rgkf,3,LGBM,36,0.17,0.1699996109726212
P2_rgkf,3,LGBM,42,0.19,0.1932886126698173
P2_rgkf,3,LGBM,52,0.4,0.4393286954985344
P2_rgkf,3,LGBM,55,0.1,0.0200001132823006
P2_rgkf,3,LGBM,58,0.08,0.0900000670466816
P2_rgkf,3,LGBM,68,0.15,0.1404069069352525
P2_rgkf,3,LGBM,73,0.21,0.2190784085581477
P2_rgkf,3,LGBM,78,0.14,0.1779255046520021
P2_rgkf,3,LGBM,85,0.15,0.162613531051016
P2_rgkf,3,LGBM,95,0.3,0.2296175852528673
P2_rgkf,3,LGBM,101,0.2,0.2463410172561039
P2_rgkf,3,LGBM,103,0.08,0.0900000670466816
P2_rgkf,3,CatB,10,0.31,0.5078809328005742
P2_rgkf,3,CatB,11,0.38,0.5078809328005742
P2_rgkf,3,CatB,20,0.74,0.5787043339152951
P2_rgkf,3,CatB,24,0.27,0.3430085971497574
P2_rgkf,3,CatB,25,0.3,0.3174733145279209
P2_rgkf,3,CatB,30,0.54,0.6673950420703822
P2_rgkf,3,CatB,31,0.51,0.6673950420703822
P2_rgkf,3,CatB,33,0.54,0.6560642094494461
P2_rgkf,3,CatB,36,0.17,0.1590867768494881
P2_rgkf,3,CatB,42,0.19,0.1822332318452286
P2_rgkf,3,CatB,52,0.4,0.4549928916611809
P2_rgkf,3,CatB,55,0.1,0.0778744488654679
P2_rgkf,3,CatB,58,0.08,0.1027355011961728
P2_rgkf,3,CatB,68,0.15,0.1857616737593196
P2_rgkf,3,CatB,73,0.21,0.2296710682897733
P2_rgkf,3,CatB,78,0.14,0.1795000111968095
P2_rgkf,3,CatB,85,0.15,0.1650559007348093
P2_rgkf,3,CatB,95,0.3,0.2016881814445649
P2_rgkf,3,CatB,101,0.2,0.1652036017883649
P2_rgkf,3,CatB,103,0.08,0.1027355011961728
P2_rgkf,3,SVR,10,0.31,0.41402535284115
P2_rgkf,3,SVR,11,0.38,0.41402535284115
P2_rgkf,3,SVR,20,0.74,0.5270458134764199
P2_rgkf,3,SVR,24,0.27,0.310324588198312
P2_rgkf,3,SVR,25,0.3,0.3035543194381786
P2_rgkf,3,SVR,30,0.54,0.6974435670291425
P2_rgkf,3,SVR,31,0.51,0.6969990484952521
P2_rgkf,3,SVR,33,0.54,0.6752388384489546
P2_rgkf,3,SVR,36,0.17,0.1643629175454174
P2_rgkf,3,SVR,42,0.19,0.1601591471376454
P2_rgkf,3,SVR,52,0.4,0.3673066681984971
P2_rgkf,3,SVR,55,0.1,0.0221654135928111
P2_rgkf,3,SVR,58,0.08,0.091535451581768
P2_rgkf,3,SVR,68,0.15,0.1602236053568728
P2_rgkf,3,SVR,73,0.21,0.2085414079106762
P2_rgkf,3,SVR,78,0.14,0.1132507718631058
P2_rgkf,3,SVR,85,0.15,0.1483995337452898
P2_rgkf,3,SVR,95,0.3,0.1510079432921985
P2_rgkf,3,SVR,101,0.2,0.1677888526788126
P2_rgkf,3,SVR,103,0.08,0.0908163192295951
P2_rgkf,3,GPR,10,0.31,0.4187764118191172
P2_rgkf,3,GPR,11,0.38,0.4187764118191172
P2_rgkf,3,GPR,20,0.74,0.5292103229792671
P2_rgkf,3,GPR,24,0.27,0.321229161792282
P2_rgkf,3,GPR,25,0.3,0.2917913291032624
P2_rgkf,3,GPR,30,0.54,0.6576447392589203
P2_rgkf,3,GPR,31,0.51,0.6576447390129418
P2_rgkf,3,GPR,33,0.54,0.6467075444646552
P2_rgkf,3,GPR,36,0.17,0.1538518014279645
P2_rgkf,3,GPR,42,0.19,0.1679804750994206
P2_rgkf,3,GPR,52,0.4,0.3833842553770908
P2_rgkf,3,GPR,55,0.1,0.0331314088196826
P2_rgkf,3,GPR,58,0.08,0.0859287523981812
P2_rgkf,3,GPR,68,0.15,0.1647745435434228
P2_rgkf,3,GPR,73,0.21,0.2069119115740613
P2_rgkf,3,GPR,78,0.14,0.152520353386974
P2_rgkf,3,GPR,85,0.15,0.2156757965157578
P2_rgkf,3,GPR,95,0.3,0.1710771183199122
P2_rgkf,3,GPR,101,0.2,0.1693541962160693
P2_rgkf,3,GPR,103,0.08,0.0841284663206339
P2_rgkf,3,ANN,10,0.31,0.4925733234407201
P2_rgkf,3,ANN,11,0.38,0.4925733234407201
P2_rgkf,3,ANN,20,0.74,0.5095656816245481
P2_rgkf,3,ANN,24,0.27,0.4144513706676768
P2_rgkf,3,ANN,25,0.3,0.3981469523942335
P2_rgkf,3,ANN,30,0.54,0.6712998992797053
P2_rgkf,3,ANN,31,0.51,0.6721193615614212
P2_rgkf,3,ANN,33,0.54,0.6869431182648545
P2_rgkf,3,ANN,36,0.17,0.1605176107207702
P2_rgkf,3,ANN,42,0.19,0.1564581006222712
P2_rgkf,3,ANN,52,0.4,0.3402262878569876
P2_rgkf,3,ANN,55,0.1,0.0235326804535751
P2_rgkf,3,ANN,58,0.08,0.0887292259623553
P2_rgkf,3,ANN,68,0.15,0.1955432360162061
P2_rgkf,3,ANN,73,0.21,0.2409309753350021
P2_rgkf,3,ANN,78,0.14,0.1172120909699789
P2_rgkf,3,ANN,85,0.15,0.0889116751466209
P2_rgkf,3,ANN,95,0.3,0.2052758478001191
P2_rgkf,3,ANN,101,0.2,0.1631962193364358
P2_rgkf,3,ANN,103,0.08,0.0877159245246793
P2_rgkf,4,Mean,9,0.42,0.2943333333333334
P2_rgkf,4,Mean,14,0.48,0.2943333333333334
P2_rgkf,4,Mean,21,0.44,0.2943333333333334
P2_rgkf,4,Mean,28,0.38,0.2943333333333334
P2_rgkf,4,Mean,30,0.54,0.2943333333333334
P2_rgkf,4,Mean,34,0.69,0.2943333333333334
P2_rgkf,4,Mean,39,0.13,0.2943333333333334
P2_rgkf,4,Mean,42,0.19,0.2943333333333334
P2_rgkf,4,Mean,47,0.76,0.2943333333333334
P2_rgkf,4,Mean,48,0.35,0.2943333333333334
P2_rgkf,4,Mean,54,0.29,0.2943333333333334
P2_rgkf,4,Mean,80,0.15,0.2943333333333334
P2_rgkf,4,Mean,83,0.15,0.2943333333333334
P2_rgkf,4,Mean,90,0.27,0.2943333333333334
P2_rgkf,4,Mean,95,0.3,0.2943333333333334
P2_rgkf,4,Mean,96,0.12,0.2943333333333334
P2_rgkf,4,Mean,100,0.25,0.2943333333333334
P2_rgkf,4,Mean,106,0.17,0.2943333333333334
P2_rgkf,4,Mean,108,0.2,0.2943333333333334
P2_rgkf,4,Mean,109,0.17,0.2943333333333334
P2_rgkf,4,MVR,9,0.42,0.4950894712012754
P2_rgkf,4,MVR,14,0.48,0.4438866217391755
P2_rgkf,4,MVR,21,0.44,0.5769796101834562
P2_rgkf,4,MVR,28,0.38,0.2884605046249032
P2_rgkf,4,MVR,30,0.54,0.5949351077737356
P2_rgkf,4,MVR,34,0.69,0.529856826508663
P2_rgkf,4,MVR,39,0.13,0.2381694577230227
P2_rgkf,4,MVR,42,0.19,0.2144869206857586
P2_rgkf,4,MVR,47,0.76,0.2044863641553348
P2_rgkf,4,MVR,48,0.35,0.2672379246984787
P2_rgkf,4,MVR,54,0.29,0.2283023056394205
P2_rgkf,4,MVR,80,0.15,0.2118373950373231
P2_rgkf,4,MVR,83,0.15,0.277092762256655
P2_rgkf,4,MVR,90,0.27,0.1384830164516739
P2_rgkf,4,MVR,95,0.3,0.2435971344015872
P2_rgkf,4,MVR,96,0.12,0.1853240159639969
P2_rgkf,4,MVR,100,0.25,0.1997844091355702
P2_rgkf,4,MVR,106,0.17,0.1620642472700943
P2_rgkf,4,MVR,108,0.2,0.1891300042038673
P2_rgkf,4,MVR,109,0.17,0.2721509945835066
P2_rgkf,4,Ridge,9,0.42,0.4800848144628926
P2_rgkf,4,Ridge,14,0.48,0.4219194752720785
P2_rgkf,4,Ridge,21,0.44,0.5264376999864024
P2_rgkf,4,Ridge,28,0.38,0.3524354905443493
P2_rgkf,4,Ridge,30,0.54,0.6169241244219263
P2_rgkf,4,Ridge,34,0.69,0.5694190198996014
P2_rgkf,4,Ridge,39,0.13,0.2664689774162188
P2_rgkf,4,Ridge,42,0.19,0.2176786389335559
P2_rgkf,4,Ridge,47,0.76,0.2411623142916059
P2_rgkf,4,Ridge,48,0.35,0.3141436053282541
P2_rgkf,4,Ridge,54,0.29,0.2668091358732244
P2_rgkf,4,Ridge,80,0.15,0.2223538460919028
P2_rgkf,4,Ridge,83,0.15,0.3458935586930638
P2_rgkf,4,Ridge,90,0.27,0.1214042662939007
P2_rgkf,4,Ridge,95,0.3,0.2598336205543702
P2_rgkf,4,Ridge,96,0.12,0.1757564444133941
P2_rgkf,4,Ridge,100,0.25,0.2569945639848442
P2_rgkf,4,Ridge,106,0.17,0.1648368002703747
P2_rgkf,4,Ridge,108,0.2,0.2076395675489789
P2_rgkf,4,Ridge,109,0.17,0.2970221791188031
P2_rgkf,4,RF,9,0.42,0.4249434030089455
P2_rgkf,4,RF,14,0.48,0.537401960390364
P2_rgkf,4,RF,21,0.44,0.6494372124329058
P2_rgkf,4,RF,28,0.38,0.3840029665267288
P2_rgkf,4,RF,30,0.54,0.5959805250857141
P2_rgkf,4,RF,34,0.69,0.6084965027191919
P2_rgkf,4,RF,39,0.13,0.1824159882511286
P2_rgkf,4,RF,42,0.19,0.1921087986081496
P2_rgkf,4,RF,47,0.76,0.3844318852610793
P2_rgkf,4,RF,48,0.35,0.3954418710383048
P2_rgkf,4,RF,54,0.29,0.2943150296534837
P2_rgkf,4,RF,80,0.15,0.1816287677294165
P2_rgkf,4,RF,83,0.15,0.187252264262593
P2_rgkf,4,RF,90,0.27,0.1687738005040912
P2_rgkf,4,RF,95,0.3,0.1819913838345095
P2_rgkf,4,RF,96,0.12,0.1809486044062191
P2_rgkf,4,RF,100,0.25,0.2822413480458486
P2_rgkf,4,RF,106,0.17,0.1814838830622639
P2_rgkf,4,RF,108,0.2,0.1820841951955991
P2_rgkf,4,RF,109,0.17,0.1820399152520393
P2_rgkf,4,ET,9,0.42,0.4371926512376512
P2_rgkf,4,ET,14,0.48,0.5114139444444439
P2_rgkf,4,ET,21,0.44,0.6410203412698449
P2_rgkf,4,ET,28,0.38,0.409716945012843
P2_rgkf,4,ET,30,0.54,0.5639486666666658
P2_rgkf,4,ET,34,0.69,0.558079611111111
P2_rgkf,4,ET,39,0.13,0.1673321551591772
P2_rgkf,4,ET,42,0.19,0.1878170065051921
P2_rgkf,4,ET,47,0.76,0.3873684499389496
P2_rgkf,4,ET,48,0.35,0.3788432681207674
P2_rgkf,4,ET,54,0.29,0.2785603321123324
P2_rgkf,4,ET,80,0.15,0.1703931162283221
P2_rgkf,4,ET,83,0.15,0.2032000117521365
P2_rgkf,4,ET,90,0.27,0.1403711941525909
P2_rgkf,4,ET,95,0.3,0.1928070567137628
P2_rgkf,4,ET,96,0.12,0.1779427583454646
P2_rgkf,4,ET,100,0.25,0.2421993133533119
P2_rgkf,4,ET,106,0.17,0.1725216916412135
P2_rgkf,4,ET,108,0.2,0.2006116473526471
P2_rgkf,4,ET,109,0.17,0.1958515031562089
P2_rgkf,4,XGB,9,0.42,0.4075551927089691
P2_rgkf,4,XGB,14,0.48,0.4761233329772949
P2_rgkf,4,XGB,21,0.44,0.6117550730705261
P2_rgkf,4,XGB,28,0.38,0.4001671969890594
P2_rgkf,4,XGB,30,0.54,0.569954514503479
P2_rgkf,4,XGB,34,0.69,0.568825364112854
P2_rgkf,4,XGB,39,0.13,0.167770653963089
P2_rgkf,4,XGB,42,0.19,0.1770670562982559
P2_rgkf,4,XGB,47,0.76,0.3804758787155151
P2_rgkf,4,XGB,48,0.35,0.3730771839618683
P2_rgkf,4,XGB,54,0.29,0.3174427151679992
P2_rgkf,4,XGB,80,0.15,0.1682001799345016
P2_rgkf,4,XGB,83,0.15,0.1825861781835556
P2_rgkf,4,XGB,90,0.27,0.0945357307791709
P2_rgkf,4,XGB,95,0.3,0.1919745057821273
P2_rgkf,4,XGB,96,0.12,0.1736146807670593
P2_rgkf,4,XGB,100,0.25,0.2556243240833282
P2_rgkf,4,XGB,106,0.17,0.1650281995534896
P2_rgkf,4,XGB,108,0.2,0.1869471073150634
P2_rgkf,4,XGB,109,0.17,0.1964863389730453
P2_rgkf,4,LGBM,9,0.42,0.3841430740507156
P2_rgkf,4,LGBM,14,0.48,0.4961609129166079
P2_rgkf,4,LGBM,21,0.44,0.6595015688051348
P2_rgkf,4,LGBM,28,0.38,0.3993806415326388
P2_rgkf,4,LGBM,30,0.54,0.5887004155824993
P2_rgkf,4,LGBM,34,0.69,0.5928345405659308
P2_rgkf,4,LGBM,39,0.13,0.1657085365734793
P2_rgkf,4,LGBM,42,0.19,0.1752451101138508
P2_rgkf,4,LGBM,47,0.76,0.3599225418788269
P2_rgkf,4,LGBM,48,0.35,0.3640551480693983
P2_rgkf,4,LGBM,54,0.29,0.2801248521750142
P2_rgkf,4,LGBM,80,0.15,0.177292395895717
P2_rgkf,4,LGBM,83,0.15,0.1479273583394597
P2_rgkf,4,LGBM,90,0.27,0.0780398354259937
P2_rgkf,4,LGBM,95,0.3,0.2108381003955625
P2_rgkf,4,LGBM,96,0.12,0.2135211642700305
P2_rgkf,4,LGBM,100,0.25,0.255368670614248
P2_rgkf,4,LGBM,106,0.17,0.1656078900512028
P2_rgkf,4,LGBM,108,0.2,0.2184442960742861
P2_rgkf,4,LGBM,109,0.17,0.1814531644670788
P2_rgkf,4,CatB,9,0.42,0.4061425222835707
P2_rgkf,4,CatB,14,0.48,0.4904255573359647
P2_rgkf,4,CatB,21,0.44,0.6127746356116677
P2_rgkf,4,CatB,28,0.38,0.3835645642190502
P2_rgkf,4,CatB,30,0.54,0.5679047443389047
P2_rgkf,4,CatB,34,0.69,0.5729217949841001
P2_rgkf,4,CatB,39,0.13,0.1847624038242715
P2_rgkf,4,CatB,42,0.19,0.1989202915821945
P2_rgkf,4,CatB,47,0.76,0.3585642632837641
P2_rgkf,4,CatB,48,0.35,0.3632228105886695
P2_rgkf,4,CatB,54,0.29,0.2988358534199803
P2_rgkf,4,CatB,80,0.15,0.1752047084264621
P2_rgkf,4,CatB,83,0.15,0.1767482445686572
P2_rgkf,4,CatB,90,0.27,0.1093188751224567
P2_rgkf,4,CatB,95,0.3,0.1825706441585742
P2_rgkf,4,CatB,96,0.12,0.1743307422834247
P2_rgkf,4,CatB,100,0.25,0.2738057611034307
P2_rgkf,4,CatB,106,0.17,0.1610516124380179
P2_rgkf,4,CatB,108,0.2,0.2047358058686854
P2_rgkf,4,CatB,109,0.17,0.2027487594683624
P2_rgkf,4,SVR,9,0.42,0.4011456278838849
P2_rgkf,4,SVR,14,0.48,0.4742956601249999
P2_rgkf,4,SVR,21,0.44,0.6727049208049505
P2_rgkf,4,SVR,28,0.38,0.389428863575695
P2_rgkf,4,SVR,30,0.54,0.5319892542008283
P2_rgkf,4,SVR,34,0.69,0.5174731228056186
P2_rgkf,4,SVR,39,0.13,0.1723832500776662
P2_rgkf,4,SVR,42,0.19,0.1695528604714342
P2_rgkf,4,SVR,47,0.76,0.4508485879059571
P2_rgkf,4,SVR,48,0.35,0.4003981622725371
P2_rgkf,4,SVR,54,0.29,0.2723466243070713
P2_rgkf,4,SVR,80,0.15,0.1859712270521689
P2_rgkf,4,SVR,83,0.15,0.2232929847244647
P2_rgkf,4,SVR,90,0.27,0.12237212910789
P2_rgkf,4,SVR,95,0.3,0.1941549829070271
P2_rgkf,4,SVR,96,0.12,0.1184917188881709
P2_rgkf,4,SVR,100,0.25,0.2414995965660324
P2_rgkf,4,SVR,106,0.17,0.1669094053440395
P2_rgkf,4,SVR,108,0.2,0.2137104836425611
P2_rgkf,4,SVR,109,0.17,0.2270639929134826
P2_rgkf,4,GPR,9,0.42,0.3957736765013089
P2_rgkf,4,GPR,14,0.48,0.457243577360897
P2_rgkf,4,GPR,21,0.44,0.6331934077480805
P2_rgkf,4,GPR,28,0.38,0.4461244395495432
P2_rgkf,4,GPR,30,0.54,0.5615557472694971
P2_rgkf,4,GPR,34,0.69,0.5615557467993326
P2_rgkf,4,GPR,39,0.13,0.1578975517173844
P2_rgkf,4,GPR,42,0.19,0.1821911084198073
P2_rgkf,4,GPR,47,0.76,0.3745815386810182
P2_rgkf,4,GPR,48,0.35,0.3745815932983128
P2_rgkf,4,GPR,54,0.29,0.3161919444114039
P2_rgkf,4,GPR,80,0.15,0.1497611829596524
P2_rgkf,4,GPR,83,0.15,0.2156458683369705
P2_rgkf,4,GPR,90,0.27,0.1631687812662103
P2_rgkf,4,GPR,95,0.3,0.1804721964080456
P2_rgkf,4,GPR,96,0.12,0.1778311372146585
P2_rgkf,4,GPR,100,0.25,0.2580419866771619
P2_rgkf,4,GPR,106,0.17,0.1714474552650921
P2_rgkf,4,GPR,108,0.2,0.1729781126379063
P2_rgkf,4,GPR,109,0.17,0.1831027922017986
P2_rgkf,4,ANN,9,0.42,0.4557159081855468
P2_rgkf,4,ANN,14,0.48,0.4445770498072225
P2_rgkf,4,ANN,21,0.44,0.5927713471164714
P2_rgkf,4,ANN,28,0.38,0.3507643248990572
P2_rgkf,4,ANN,30,0.54,0.5614237545376501
P2_rgkf,4,ANN,34,0.69,0.5260615417165491
P2_rgkf,4,ANN,39,0.13,0.1944370773371169
P2_rgkf,4,ANN,42,0.19,0.1746092156226883
P2_rgkf,4,ANN,47,0.76,0.2945755590781264
P2_rgkf,4,ANN,48,0.35,0.2906341004025986
P2_rgkf,4,ANN,54,0.29,0.2538944394568316
P2_rgkf,4,ANN,80,0.15,0.1889204763452092
P2_rgkf,4,ANN,83,0.15,0.2225704368379914
P2_rgkf,4,ANN,90,0.27,0.1171944135776383
P2_rgkf,4,ANN,95,0.3,0.2167995465384899
P2_rgkf,4,ANN,96,0.12,0.1524135354737864
P2_rgkf,4,ANN,100,0.25,0.2287824974875668
P2_rgkf,4,ANN,106,0.17,0.1522833315438194
P2_rgkf,4,ANN,108,0.2,0.2118715412903683
P2_rgkf,4,ANN,109,0.17,0.2366739870105876
P2_rgkf,4,Mean,2,0.33,0.3063636363636364
P2_rgkf,4,Mean,4,0.46,0.3063636363636364
P2_rgkf,4,Mean,5,0.37,0.3063636363636364
P2_rgkf,4,Mean,13,0.48,0.3063636363636364
P2_rgkf,4,Mean,23,0.25,0.3063636363636364
P2_rgkf,4,Mean,24,0.27,0.3063636363636364
P2_rgkf,4,Mean,27,0.37,0.3063636363636364
P2_rgkf,4,Mean,35,0.17,0.3063636363636364
P2_rgkf,4,Mean,36,0.17,0.3063636363636364
P2_rgkf,4,Mean,37,0.13,0.3063636363636364
P2_rgkf,4,Mean,40,0.15,0.3063636363636364
P2_rgkf,4,Mean,45,0.21,0.3063636363636364
P2_rgkf,4,Mean,49,0.55,0.3063636363636364
P2_rgkf,4,Mean,50,0.35,0.3063636363636364
P2_rgkf,4,Mean,53,0.35,0.3063636363636364
P2_rgkf,4,Mean,73,0.21,0.3063636363636364
P2_rgkf,4,Mean,76,0.18,0.3063636363636364
P2_rgkf,4,Mean,78,0.14,0.3063636363636364
P2_rgkf,4,Mean,84,0.19,0.3063636363636364
P2_rgkf,4,Mean,88,0.22,0.3063636363636364
P2_rgkf,4,Mean,93,0.2,0.3063636363636364
P2_rgkf,4,Mean,105,0.23,0.3063636363636364
P2_rgkf,4,MVR,2,0.33,0.3811273862116387
P2_rgkf,4,MVR,4,0.46,0.3811273862116387
P2_rgkf,4,MVR,5,0.37,0.6045310362628924
P2_rgkf,4,MVR,13,0.48,0.4197150341659713
P2_rgkf,4,MVR,23,0.25,0.2060582793952247
P2_rgkf,4,MVR,24,0.27,0.2390320402485158
P2_rgkf,4,MVR,27,0.37,0.2807648942179933
P2_rgkf,4,MVR,35,0.17,0.2284713803542869
P2_rgkf,4,MVR,36,0.17,0.2236974287216929
P2_rgkf,4,MVR,37,0.13,0.2284713803542869
P2_rgkf,4,MVR,40,0.15,0.2804384584136941
P2_rgkf,4,MVR,45,0.21,0.1839472416981266
P2_rgkf,4,MVR,49,0.55,0.2439520665183075
P2_rgkf,4,MVR,50,0.35,0.3205855051457804
P2_rgkf,4,MVR,53,0.35,0.2529264042049482
P2_rgkf,4,MVR,73,0.21,0.2105570386088938
P2_rgkf,4,MVR,76,0.18,0.2642045302388992
P2_rgkf,4,MVR,78,0.14,0.174624445267927
P2_rgkf,4,MVR,84,0.19,0.2376385331151512
P2_rgkf,4,MVR,88,0.22,0.2283615301211521
P2_rgkf,4,MVR,93,0.2,0.1748756003485929
P2_rgkf,4,MVR,105,0.23,0.2048855541153428
P2_rgkf,4,Ridge,2,0.33,0.4315433250819313
P2_rgkf,4,Ridge,4,0.46,0.4315433250819313
P2_rgkf,4,Ridge,5,0.37,0.5181017822493676
P2_rgkf,4,Ridge,13,0.48,0.4141042498749571
P2_rgkf,4,Ridge,23,0.25,0.2751278855465316
P2_rgkf,4,Ridge,24,0.27,0.3070963978470689
P2_rgkf,4,Ridge,27,0.37,0.3473677106794162
P2_rgkf,4,Ridge,35,0.17,0.2678969221076246
P2_rgkf,4,Ridge,36,0.17,0.2624942428245911
P2_rgkf,4,Ridge,37,0.13,0.2678969221076246
P2_rgkf,4,Ridge,40,0.15,0.3076747030250001
P2_rgkf,4,Ridge,45,0.21,0.183047324015316
P2_rgkf,4,Ridge,49,0.55,0.2945042144859708
P2_rgkf,4,Ridge,50,0.35,0.3563537556184059
P2_rgkf,4,Ridge,53,0.35,0.2853205461745458
P2_rgkf,4,Ridge,73,0.21,0.2378524245908049
P2_rgkf,4,Ridge,76,0.18,0.2973771673718027
P2_rgkf,4,Ridge,78,0.14,0.1903065717890525
P2_rgkf,4,Ridge,84,0.19,0.2122288555097072
P2_rgkf,4,Ridge,88,0.22,0.214744164495112
P2_rgkf,4,Ridge,93,0.2,0.1949310458375051
P2_rgkf,4,Ridge,105,0.23,0.212939901320778
P2_rgkf,4,RF,2,0.33,0.4371539632936512
P2_rgkf,4,RF,4,0.46,0.4371539632936512
P2_rgkf,4,RF,5,0.37,0.5529553124999959
P2_rgkf,4,RF,13,0.48,0.4909114583333313
P2_rgkf,4,RF,23,0.25,0.2564749738930655
P2_rgkf,4,RF,24,0.27,0.3248761904761915
P2_rgkf,4,RF,27,0.37,0.4116509226190455
P2_rgkf,4,RF,35,0.17,0.1692710029925082
P2_rgkf,4,RF,36,0.17,0.1683486868160377
P2_rgkf,4,RF,37,0.13,0.1692710029925082
P2_rgkf,4,RF,40,0.15,0.2381689149701782
P2_rgkf,4,RF,45,0.21,0.2106611083306921
P2_rgkf,4,RF,49,0.55,0.5297813461538443
P2_rgkf,4,RF,50,0.35,0.3630222985347975
P2_rgkf,4,RF,53,0.35,0.2537410832590598
P2_rgkf,4,RF,73,0.21,0.1999271794751354
P2_rgkf,4,RF,76,0.18,0.1732079327739528
P2_rgkf,4,RF,78,0.14,0.1787594374551329
P2_rgkf,4,RF,84,0.19,0.1923824844971077
P2_rgkf,4,RF,88,0.22,0.1947022567795798
P2_rgkf,4,RF,93,0.2,0.1893689027180079
P2_rgkf,4,RF,105,0.23,0.1461835224101663
P2_rgkf,4,ET,2,0.33,0.4095228855415684
P2_rgkf,4,ET,4,0.46,0.4095228855415684
P2_rgkf,4,ET,5,0.37,0.4935145723963805
P2_rgkf,4,ET,13,0.48,0.4798041930700015
P2_rgkf,4,ET,23,0.25,0.2583221500931669
P2_rgkf,4,ET,24,0.27,0.3146634981323819
P2_rgkf,4,ET,27,0.37,0.394409384745769
P2_rgkf,4,ET,35,0.17,0.1680457987205997
P2_rgkf,4,ET,36,0.17,0.170193310032817
P2_rgkf,4,ET,37,0.13,0.1680457987205997
P2_rgkf,4,ET,40,0.15,0.1853578585056177
P2_rgkf,4,ET,45,0.21,0.1991823295040004
P2_rgkf,4,ET,49,0.55,0.4668269714777803
P2_rgkf,4,ET,50,0.35,0.3394631055071492
P2_rgkf,4,ET,53,0.35,0.2406781285540726
P2_rgkf,4,ET,73,0.21,0.1876607295491291
P2_rgkf,4,ET,76,0.18,0.1778573698190384
P2_rgkf,4,ET,78,0.14,0.1755382422285105
P2_rgkf,4,ET,84,0.19,0.1936587199081941
P2_rgkf,4,ET,88,0.22,0.1943559430006848
P2_rgkf,4,ET,93,0.2,0.1994463469857093
P2_rgkf,4,ET,105,0.23,0.1715905680812463
P2_rgkf,4,XGB,2,0.33,0.4672273397445678
P2_rgkf,4,XGB,4,0.46,0.4672273397445678
P2_rgkf,4,XGB,5,0.37,0.6195067167282104
P2_rgkf,4,XGB,13,0.48,0.4789301455020904
P2_rgkf,4,XGB,23,0.25,0.2465811967849731
P2_rgkf,4,XGB,24,0.27,0.3139938414096832
P2_rgkf,4,XGB,27,0.37,0.3961798548698425
P2_rgkf,4,XGB,35,0.17,0.1611284613609314
P2_rgkf,4,XGB,36,0.17,0.1611284613609314
P2_rgkf,4,XGB,37,0.13,0.1611284613609314
P2_rgkf,4,XGB,40,0.15,0.1973652988672256
P2_rgkf,4,XGB,45,0.21,0.2248059958219528
P2_rgkf,4,XGB,49,0.55,0.5262107849121094
P2_rgkf,4,XGB,50,0.35,0.3267936110496521
P2_rgkf,4,XGB,53,0.35,0.2945834994316101
P2_rgkf,4,XGB,73,0.21,0.2470210045576095
P2_rgkf,4,XGB,76,0.18,0.160866841673851
P2_rgkf,4,XGB,78,0.14,0.1882076263427734
P2_rgkf,4,XGB,84,0.19,0.2019814252853393
P2_rgkf,4,XGB,88,0.22,0.1925452500581741
P2_rgkf,4,XGB,93,0.2,0.1762816607952118
P2_rgkf,4,XGB,105,0.23,0.1435086727142334
P2_rgkf,4,LGBM,2,0.33,0.4285718842014929
P2_rgkf,4,LGBM,4,0.46,0.4285718842014929
P2_rgkf,4,LGBM,5,0.37,0.5027365198293943
P2_rgkf,4,LGBM,13,0.48,0.4668550294770592
P2_rgkf,4,LGBM,23,0.25,0.249178292180026
P2_rgkf,4,LGBM,24,0.27,0.3279093205371587
P2_rgkf,4,LGBM,27,0.37,0.3963711403983405
P2_rgkf,4,LGBM,35,0.17,0.1716872861132226
P2_rgkf,4,LGBM,36,0.17,0.1716872861132226
P2_rgkf,4,LGBM,37,0.13,0.1716872861132226
P2_rgkf,4,LGBM,40,0.15,0.2222775140874794
P2_rgkf,4,LGBM,45,0.21,0.175119917507188
P2_rgkf,4,LGBM,49,0.55,0.4961845055750211
P2_rgkf,4,LGBM,50,0.35,0.375174274737843
P2_rgkf,4,LGBM,53,0.35,0.3043112026108242
P2_rgkf,4,LGBM,73,0.21,0.226767684588722
P2_rgkf,4,LGBM,76,0.18,0.1617982623576691
P2_rgkf,4,LGBM,78,0.14,0.2000921550865791
P2_rgkf,4,LGBM,84,0.19,0.2417847479184012
P2_rgkf,4,LGBM,88,0.22,0.2053906273337664
P2_rgkf,4,LGBM,93,0.2,0.2062702603694784
P2_rgkf,4,LGBM,105,0.23,0.1512102005081624
P2_rgkf,4,CatB,2,0.33,0.411997854985996
P2_rgkf,4,CatB,4,0.46,0.411997854985996
P2_rgkf,4,CatB,5,0.37,0.5280663247349958
P2_rgkf,4,CatB,13,0.48,0.4483223565237716
P2_rgkf,4,CatB,23,0.25,0.2465932054071388
P2_rgkf,4,CatB,24,0.27,0.3346095649227471
P2_rgkf,4,CatB,27,0.37,0.3922010741012168
P2_rgkf,4,CatB,35,0.17,0.161391276470684
P2_rgkf,4,CatB,36,0.17,0.1610929948459674
P2_rgkf,4,CatB,37,0.13,0.161391276470684
P2_rgkf,4,CatB,40,0.15,0.2047074886236871
P2_rgkf,4,CatB,45,0.21,0.2180413919706225
P2_rgkf,4,CatB,49,0.55,0.5812792305696431
P2_rgkf,4,CatB,50,0.35,0.3311712333659405
P2_rgkf,4,CatB,53,0.35,0.2821878999201547
P2_rgkf,4,CatB,73,0.21,0.2202170785647428
P2_rgkf,4,CatB,76,0.18,0.1678031166733278
P2_rgkf,4,CatB,78,0.14,0.1594636187055365
P2_rgkf,4,CatB,84,0.19,0.2201373816542203
P2_rgkf,4,CatB,88,0.22,0.1928435839153948
P2_rgkf,4,CatB,93,0.2,0.2111523005682275
P2_rgkf,4,CatB,105,0.23,0.1551083341208828
P2_rgkf,4,SVR,2,0.33,0.4219590126006033
P2_rgkf,4,SVR,4,0.46,0.4219590126006033
P2_rgkf,4,SVR,5,0.37,0.3853663058763066
P2_rgkf,4,SVR,13,0.48,0.4677331222705169
P2_rgkf,4,SVR,23,0.25,0.2488867037189575
P2_rgkf,4,SVR,24,0.27,0.2984608757797051
P2_rgkf,4,SVR,27,0.37,0.382668698997312
P2_rgkf,4,SVR,35,0.17,0.159898712635602
P2_rgkf,4,SVR,36,0.17,0.1661466848380255
P2_rgkf,4,SVR,37,0.13,0.159898712635602
P2_rgkf,4,SVR,40,0.15,0.1674235665173122
P2_rgkf,4,SVR,45,0.21,0.169644773916314
P2_rgkf,4,SVR,49,0.55,0.2910879576863409
P2_rgkf,4,SVR,50,0.35,0.2222540877934664
P2_rgkf,4,SVR,53,0.35,0.185659674906665
P2_rgkf,4,SVR,73,0.21,0.1985210490145862
P2_rgkf,4,SVR,76,0.18,0.1463759278328011
P2_rgkf,4,SVR,78,0.14,0.1459821090506028
P2_rgkf,4,SVR,84,0.19,0.1675833576514457
P2_rgkf,4,SVR,88,0.22,0.2105781651464743
P2_rgkf,4,SVR,93,0.2,0.2890352410487855
P2_rgkf,4,SVR,105,0.23,0.1459741408799292
P2_rgkf,4,GPR,2,0.33,0.39215485657956
P2_rgkf,4,GPR,4,0.46,0.39215485657956
P2_rgkf,4,GPR,5,0.37,0.3965158727757276
P2_rgkf,4,GPR,13,0.48,0.5203173436441765
P2_rgkf,4,GPR,23,0.25,0.2558348464374341
P2_rgkf,4,GPR,24,0.27,0.2976137187208877
P2_rgkf,4,GPR,27,0.37,0.3912086591084583
P2_rgkf,4,GPR,35,0.17,0.1617051108413738
P2_rgkf,4,GPR,36,0.17,0.1626021633616072
P2_rgkf,4,GPR,37,0.13,0.1617051108413738
P2_rgkf,4,GPR,40,0.15,0.1719621575792595
P2_rgkf,4,GPR,45,0.21,0.1702977646936701
P2_rgkf,4,GPR,49,0.55,0.3688689947162905
P2_rgkf,4,GPR,50,0.35,0.2513300489832486
P2_rgkf,4,GPR,53,0.35,0.1546427228870975
P2_rgkf,4,GPR,73,0.21,0.2111983005542065
P2_rgkf,4,GPR,76,0.18,0.1857133212207535
P2_rgkf,4,GPR,78,0.14,0.1302717475912656
P2_rgkf,4,GPR,84,0.19,0.2339666748094451
P2_rgkf,4,GPR,88,0.22,0.1985837475998104
P2_rgkf,4,GPR,93,0.2,0.2243237581102885
P2_rgkf,4,GPR,105,0.23,0.1608543432572717
P2_rgkf,4,ANN,2,0.33,0.4097721988391701
P2_rgkf,4,ANN,4,0.46,0.4097721988391701
P2_rgkf,4,ANN,5,0.37,0.5640119635152993
P2_rgkf,4,ANN,13,0.48,0.4728373529228079
P2_rgkf,4,ANN,23,0.25,0.2421264171257377
P2_rgkf,4,ANN,24,0.27,0.3072785484874785
P2_rgkf,4,ANN,27,0.37,0.4086081903595277
P2_rgkf,4,ANN,35,0.17,0.1554049480198539
P2_rgkf,4,ANN,36,0.17,0.1628970875010926
P2_rgkf,4,ANN,37,0.13,0.1554049480198539
P2_rgkf,4,ANN,40,0.15,0.2079286691658186
P2_rgkf,4,ANN,45,0.21,0.1958476843537437
P2_rgkf,4,ANN,49,0.55,0.4064930025727029
P2_rgkf,4,ANN,50,0.35,0.6881939270006245
P2_rgkf,4,ANN,53,0.35,0.1614364616716087
P2_rgkf,4,ANN,73,0.21,0.2169670456279025
P2_rgkf,4,ANN,76,0.18,0.2331170017199398
P2_rgkf,4,ANN,78,0.14,0.1239794975162186
P2_rgkf,4,ANN,84,0.19,0.1532218429342269
P2_rgkf,4,ANN,88,0.22,0.1991694346919049
P2_rgkf,4,ANN,93,0.2,0.1921312163205751
P2_rgkf,4,ANN,105,0.23,0.1284108322315371
P2_rgkf,4,Mean,3,0.42,0.3045348837209303
P2_rgkf,4,Mean,17,0.76,0.3045348837209303
P2_rgkf,4,Mean,29,0.64,0.3045348837209303
P2_rgkf,4,Mean,31,0.51,0.3045348837209303
P2_rgkf,4,Mean,32,0.64,0.3045348837209303
P2_rgkf,4,Mean,41,0.18,0.3045348837209303
P2_rgkf,4,Mean,46,0.44,0.3045348837209303
P2_rgkf,4,Mean,55,0.1,0.3045348837209303
P2_rgkf,4,Mean,60,0.02,0.3045348837209303
P2_rgkf,4,Mean,61,0.15,0.3045348837209303
P2_rgkf,4,Mean,62,0.19,0.3045348837209303
P2_rgkf,4,Mean,63,0.23,0.3045348837209303
P2_rgkf,4,Mean,68,0.15,0.3045348837209303
P2_rgkf,4,Mean,74,0.15,0.3045348837209303
P2_rgkf,4,Mean,75,0.19,0.3045348837209303
P2_rgkf,4,Mean,82,0.15,0.3045348837209303
P2_rgkf,4,Mean,85,0.15,0.3045348837209303
P2_rgkf,4,Mean,86,0.17,0.3045348837209303
P2_rgkf,4,Mean,92,0.14,0.3045348837209303
P2_rgkf,4,Mean,97,0.47,0.3045348837209303
P2_rgkf,4,Mean,99,0.44,0.3045348837209303
P2_rgkf,4,Mean,101,0.2,0.3045348837209303
P2_rgkf,4,Mean,103,0.08,0.3045348837209303
P2_rgkf,4,Mean,104,0.18,0.3045348837209303
P2_rgkf,4,MVR,3,0.42,0.3441989040316453
P2_rgkf,4,MVR,17,0.76,0.4889315834881523
P2_rgkf,4,MVR,29,0.64,0.3980431855451148
P2_rgkf,4,MVR,31,0.51,0.6573374015946178
P2_rgkf,4,MVR,32,0.64,0.888327200973997
P2_rgkf,4,MVR,41,0.18,0.1412900049837331
P2_rgkf,4,MVR,46,0.44,0.2471337309524869
P2_rgkf,4,MVR,55,0.1,0.1598986624828055
P2_rgkf,4,MVR,60,0.02,0.0979443462044859
P2_rgkf,4,MVR,61,0.15,0.1641490200619415
P2_rgkf,4,MVR,62,0.19,0.1641490200619415
P2_rgkf,4,MVR,63,0.23,0.1641490200619415
P2_rgkf,4,MVR,68,0.15,0.1815576218992904
P2_rgkf,4,MVR,74,0.15,0.2227132362801034
P2_rgkf,4,MVR,75,0.19,0.2216586478702448
P2_rgkf,4,MVR,82,0.15,0.1907979193040128
P2_rgkf,4,MVR,85,0.15,0.2161254007529771
P2_rgkf,4,MVR,86,0.17,0.2537054965573401
P2_rgkf,4,MVR,92,0.14,0.1628316410544442
P2_rgkf,4,MVR,97,0.47,0.3441989040316453
P2_rgkf,4,MVR,99,0.44,0.2534012148806538
P2_rgkf,4,MVR,101,0.2,0.1643475217756118
P2_rgkf,4,MVR,103,0.08,0.0793478620541608
P2_rgkf,4,MVR,104,0.18,0.1641490200619415
P2_rgkf,4,Ridge,3,0.42,0.4007646237072346
P2_rgkf,4,Ridge,17,0.76,0.4664336707579586
P2_rgkf,4,Ridge,29,0.64,0.4038253872968999
P2_rgkf,4,Ridge,31,0.51,0.6809212757241117
P2_rgkf,4,Ridge,32,0.64,0.8214449702054407
P2_rgkf,4,Ridge,41,0.18,0.1223957267773806
P2_rgkf,4,Ridge,46,0.44,0.3065184724470731
P2_rgkf,4,Ridge,55,0.1,0.2488353485053681
P2_rgkf,4,Ridge,60,0.02,0.2394192979355129
P2_rgkf,4,Ridge,61,0.15,0.1866628122088282
P2_rgkf,4,Ridge,62,0.19,0.1866628122088282
P2_rgkf,4,Ridge,63,0.23,0.1866628122088282
P2_rgkf,4,Ridge,68,0.15,0.193924991673
P2_rgkf,4,Ridge,74,0.15,0.2399667137148007
P2_rgkf,4,Ridge,75,0.19,0.2430603619688399
P2_rgkf,4,Ridge,82,0.15,0.174257208583561
P2_rgkf,4,Ridge,85,0.15,0.1661136256204943
P2_rgkf,4,Ridge,86,0.17,0.2125661417651138
P2_rgkf,4,Ridge,92,0.14,0.1837281844419613
P2_rgkf,4,Ridge,97,0.47,0.4007646237072346
P2_rgkf,4,Ridge,99,0.44,0.3070533584257485
P2_rgkf,4,Ridge,101,0.2,0.1616785831149368
P2_rgkf,4,Ridge,103,0.08,0.0796559830265932
P2_rgkf,4,Ridge,104,0.18,0.1866628122088282
P2_rgkf,4,RF,3,0.42,0.3642349314574316
P2_rgkf,4,RF,17,0.76,0.4989561904761898
P2_rgkf,4,RF,29,0.64,0.6326438888888887
P2_rgkf,4,RF,31,0.51,0.5989269047619046
P2_rgkf,4,RF,32,0.64,0.5965203174603172
P2_rgkf,4,RF,41,0.18,0.1640316086092556
P2_rgkf,4,RF,46,0.44,0.3920945238095235
P2_rgkf,4,RF,55,0.1,0.1878196164021164
P2_rgkf,4,RF,60,0.02,0.1878196164021164
P2_rgkf,4,RF,61,0.15,0.2425311147186147
P2_rgkf,4,RF,62,0.19,0.2425311147186147
P2_rgkf,4,RF,63,0.23,0.2425311147186147
P2_rgkf,4,RF,68,0.15,0.1660083709808712
P2_rgkf,4,RF,74,0.15,0.1614452910052909
P2_rgkf,4,RF,75,0.19,0.1634921164021166
P2_rgkf,4,RF,82,0.15,0.1727904761904761
P2_rgkf,4,RF,85,0.15,0.226543611111111
P2_rgkf,4,RF,86,0.17,0.2298063095238094
P2_rgkf,4,RF,92,0.14,0.1834535846560848
P2_rgkf,4,RF,97,0.47,0.3642349314574316
P2_rgkf,4,RF,99,0.44,0.3691858044733043
P2_rgkf,4,RF,101,0.2,0.1658322038473509
P2_rgkf,4,RF,103,0.08,0.1063487566137566
P2_rgkf,4,RF,104,0.18,0.2425311147186147
P2_rgkf,4,ET,3,0.42,0.3810514437093702
P2_rgkf,4,ET,17,0.76,0.622226682826978
P2_rgkf,4,ET,29,0.64,0.5262644690179098
P2_rgkf,4,ET,31,0.51,0.5961726111111113
P2_rgkf,4,ET,32,0.64,0.5938951666666671
P2_rgkf,4,ET,41,0.18,0.1772549617320925
P2_rgkf,4,ET,46,0.44,0.4135573510378512
P2_rgkf,4,ET,55,0.1,0.2622616198801193
P2_rgkf,4,ET,60,0.02,0.2567700008325002
P2_rgkf,4,ET,61,0.15,0.2348663603891805
P2_rgkf,4,ET,62,0.19,0.2348663603891805
P2_rgkf,4,ET,63,0.23,0.2348663603891805
P2_rgkf,4,ET,68,0.15,0.1695993053794349
P2_rgkf,4,ET,74,0.15,0.1770419960047017
P2_rgkf,4,ET,75,0.19,0.1783313081370141
P2_rgkf,4,ET,82,0.15,0.1784544026618562
P2_rgkf,4,ET,85,0.15,0.2077863629895401
P2_rgkf,4,ET,86,0.17,0.2081783502800272
P2_rgkf,4,ET,92,0.14,0.1855022160574888
P2_rgkf,4,ET,97,0.47,0.3810514437093702
P2_rgkf,4,ET,99,0.44,0.3719832678296925
P2_rgkf,4,ET,101,0.2,0.1830009503818344
P2_rgkf,4,ET,103,0.08,0.0927523091908097
P2_rgkf,4,ET,104,0.18,0.2348663603891805
P2_rgkf,4,XGB,3,0.42,0.3753923773765564
P2_rgkf,4,XGB,17,0.76,0.4366694986820221
P2_rgkf,4,XGB,29,0.64,0.5977087616920471
P2_rgkf,4,XGB,31,0.51,0.6039289236068726
P2_rgkf,4,XGB,32,0.64,0.611660361289978
P2_rgkf,4,XGB,41,0.18,0.175529807806015
P2_rgkf,4,XGB,46,0.44,0.3942650854587555
P2_rgkf,4,XGB,55,0.1,0.1693150848150253
P2_rgkf,4,XGB,60,0.02,0.1693150848150253
P2_rgkf,4,XGB,61,0.15,0.1996446400880813
P2_rgkf,4,XGB,62,0.19,0.1996446400880813
P2_rgkf,4,XGB,63,0.23,0.1996446400880813
P2_rgkf,4,XGB,68,0.15,0.1731957346200943
P2_rgkf,4,XGB,74,0.15,0.1839324384927749
P2_rgkf,4,XGB,75,0.19,0.1772834658622741
P2_rgkf,4,XGB,82,0.15,0.1794031262397766
P2_rgkf,4,XGB,85,0.15,0.1892900019884109
P2_rgkf,4,XGB,86,0.17,0.2033513039350509
P2_rgkf,4,XGB,92,0.14,0.1718740910291671
P2_rgkf,4,XGB,97,0.47,0.3753923773765564
P2_rgkf,4,XGB,99,0.44,0.352744847536087
P2_rgkf,4,XGB,101,0.2,0.1888901591300964
P2_rgkf,4,XGB,103,0.08,0.1251057535409927
P2_rgkf,4,XGB,104,0.18,0.1996446400880813
P2_rgkf,4,LGBM,3,0.42,0.335939195800982
P2_rgkf,4,LGBM,17,0.76,0.4017483404398475
P2_rgkf,4,LGBM,29,0.64,0.6272731073866536
P2_rgkf,4,LGBM,31,0.51,0.5479147479656982
P2_rgkf,4,LGBM,32,0.64,0.5827096128150487
P2_rgkf,4,LGBM,41,0.18,0.1801448410224103
P2_rgkf,4,LGBM,46,0.44,0.3838910731685133
P2_rgkf,4,LGBM,55,0.1,0.1920139200108185
P2_rgkf,4,LGBM,60,0.02,0.1920139200108185
P2_rgkf,4,LGBM,61,0.15,0.2264784358326345
P2_rgkf,4,LGBM,62,0.19,0.2264784358326345
P2_rgkf,4,LGBM,63,0.23,0.2264784358326345
P2_rgkf,4,LGBM,68,0.15,0.1656258245621304
P2_rgkf,4,LGBM,74,0.15,0.1573297042691476
P2_rgkf,4,LGBM,75,0.19,0.1633828157536621
P2_rgkf,4,LGBM,82,0.15,0.1542201279216762
P2_rgkf,4,LGBM,85,0.15,0.2030659926064407
P2_rgkf,4,LGBM,86,0.17,0.2036387841161981
P2_rgkf,4,LGBM,92,0.14,0.1974569152065078
P2_rgkf,4,LGBM,97,0.47,0.335939195800982
P2_rgkf,4,LGBM,99,0.44,0.3754512282195318
P2_rgkf,4,LGBM,101,0.2,0.1869802034563036
P2_rgkf,4,LGBM,103,0.08,0.0880044856160899
P2_rgkf,4,LGBM,104,0.18,0.2264784358326345
P2_rgkf,4,CatB,3,0.42,0.3737753542343788
P2_rgkf,4,CatB,17,0.76,0.486724679062161
P2_rgkf,4,CatB,29,0.64,0.5804086032532085
P2_rgkf,4,CatB,31,0.51,0.5796579854426158
P2_rgkf,4,CatB,32,0.64,0.5781958665654086
P2_rgkf,4,CatB,41,0.18,0.1864212466995401
P2_rgkf,4,CatB,46,0.44,0.3866173205675007
P2_rgkf,4,CatB,55,0.1,0.2552794853530119
P2_rgkf,4,CatB,60,0.02,0.2552794853530119
P2_rgkf,4,CatB,61,0.15,0.2221049847634511
P2_rgkf,4,CatB,62,0.19,0.2221049847634511
P2_rgkf,4,CatB,63,0.23,0.2221049847634511
P2_rgkf,4,CatB,68,0.15,0.1713989176040188
P2_rgkf,4,CatB,74,0.15,0.1847836905512995
P2_rgkf,4,CatB,75,0.19,0.1844625597676036
P2_rgkf,4,CatB,82,0.15,0.1833601447397168
P2_rgkf,4,CatB,85,0.15,0.2169285214463776
P2_rgkf,4,CatB,86,0.17,0.2179450592566905
P2_rgkf,4,CatB,92,0.14,0.1834146644297977
P2_rgkf,4,CatB,97,0.47,0.3737753542343788
P2_rgkf,4,CatB,99,0.44,0.3446892117412539
P2_rgkf,4,CatB,101,0.2,0.1841492058216423
P2_rgkf,4,CatB,103,0.08,0.1176256651639492
P2_rgkf,4,CatB,104,0.18,0.2221049847634511
P2_rgkf,4,SVR,3,0.42,0.4218380136452784
P2_rgkf,4,SVR,17,0.76,0.680148383384406
P2_rgkf,4,SVR,29,0.64,0.2673161170774473
P2_rgkf,4,SVR,31,0.51,0.5330813684162381
P2_rgkf,4,SVR,32,0.64,0.2647124767365202
P2_rgkf,4,SVR,41,0.18,0.171865373083897
P2_rgkf,4,SVR,46,0.44,0.3669754771952687
P2_rgkf,4,SVR,55,0.1,0.2095711437523671
P2_rgkf,4,SVR,60,0.02,0.2108023861606737
P2_rgkf,4,SVR,61,0.15,0.2885011329685062
P2_rgkf,4,SVR,62,0.19,0.2885011329685062
P2_rgkf,4,SVR,63,0.23,0.2885011329685062
P2_rgkf,4,SVR,68,0.15,0.1868528999394517
P2_rgkf,4,SVR,74,0.15,0.1456004061119732
P2_rgkf,4,SVR,75,0.19,0.1483028195688089
P2_rgkf,4,SVR,82,0.15,0.1500655161543427
P2_rgkf,4,SVR,85,0.15,0.2011261475275978
P2_rgkf,4,SVR,86,0.17,0.2100655046656373
P2_rgkf,4,SVR,92,0.14,0.1818454131078586
P2_rgkf,4,SVR,97,0.47,0.4218380136452784
P2_rgkf,4,SVR,99,0.44,0.3787288730590055
P2_rgkf,4,SVR,101,0.2,0.16061497791234
P2_rgkf,4,SVR,103,0.08,0.0895883488634979
P2_rgkf,4,SVR,104,0.18,0.2885011329685062
P2_rgkf,4,GPR,3,0.42,0.3742271382594623
P2_rgkf,4,GPR,17,0.76,0.5829025532759491
P2_rgkf,4,GPR,29,0.64,0.6074310707511448
P2_rgkf,4,GPR,31,0.51,0.5766654734713079
P2_rgkf,4,GPR,32,0.64,0.5730487308322229
P2_rgkf,4,GPR,41,0.18,0.1555331385625269
P2_rgkf,4,GPR,46,0.44,0.2610289256445685
P2_rgkf,4,GPR,55,0.1,0.2620573711292979
P2_rgkf,4,GPR,60,0.02,0.2620573692840339
P2_rgkf,4,GPR,61,0.15,0.2442890470220724
P2_rgkf,4,GPR,62,0.19,0.2442890470220724
P2_rgkf,4,GPR,63,0.23,0.2442890470220724
P2_rgkf,4,GPR,68,0.15,0.1497164385163385
P2_rgkf,4,GPR,74,0.15,0.1700547198591025
P2_rgkf,4,GPR,75,0.19,0.1695853265874324
P2_rgkf,4,GPR,82,0.15,0.1830335576660225
P2_rgkf,4,GPR,85,0.15,0.2067294095659996
P2_rgkf,4,GPR,86,0.17,0.2067294097098174
P2_rgkf,4,GPR,92,0.14,0.1697969682827661
P2_rgkf,4,GPR,97,0.47,0.3742271382594623
P2_rgkf,4,GPR,99,0.44,0.343704953706234
P2_rgkf,4,GPR,101,0.2,0.162689142590702
P2_rgkf,4,GPR,103,0.08,0.0889714692808068
P2_rgkf,4,GPR,104,0.18,0.2442890470220724
P2_rgkf,4,ANN,3,0.42,0.3792862357518686
P2_rgkf,4,ANN,17,0.76,0.5990722546170494
P2_rgkf,4,ANN,29,0.64,0.3081701199045101
P2_rgkf,4,ANN,31,0.51,0.5577850613439942
P2_rgkf,4,ANN,32,0.64,0.4666603260401646
P2_rgkf,4,ANN,41,0.18,0.1025286167135042
P2_rgkf,4,ANN,46,0.44,0.3805422262966135
P2_rgkf,4,ANN,55,0.1,0.1218028695556451
P2_rgkf,4,ANN,60,0.02,0.1100485794391548
P2_rgkf,4,ANN,61,0.15,0.1832708611015894
P2_rgkf,4,ANN,62,0.19,0.1832708611015894
P2_rgkf,4,ANN,63,0.23,0.1832708611015894
P2_rgkf,4,ANN,68,0.15,0.1682887981796069
P2_rgkf,4,ANN,74,0.15,0.1535476759819279
P2_rgkf,4,ANN,75,0.19,0.172877331849501
P2_rgkf,4,ANN,82,0.15,0.065139102776318
P2_rgkf,4,ANN,85,0.15,0.1235162410213333
P2_rgkf,4,ANN,86,0.17,0.1610705664347278
P2_rgkf,4,ANN,92,0.14,0.1516759830537612
P2_rgkf,4,ANN,97,0.47,0.3792862357518686
P2_rgkf,4,ANN,99,0.44,0.373189203476051
P2_rgkf,4,ANN,101,0.2,0.1111216002891971
P2_rgkf,4,ANN,103,0.08,0.0846499241830589
P2_rgkf,4,ANN,104,0.18,0.1832708611015894
P2_rgkf,4,Mean,0,0.37,0.3017241379310345
P2_rgkf,4,Mean,1,0.37,0.3017241379310345
P2_rgkf,4,Mean,12,0.46,0.3017241379310345
P2_rgkf,4,Mean,15,0.75,0.3017241379310345
P2_rgkf,4,Mean,25,0.3,0.3017241379310345
P2_rgkf,4,Mean,26,0.38,0.3017241379310345
P2_rgkf,4,Mean,38,0.17,0.3017241379310345
P2_rgkf,4,Mean,43,0.16,0.3017241379310345
P2_rgkf,4,Mean,52,0.4,0.3017241379310345
P2_rgkf,4,Mean,64,0.22,0.3017241379310345
P2_rgkf,4,Mean,65,0.24,0.3017241379310345
P2_rgkf,4,Mean,66,0.26,0.3017241379310345
P2_rgkf,4,Mean,67,0.28,0.3017241379310345
P2_rgkf,4,Mean,70,0.14,0.3017241379310345
P2_rgkf,4,Mean,71,0.16,0.3017241379310345
P2_rgkf,4,Mean,79,0.2,0.3017241379310345
P2_rgkf,4,Mean,81,0.14,0.3017241379310345
P2_rgkf,4,Mean,87,0.19,0.3017241379310345
P2_rgkf,4,Mean,89,0.2,0.3017241379310345
P2_rgkf,4,Mean,91,0.14,0.3017241379310345
P2_rgkf,4,Mean,94,0.17,0.3017241379310345
P2_rgkf,4,Mean,98,0.64,0.3017241379310345
P2_rgkf,4,Mean,102,0.35,0.3017241379310345
P2_rgkf,4,MVR,0,0.37,0.2679549147088021
P2_rgkf,4,MVR,1,0.37,0.2679549147088021
P2_rgkf,4,MVR,12,0.46,0.3731387379617716
P2_rgkf,4,MVR,15,0.75,0.5304843438114569
P2_rgkf,4,MVR,25,0.3,0.1916862832307156
P2_rgkf,4,MVR,26,0.38,0.2568967026931875
P2_rgkf,4,MVR,38,0.17,0.2089143495386001
P2_rgkf,4,MVR,43,0.16,0.1914471436334849
P2_rgkf,4,MVR,52,0.4,0.2800943771216302
P2_rgkf,4,MVR,64,0.22,0.2951875802633192
P2_rgkf,4,MVR,65,0.24,0.2951875802633192
P2_rgkf,4,MVR,66,0.26,0.2951875802633192
P2_rgkf,4,MVR,67,0.28,0.2951875802633192
P2_rgkf,4,MVR,70,0.14,0.0965365508547771
P2_rgkf,4,MVR,71,0.16,0.23089617535754
P2_rgkf,4,MVR,79,0.2,0.2892494117044171
P2_rgkf,4,MVR,81,0.14,0.2057729808254471
P2_rgkf,4,MVR,87,0.19,0.2159696046914437
P2_rgkf,4,MVR,89,0.2,0.1780664422982959
P2_rgkf,4,MVR,91,0.14,0.2222168986923368
P2_rgkf,4,MVR,94,0.17,0.157420057612629
P2_rgkf,4,MVR,98,0.64,0.530863913663295
P2_rgkf,4,MVR,102,0.35,0.1962384652694005
P2_rgkf,4,Ridge,0,0.37,0.3666581307567635
P2_rgkf,4,Ridge,1,0.37,0.3666581307567635
P2_rgkf,4,Ridge,12,0.46,0.4024356688660327
P2_rgkf,4,Ridge,15,0.75,0.4952413862770336
P2_rgkf,4,Ridge,25,0.3,0.2532456594163002
P2_rgkf,4,Ridge,26,0.38,0.3173492335566524
P2_rgkf,4,Ridge,38,0.17,0.233676615939783
P2_rgkf,4,Ridge,43,0.16,0.2154380806575478
P2_rgkf,4,Ridge,52,0.4,0.3490223101182921
P2_rgkf,4,Ridge,64,0.22,0.2912669214966381
P2_rgkf,4,Ridge,65,0.24,0.2912669214966381
P2_rgkf,4,Ridge,66,0.26,0.2912669214966381
P2_rgkf,4,Ridge,67,0.28,0.2912669214966381
P2_rgkf,4,Ridge,70,0.14,0.0906698428035469
P2_rgkf,4,Ridge,71,0.16,0.2566595039017238
P2_rgkf,4,Ridge,79,0.2,0.3205245334331819
P2_rgkf,4,Ridge,81,0.14,0.2058899990691132
P2_rgkf,4,Ridge,87,0.19,0.2149817257403147
P2_rgkf,4,Ridge,89,0.2,0.2211762033796007
P2_rgkf,4,Ridge,91,0.14,0.2198164386587736
P2_rgkf,4,Ridge,94,0.17,0.1671455133700939
P2_rgkf,4,Ridge,98,0.64,0.5049184232994647
P2_rgkf,4,Ridge,102,0.35,0.2178942712602589
P2_rgkf,4,RF,0,0.37,0.3843765008476569
P2_rgkf,4,RF,1,0.37,0.3843765008476569
P2_rgkf,4,RF,12,0.46,0.475230338822507
P2_rgkf,4,RF,15,0.75,0.7016124889241808
P2_rgkf,4,RF,25,0.3,0.3037875192066319
P2_rgkf,4,RF,26,0.38,0.3890647339193073
P2_rgkf,4,RF,38,0.17,0.1804143070130206
P2_rgkf,4,RF,43,0.16,0.1844936406326587
P2_rgkf,4,RF,52,0.4,0.536169502860348
P2_rgkf,4,RF,64,0.22,0.1790915826031116
P2_rgkf,4,RF,65,0.24,0.1790915826031116
P2_rgkf,4,RF,66,0.26,0.1790915826031116
P2_rgkf,4,RF,67,0.28,0.1790915826031116
P2_rgkf,4,RF,70,0.14,0.1426475353472794
P2_rgkf,4,RF,71,0.16,0.1799226484584216
P2_rgkf,4,RF,79,0.2,0.1867069274304313
P2_rgkf,4,RF,81,0.14,0.1746987949627366
P2_rgkf,4,RF,87,0.19,0.1820835113399366
P2_rgkf,4,RF,89,0.2,0.1797985269009667
P2_rgkf,4,RF,91,0.14,0.1763033954864565
P2_rgkf,4,RF,94,0.17,0.1790220226400284
P2_rgkf,4,RF,98,0.64,0.597127189034449
P2_rgkf,4,RF,102,0.35,0.4264761893220343
P2_rgkf,4,ET,0,0.37,0.3876097907301031
P2_rgkf,4,ET,1,0.37,0.3876097907301031
P2_rgkf,4,ET,12,0.46,0.4978990430749802
P2_rgkf,4,ET,15,0.75,0.6405933288239529
P2_rgkf,4,ET,25,0.3,0.2862882440476186
P2_rgkf,4,ET,26,0.38,0.3856791666666664
P2_rgkf,4,ET,38,0.17,0.1570230217005211
P2_rgkf,4,ET,43,0.16,0.1998948967005213
P2_rgkf,4,ET,52,0.4,0.4289608359914937
P2_rgkf,4,ET,64,0.22,0.2126060827586156
P2_rgkf,4,ET,65,0.24,0.2126060827586156
P2_rgkf,4,ET,66,0.26,0.2126060827586156
P2_rgkf,4,ET,67,0.28,0.2126060827586156
P2_rgkf,4,ET,70,0.14,0.1650683246614495
P2_rgkf,4,ET,71,0.16,0.2122379949564324
P2_rgkf,4,ET,79,0.2,0.1875431458344286
P2_rgkf,4,ET,81,0.14,0.1639842025335776
P2_rgkf,4,ET,87,0.19,0.2012894868545196
P2_rgkf,4,ET,89,0.2,0.2102113032106779
P2_rgkf,4,ET,91,0.14,0.1867220586358084
P2_rgkf,4,ET,94,0.17,0.1974071669996671
P2_rgkf,4,ET,98,0.64,0.5920689240620497
P2_rgkf,4,ET,102,0.35,0.3862771058327641
P2_rgkf,4,XGB,0,0.37,0.3611785173416137
P2_rgkf,4,XGB,1,0.37,0.3611785173416137
P2_rgkf,4,XGB,12,0.46,0.5428850650787354
P2_rgkf,4,XGB,15,0.75,0.7965076565742493
P2_rgkf,4,XGB,25,0.3,0.2701256573200226
P2_rgkf,4,XGB,26,0.38,0.410505473613739
P2_rgkf,4,XGB,38,0.17,0.1590732783079147
P2_rgkf,4,XGB,43,0.16,0.1496220082044601
P2_rgkf,4,XGB,52,0.4,0.4997574090957641
P2_rgkf,4,XGB,64,0.22,0.1985416263341903
P2_rgkf,4,XGB,65,0.24,0.1985416263341903
P2_rgkf,4,XGB,66,0.26,0.1985416263341903
P2_rgkf,4,XGB,67,0.28,0.1985416263341903
P2_rgkf,4,XGB,70,0.14,0.1384367793798446
P2_rgkf,4,XGB,71,0.16,0.1984180808067321
P2_rgkf,4,XGB,79,0.2,0.1482059359550476
P2_rgkf,4,XGB,81,0.14,0.1454852670431137
P2_rgkf,4,XGB,87,0.19,0.2022142559289932
P2_rgkf,4,XGB,89,0.2,0.1948854029178619
P2_rgkf,4,XGB,91,0.14,0.1931007206439972
P2_rgkf,4,XGB,94,0.17,0.1878894120454788
P2_rgkf,4,XGB,98,0.64,0.6270801424980164
P2_rgkf,4,XGB,102,0.35,0.4067021012306213
P2_rgkf,4,LGBM,0,0.37,0.365407852162254
P2_rgkf,4,LGBM,1,0.37,0.365407852162254
P2_rgkf,4,LGBM,12,0.46,0.4954777145644453
P2_rgkf,4,LGBM,15,0.75,0.6929375057877603
P2_rgkf,4,LGBM,25,0.3,0.2546161194161272
P2_rgkf,4,LGBM,26,0.38,0.3913612927336111
P2_rgkf,4,LGBM,38,0.17,0.1673251125894159
P2_rgkf,4,LGBM,43,0.16,0.1969538616202835
P2_rgkf,4,LGBM,52,0.4,0.4199934915453779
P2_rgkf,4,LGBM,64,0.22,0.2198868233825558
P2_rgkf,4,LGBM,65,0.24,0.2198868233825558
P2_rgkf,4,LGBM,66,0.26,0.2198868233825558
P2_rgkf,4,LGBM,67,0.28,0.2198868233825558
P2_rgkf,4,LGBM,70,0.14,0.1592380190355785
P2_rgkf,4,LGBM,71,0.16,0.1677305160513497
P2_rgkf,4,LGBM,79,0.2,0.1631854384681703
P2_rgkf,4,LGBM,81,0.14,0.1530403283892992
P2_rgkf,4,LGBM,87,0.19,0.2174191603127803
P2_rgkf,4,LGBM,89,0.2,0.1950896572237026
P2_rgkf,4,LGBM,91,0.14,0.1772678638895651
P2_rgkf,4,LGBM,94,0.17,0.1911496016246615
P2_rgkf,4,LGBM,98,0.64,0.599144428588955
P2_rgkf,4,LGBM,102,0.35,0.3864052859490482
P2_rgkf,4,CatB,0,0.37,0.377134351745677
P2_rgkf,4,CatB,1,0.37,0.377134351745677
P2_rgkf,4,CatB,12,0.46,0.4595625110802731
P2_rgkf,4,CatB,15,0.75,0.760054725710203
P2_rgkf,4,CatB,25,0.3,0.2866178621173532
P2_rgkf,4,CatB,26,0.38,0.3573150896405115
P2_rgkf,4,CatB,38,0.17,0.1608315093401219
P2_rgkf,4,CatB,43,0.16,0.191097154818159
P2_rgkf,4,CatB,52,0.4,0.4464320377408007
P2_rgkf,4,CatB,64,0.22,0.2019071869065132
P2_rgkf,4,CatB,65,0.24,0.2019071869065132
P2_rgkf,4,CatB,66,0.26,0.2019071869065132
P2_rgkf,4,CatB,67,0.28,0.2019071869065132
P2_rgkf,4,CatB,70,0.14,0.1542738129080784
P2_rgkf,4,CatB,71,0.16,0.2301543255051585
P2_rgkf,4,CatB,79,0.2,0.1670553192109118
P2_rgkf,4,CatB,81,0.14,0.1450416619414313
P2_rgkf,4,CatB,87,0.19,0.2233182833182137
P2_rgkf,4,CatB,89,0.2,0.2080835911886267
P2_rgkf,4,CatB,91,0.14,0.1884418501505626
P2_rgkf,4,CatB,94,0.17,0.166642080903093
P2_rgkf,4,CatB,98,0.64,0.6164452096620101
P2_rgkf,4,CatB,102,0.35,0.3750516087951689
P2_rgkf,4,SVR,0,0.37,0.4683088580366288
P2_rgkf,4,SVR,1,0.37,0.4683088580366288
P2_rgkf,4,SVR,12,0.46,0.4833387334625709
P2_rgkf,4,SVR,15,0.75,0.8274798387072598
P2_rgkf,4,SVR,25,0.3,0.3077290091036025
P2_rgkf,4,SVR,26,0.38,0.4050889980787975
P2_rgkf,4,SVR,38,0.17,0.1752824819137169
P2_rgkf,4,SVR,43,0.16,0.1909820990164272
P2_rgkf,4,SVR,52,0.4,0.3473949234955937
P2_rgkf,4,SVR,64,0.22,0.2097058566877372
P2_rgkf,4,SVR,65,0.24,0.2097058566877372
P2_rgkf,4,SVR,66,0.26,0.2097058566877372
P2_rgkf,4,SVR,67,0.28,0.2097058566877372
P2_rgkf,4,SVR,70,0.14,0.2122512555793616
P2_rgkf,4,SVR,71,0.16,0.2349403602331035
P2_rgkf,4,SVR,79,0.2,0.1544977694557488
P2_rgkf,4,SVR,81,0.14,0.195218441517675
P2_rgkf,4,SVR,87,0.19,0.1870108488459117
P2_rgkf,4,SVR,89,0.2,0.1968871965665791
P2_rgkf,4,SVR,91,0.14,0.2378733276860749
P2_rgkf,4,SVR,94,0.17,0.1658659602001657
P2_rgkf,4,SVR,98,0.64,0.3173774476637699
P2_rgkf,4,SVR,102,0.35,0.2983354357081751
P2_rgkf,4,GPR,0,0.37,0.3760973470239546
P2_rgkf,4,GPR,1,0.37,0.3760973470239546
P2_rgkf,4,GPR,12,0.46,0.4671725496173765
P2_rgkf,4,GPR,15,0.75,0.783274036074051
P2_rgkf,4,GPR,25,0.3,0.2466814131500277
P2_rgkf,4,GPR,26,0.38,0.355639507943794
P2_rgkf,4,GPR,38,0.17,0.1509618728441287
P2_rgkf,4,GPR,43,0.16,0.1908449412930258
P2_rgkf,4,GPR,52,0.4,0.3824424004348805
P2_rgkf,4,GPR,64,0.22,0.2803076975393497
P2_rgkf,4,GPR,65,0.24,0.2803076975393497
P2_rgkf,4,GPR,66,0.26,0.2803076975393497
P2_rgkf,4,GPR,67,0.28,0.2803076975393497
P2_rgkf,4,GPR,70,0.14,0.1874400995116404
P2_rgkf,4,GPR,71,0.16,0.1668047157734912
P2_rgkf,4,GPR,79,0.2,0.168817493472266
P2_rgkf,4,GPR,81,0.14,0.1541535893928036
P2_rgkf,4,GPR,87,0.19,0.1553048270673852
P2_rgkf,4,GPR,89,0.2,0.1733666399201162
P2_rgkf,4,GPR,91,0.14,0.1867546045674899
P2_rgkf,4,GPR,94,0.17,0.1813334275221132
P2_rgkf,4,GPR,98,0.64,0.5983422203811332
P2_rgkf,4,GPR,102,0.35,0.5689531466108758
P2_rgkf,4,ANN,0,0.37,0.2957947489101205
P2_rgkf,4,ANN,1,0.37,0.2957947489101205
P2_rgkf,4,ANN,12,0.46,0.4304236121735946
P2_rgkf,4,ANN,15,0.75,0.6542915059280433
P2_rgkf,4,ANN,25,0.3,0.2679472898064071
P2_rgkf,4,ANN,26,0.38,0.3966604783333399
P2_rgkf,4,ANN,38,0.17,0.1631417580940591
P2_rgkf,4,ANN,43,0.16,0.1835674531878768
P2_rgkf,4,ANN,52,0.4,0.3475102245125842
P2_rgkf,4,ANN,64,0.22,0.1583910806318591
P2_rgkf,4,ANN,65,0.24,0.1583910806318591
P2_rgkf,4,ANN,66,0.26,0.1583910806318591
P2_rgkf,4,ANN,67,0.28,0.1583910806318591
P2_rgkf,4,ANN,70,0.14,0.0644534614485675
P2_rgkf,4,ANN,71,0.16,0.248535494064198
P2_rgkf,4,ANN,79,0.2,0.1748599990728063
P2_rgkf,4,ANN,81,0.14,0.152242770597383
P2_rgkf,4,ANN,87,0.19,0.2410378045071809
P2_rgkf,4,ANN,89,0.2,0.173972484600423
P2_rgkf,4,ANN,91,0.14,0.2252720465145537
P2_rgkf,4,ANN,94,0.17,0.1544078028566608
P2_rgkf,4,ANN,98,0.64,0.6542915059280433
P2_rgkf,4,ANN,102,0.35,0.3167444297906393
P2_rgkf,4,Mean,6,0.64,0.2906741573033708
P2_rgkf,4,Mean,7,0.42,0.2906741573033708
P2_rgkf,4,Mean,8,0.26,0.2906741573033708
P2_rgkf,4,Mean,10,0.31,0.2906741573033708
P2_rgkf,4,Mean,11,0.38,0.2906741573033708
P2_rgkf,4,Mean,16,0.96,0.2906741573033708
P2_rgkf,4,Mean,18,0.53,0.2906741573033708
P2_rgkf,4,Mean,19,0.56,0.2906741573033708
P2_rgkf,4,Mean,20,0.74,0.2906741573033708
P2_rgkf,4,Mean,22,0.23,0.2906741573033708
P2_rgkf,4,Mean,33,0.54,0.2906741573033708
P2_rgkf,4,Mean,44,0.17,0.2906741573033708
P2_rgkf,4,Mean,51,0.23,0.2906741573033708
P2_rgkf,4,Mean,56,0.09,0.2906741573033708
P2_rgkf,4,Mean,57,0.09,0.2906741573033708
P2_rgkf,4,Mean,58,0.08,0.2906741573033708
P2_rgkf,4,Mean,59,0.1,0.2906741573033708
P2_rgkf,4,Mean,69,0.17,0.2906741573033708
P2_rgkf,4,Mean,72,0.21,0.2906741573033708
P2_rgkf,4,Mean,77,0.15,0.2906741573033708
P2_rgkf,4,Mean,107,0.21,0.2906741573033708
P2_rgkf,4,MVR,6,0.64,0.5765386606720843
P2_rgkf,4,MVR,7,0.42,0.4713568213343521
P2_rgkf,4,MVR,8,0.26,0.4713568213343521
P2_rgkf,4,MVR,10,0.31,0.5828734503826819
P2_rgkf,4,MVR,11,0.38,0.5828734503826819
P2_rgkf,4,MVR,16,0.96,0.6956796474037215
P2_rgkf,4,MVR,18,0.53,0.6935661340581464
P2_rgkf,4,MVR,19,0.56,0.7158625463614012
P2_rgkf,4,MVR,20,0.74,0.6740978013108113
P2_rgkf,4,MVR,22,0.23,0.2015054163660151
P2_rgkf,4,MVR,33,0.54,0.5291363276923651
P2_rgkf,4,MVR,44,0.17,0.1456744917162611
P2_rgkf,4,MVR,51,0.23,0.3804370807569034
P2_rgkf,4,MVR,56,0.09,0.072056378304694
P2_rgkf,4,MVR,57,0.09,0.1305445377106511
P2_rgkf,4,MVR,58,0.08,0.0701775051963691
P2_rgkf,4,MVR,59,0.1,0.1352975782965401
P2_rgkf,4,MVR,69,0.17,0.1346804080050714
P2_rgkf,4,MVR,72,0.21,0.1733163932526317
P2_rgkf,4,MVR,77,0.15,0.232886170807988
P2_rgkf,4,MVR,107,0.21,0.2197630838897926
P2_rgkf,4,Ridge,6,0.64,0.4869511571986901
P2_rgkf,4,Ridge,7,0.42,0.4528277772512905
P2_rgkf,4,Ridge,8,0.26,0.4528277772512905
P2_rgkf,4,Ridge,10,0.31,0.4887580480692769
P2_rgkf,4,Ridge,11,0.38,0.4887580480692769
P2_rgkf,4,Ridge,16,0.96,0.4929255920693994
P2_rgkf,4,Ridge,18,0.53,0.4945107148821063
P2_rgkf,4,Ridge,19,0.56,0.5064216105279719
P2_rgkf,4,Ridge,20,0.74,0.4962548391522584
P2_rgkf,4,Ridge,22,0.23,0.2709484554068067
P2_rgkf,4,Ridge,33,0.54,0.5562875545960475
P2_rgkf,4,Ridge,44,0.17,0.1407119671661236
P2_rgkf,4,Ridge,51,0.23,0.3753818085866606
P2_rgkf,4,Ridge,56,0.09,0.0943762100214644
P2_rgkf,4,Ridge,57,0.09,0.1961710342440962
P2_rgkf,4,Ridge,58,0.08,0.0897665058020945
P2_rgkf,4,Ridge,59,0.1,0.2017281014004397
P2_rgkf,4,Ridge,69,0.17,0.1572569410338499
P2_rgkf,4,Ridge,72,0.21,0.1758949191396651
P2_rgkf,4,Ridge,77,0.15,0.2480677663615956
P2_rgkf,4,Ridge,107,0.21,0.1895271955737877
P2_rgkf,4,RF,6,0.64,0.4204573295454545
P2_rgkf,4,RF,7,0.42,0.4297679166666668
P2_rgkf,4,RF,8,0.26,0.4297679166666668
P2_rgkf,4,RF,10,0.31,0.431128125
P2_rgkf,4,RF,11,0.38,0.431128125
P2_rgkf,4,RF,16,0.96,0.618725
P2_rgkf,4,RF,18,0.53,0.5537958333333323
P2_rgkf,4,RF,19,0.56,0.5673624999999998
P2_rgkf,4,RF,20,0.74,0.5777249999999978
P2_rgkf,4,RF,22,0.23,0.2560983039529918
P2_rgkf,4,RF,33,0.54,0.6185583333333318
P2_rgkf,4,RF,44,0.17,0.1977036964147181
P2_rgkf,4,RF,51,0.23,0.406985454545454
P2_rgkf,4,RF,56,0.09,0.1296333333333321
P2_rgkf,4,RF,57,0.09,0.2004683928571423
P2_rgkf,4,RF,58,0.08,0.1298583333333321
P2_rgkf,4,RF,59,0.1,0.203247559523809
P2_rgkf,4,RF,69,0.17,0.1548422713750602
P2_rgkf,4,RF,72,0.21,0.1873027711315036
P2_rgkf,4,RF,77,0.15,0.174295955434008
P2_rgkf,4,RF,107,0.21,0.1938076801664429
P2_rgkf,4,ET,6,0.64,0.3995668461300599
P2_rgkf,4,ET,7,0.42,0.4299297723308397
P2_rgkf,4,ET,8,0.26,0.4299297723308397
P2_rgkf,4,ET,10,0.31,0.4184187168783574
P2_rgkf,4,ET,11,0.38,0.4184187168783574
P2_rgkf,4,ET,16,0.96,0.7009488095238084
P2_rgkf,4,ET,18,0.53,0.4864364285714265
P2_rgkf,4,ET,19,0.56,0.4981947619047603
P2_rgkf,4,ET,20,0.74,0.4978030952380934
P2_rgkf,4,ET,22,0.23,0.2499554789046349
P2_rgkf,4,ET,33,0.54,0.6637242857142839
P2_rgkf,4,ET,44,0.17,0.2035384968103498
P2_rgkf,4,ET,51,0.23,0.3741463492063481
P2_rgkf,4,ET,56,0.09,0.0853163832199536
P2_rgkf,4,ET,57,0.09,0.1538209557823117
P2_rgkf,4,ET,58,0.08,0.0820312641723345
P2_rgkf,4,ET,59,0.1,0.1557102414965974
P2_rgkf,4,ET,69,0.17,0.1536853664378364
P2_rgkf,4,ET,72,0.21,0.2011946167011737
P2_rgkf,4,ET,77,0.15,0.1697939049532518
P2_rgkf,4,ET,107,0.21,0.2096779877219581
P2_rgkf,4,XGB,6,0.64,0.3921048045158386
P2_rgkf,4,XGB,7,0.42,0.4215348660945892
P2_rgkf,4,XGB,8,0.26,0.4215348660945892
P2_rgkf,4,XGB,10,0.31,0.448384940624237
P2_rgkf,4,XGB,11,0.38,0.448384940624237
P2_rgkf,4,XGB,16,0.96,0.6780717372894287
P2_rgkf,4,XGB,18,0.53,0.5664047002792358
P2_rgkf,4,XGB,19,0.56,0.5106775760650635
P2_rgkf,4,XGB,20,0.74,0.5465465784072876
P2_rgkf,4,XGB,22,0.23,0.2457033842802047
P2_rgkf,4,XGB,33,0.54,0.5990775227546692
P2_rgkf,4,XGB,44,0.17,0.1880067139863968
P2_rgkf,4,XGB,51,0.23,0.4151152372360229
P2_rgkf,4,XGB,56,0.09,0.0837140977382659
P2_rgkf,4,XGB,57,0.09,0.1972487866878509
P2_rgkf,4,XGB,58,0.08,0.0837140977382659
P2_rgkf,4,XGB,59,0.1,0.1972487866878509
P2_rgkf,4,XGB,69,0.17,0.1730104088783264
P2_rgkf,4,XGB,72,0.21,0.2305897027254104
P2_rgkf,4,XGB,77,0.15,0.1908220052719116
P2_rgkf,4,XGB,107,0.21,0.2402148693799972
P2_rgkf,4,LGBM,6,0.64,0.4054078397233414
P2_rgkf,4,LGBM,7,0.42,0.4357533410004855
P2_rgkf,4,LGBM,8,0.26,0.4357533410004855
P2_rgkf,4,LGBM,10,0.31,0.4378696514549675
P2_rgkf,4,LGBM,11,0.38,0.4378696514549675
P2_rgkf,4,LGBM,16,0.96,0.6649953896961784
P2_rgkf,4,LGBM,18,0.53,0.5520157104287002
P2_rgkf,4,LGBM,19,0.56,0.5244040342776081
P2_rgkf,4,LGBM,20,0.74,0.5815392665431658
P2_rgkf,4,LGBM,22,0.23,0.2422812945981279
P2_rgkf,4,LGBM,33,0.54,0.607847229005439
P2_rgkf,4,LGBM,44,0.17,0.1319513663457746
P2_rgkf,4,LGBM,51,0.23,0.425668841340191
P2_rgkf,4,LGBM,56,0.09,0.0842836126942904
P2_rgkf,4,LGBM,57,0.09,0.1814135000657212
P2_rgkf,4,LGBM,58,0.08,0.0842836126942904
P2_rgkf,4,LGBM,59,0.1,0.1909500920622168
P2_rgkf,4,LGBM,69,0.17,0.150198169382864
P2_rgkf,4,LGBM,72,0.21,0.2397725467224544
P2_rgkf,4,LGBM,77,0.15,0.164315181139104
P2_rgkf,4,LGBM,107,0.21,0.2169216963289386
P2_rgkf,4,CatB,6,0.64,0.4216889554571265
P2_rgkf,4,CatB,7,0.42,0.4454342769510144
P2_rgkf,4,CatB,8,0.26,0.4454342769510144
P2_rgkf,4,CatB,10,0.31,0.4692988768770386
P2_rgkf,4,CatB,11,0.38,0.4692988768770386
P2_rgkf,4,CatB,16,0.96,0.7196901025692568
P2_rgkf,4,CatB,18,0.53,0.5254620946469593
P2_rgkf,4,CatB,19,0.56,0.5220263822101585
P2_rgkf,4,CatB,20,0.74,0.5341838959225758
P2_rgkf,4,CatB,22,0.23,0.2484232961685328
P2_rgkf,4,CatB,33,0.54,0.6183032323385833
P2_rgkf,4,CatB,44,0.17,0.2129781095608338
P2_rgkf,4,CatB,51,0.23,0.3543516814626224
P2_rgkf,4,CatB,56,0.09,0.0804223569324249
P2_rgkf,4,CatB,57,0.09,0.1555309838850946
P2_rgkf,4,CatB,58,0.08,0.0804223569324249
P2_rgkf,4,CatB,59,0.1,0.1695915921866028
P2_rgkf,4,CatB,69,0.17,0.1483214686036426
P2_rgkf,4,CatB,72,0.21,0.2227896355323053
P2_rgkf,4,CatB,77,0.15,0.1661552068467492
P2_rgkf,4,CatB,107,0.21,0.2126516076642396
P2_rgkf,4,SVR,6,0.64,0.4544296051205769
P2_rgkf,4,SVR,7,0.42,0.4389273077637546
P2_rgkf,4,SVR,8,0.26,0.4389273077637546
P2_rgkf,4,SVR,10,0.31,0.455302716815162
P2_rgkf,4,SVR,11,0.38,0.455302716815162
P2_rgkf,4,SVR,16,0.96,0.509435929074139
P2_rgkf,4,SVR,18,0.53,0.4669334379215494
P2_rgkf,4,SVR,19,0.56,0.4720428797911015
P2_rgkf,4,SVR,20,0.74,0.4659827570835409
P2_rgkf,4,SVR,22,0.23,0.2522871704888064
P2_rgkf,4,SVR,33,0.54,0.52942048382444
P2_rgkf,4,SVR,44,0.17,0.2058665789031439
P2_rgkf,4,SVR,51,0.23,0.4154513979462664
P2_rgkf,4,SVR,56,0.09,0.1538124745560005
P2_rgkf,4,SVR,57,0.09,0.2009526881692541
P2_rgkf,4,SVR,58,0.08,0.1521764870772937
P2_rgkf,4,SVR,59,0.1,0.2040981746920601
P2_rgkf,4,SVR,69,0.17,0.1534200961023804
P2_rgkf,4,SVR,72,0.21,0.2231369972297964
P2_rgkf,4,SVR,77,0.15,0.200554836737739
P2_rgkf,4,SVR,107,0.21,0.190794422528146
P2_rgkf,4,GPR,6,0.64,0.405273444667963
P2_rgkf,4,GPR,7,0.42,0.4086903706081971
P2_rgkf,4,GPR,8,0.26,0.4086903706081971
P2_rgkf,4,GPR,10,0.31,0.4086903668906016
P2_rgkf,4,GPR,11,0.38,0.4086903668906016
P2_rgkf,4,GPR,16,0.96,0.6920574192192681
P2_rgkf,4,GPR,18,0.53,0.5129551003232774
P2_rgkf,4,GPR,19,0.56,0.5160493484615424
P2_rgkf,4,GPR,20,0.74,0.5160493407380391
P2_rgkf,4,GPR,22,0.23,0.2626609488903728
P2_rgkf,4,GPR,33,0.54,0.5857061900175423
P2_rgkf,4,GPR,44,0.17,0.1959366479916003
P2_rgkf,4,GPR,51,0.23,0.4478981863086332
P2_rgkf,4,GPR,56,0.09,0.0731860882161033
P2_rgkf,4,GPR,57,0.09,0.0731860812837405
P2_rgkf,4,GPR,58,0.08,0.0731860885243102
P2_rgkf,4,GPR,59,0.1,0.0731860809629126
P2_rgkf,4,GPR,69,0.17,0.1806277270658927
P2_rgkf,4,GPR,72,0.21,0.2056397716720812
P2_rgkf,4,GPR,77,0.15,0.1886811705214588
P2_rgkf,4,GPR,107,0.21,0.1848153076979459
P2_rgkf,4,ANN,6,0.64,0.4028441299319673
P2_rgkf,4,ANN,7,0.42,0.4221338458206675
P2_rgkf,4,ANN,8,0.26,0.4221338458206675
P2_rgkf,4,ANN,10,0.31,0.4133039513081379
P2_rgkf,4,ANN,11,0.38,0.4133039513081379
P2_rgkf,4,ANN,16,0.96,0.8049547577637475
P2_rgkf,4,ANN,18,0.53,0.5139240026918286
P2_rgkf,4,ANN,19,0.56,0.5547842306896404
P2_rgkf,4,ANN,20,0.74,0.5164290077012246
P2_rgkf,4,ANN,22,0.23,0.2460528580393287
P2_rgkf,4,ANN,33,0.54,0.6381616400852679
P2_rgkf,4,ANN,44,0.17,0.19884129779003
P2_rgkf,4,ANN,51,0.23,0.4506602693286726
P2_rgkf,4,ANN,56,0.09,0.0863509817835586
P2_rgkf,4,ANN,57,0.09,0.1043501297154766
P2_rgkf,4,ANN,58,0.08,0.0857769375721633
P2_rgkf,4,ANN,59,0.1,0.1058170637735332
P2_rgkf,4,ANN,69,0.17,0.1452055518856707
P2_rgkf,4,ANN,72,0.21,0.252443162192065
P2_rgkf,4,ANN,77,0.15,0.1644001804937923
P2_rgkf,4,ANN,107,0.21,0.208842243077791
P2_rgkf,5,Mean,0,0.37,0.3013953488372093
P2_rgkf,5,Mean,1,0.37,0.3013953488372093
P2_rgkf,5,Mean,3,0.42,0.3013953488372093
P2_rgkf,5,Mean,7,0.42,0.3013953488372093
P2_rgkf,5,Mean,8,0.26,0.3013953488372093
P2_rgkf,5,Mean,14,0.48,0.3013953488372093
P2_rgkf,5,Mean,18,0.53,0.3013953488372093
P2_rgkf,5,Mean,21,0.44,0.3013953488372093
P2_rgkf,5,Mean,35,0.17,0.3013953488372093
P2_rgkf,5,Mean,37,0.13,0.3013953488372093
P2_rgkf,5,Mean,42,0.19,0.3013953488372093
P2_rgkf,5,Mean,43,0.16,0.3013953488372093
P2_rgkf,5,Mean,46,0.44,0.3013953488372093
P2_rgkf,5,Mean,54,0.29,0.3013953488372093
P2_rgkf,5,Mean,74,0.15,0.3013953488372093
P2_rgkf,5,Mean,75,0.19,0.3013953488372093
P2_rgkf,5,Mean,86,0.17,0.3013953488372093
P2_rgkf,5,Mean,88,0.22,0.3013953488372093
P2_rgkf,5,Mean,89,0.2,0.3013953488372093
P2_rgkf,5,Mean,91,0.14,0.3013953488372093
P2_rgkf,5,Mean,93,0.2,0.3013953488372093
P2_rgkf,5,Mean,94,0.17,0.3013953488372093
P2_rgkf,5,Mean,97,0.47,0.3013953488372093
P2_rgkf,5,Mean,99,0.44,0.3013953488372093
P2_rgkf,5,MVR,0,0.37,0.2802447485271286
P2_rgkf,5,MVR,1,0.37,0.2802447485271286
P2_rgkf,5,MVR,3,0.42,0.3670831513301949
P2_rgkf,5,MVR,7,0.42,0.4284420882711078
P2_rgkf,5,MVR,8,0.26,0.4284420882711078
P2_rgkf,5,MVR,14,0.48,0.4563345945531636
P2_rgkf,5,MVR,18,0.53,0.6328487331422791
P2_rgkf,5,MVR,21,0.44,0.5751615608924968
P2_rgkf,5,MVR,35,0.17,0.2299294825579337
P2_rgkf,5,MVR,37,0.13,0.2299294825579337
P2_rgkf,5,MVR,42,0.19,0.234867509023146
P2_rgkf,5,MVR,43,0.16,0.2126610370769934
P2_rgkf,5,MVR,46,0.44,0.2316242712546215
P2_rgkf,5,MVR,54,0.29,0.2405240845674602
P2_rgkf,5,MVR,74,0.15,0.2157329275304945
P2_rgkf,5,MVR,75,0.19,0.207666386382514
P2_rgkf,5,MVR,86,0.17,0.2241816345089153
P2_rgkf,5,MVR,88,0.22,0.2283229336448396
P2_rgkf,5,MVR,89,0.2,0.1878625317932881
P2_rgkf,5,MVR,91,0.14,0.2055984400521237
P2_rgkf,5,MVR,93,0.2,0.1738724193046411
P2_rgkf,5,MVR,94,0.17,0.1565747801394288
P2_rgkf,5,MVR,97,0.47,0.3670831513301949
P2_rgkf,5,MVR,99,0.44,0.2728044281296929
P2_rgkf,5,Ridge,0,0.37,0.3953399690113283
P2_rgkf,5,Ridge,1,0.37,0.3953399690113283
P2_rgkf,5,Ridge,3,0.42,0.441793695412626
P2_rgkf,5,Ridge,7,0.42,0.4743625545550696
P2_rgkf,5,Ridge,8,0.26,0.4743625545550696
P2_rgkf,5,Ridge,14,0.48,0.4468087570037398
P2_rgkf,5,Ridge,18,0.53,0.5344276710756721
P2_rgkf,5,Ridge,21,0.44,0.5206947398555452
P2_rgkf,5,Ridge,35,0.17,0.2567413271418633
P2_rgkf,5,Ridge,37,0.13,0.2567413271418633
P2_rgkf,5,Ridge,42,0.19,0.2542033738010799
P2_rgkf,5,Ridge,43,0.16,0.2383970751515599
P2_rgkf,5,Ridge,46,0.44,0.2792400439301228
P2_rgkf,5,Ridge,54,0.29,0.2963321832718218
P2_rgkf,5,Ridge,74,0.15,0.2384020617828851
P2_rgkf,5,Ridge,75,0.19,0.2364720369702606
P2_rgkf,5,Ridge,86,0.17,0.1789449809818251
P2_rgkf,5,Ridge,88,0.22,0.1942117270918525
P2_rgkf,5,Ridge,89,0.2,0.2251522374927683
P2_rgkf,5,Ridge,91,0.14,0.2146172432732476
P2_rgkf,5,Ridge,93,0.2,0.2033156855673054
P2_rgkf,5,Ridge,94,0.17,0.1684376648816395
P2_rgkf,5,Ridge,97,0.47,0.441793695412626
P2_rgkf,5,Ridge,99,0.44,0.3386433426735006
P2_rgkf,5,RF,0,0.37,0.3774424244057284
P2_rgkf,5,RF,1,0.37,0.3774424244057284
P2_rgkf,5,RF,3,0.42,0.382693495629191
P2_rgkf,5,RF,7,0.42,0.3837209559466512
P2_rgkf,5,RF,8,0.26,0.3837209559466512
P2_rgkf,5,RF,14,0.48,0.49857920596735
P2_rgkf,5,RF,18,0.53,0.6875192024689282
P2_rgkf,5,RF,21,0.44,0.6851657173040773
P2_rgkf,5,RF,35,0.17,0.1868995197861511
P2_rgkf,5,RF,37,0.13,0.1868995197861511
P2_rgkf,5,RF,42,0.19,0.2090853501011875
P2_rgkf,5,RF,43,0.16,0.2059612738797898
P2_rgkf,5,RF,46,0.44,0.3957089402675212
P2_rgkf,5,RF,54,0.29,0.2838001698801947
P2_rgkf,5,RF,74,0.15,0.1886348208865195
P2_rgkf,5,RF,75,0.19,0.1868943838880487
P2_rgkf,5,RF,86,0.17,0.1897104975082355
P2_rgkf,5,RF,88,0.22,0.1888276603519245
P2_rgkf,5,RF,89,0.2,0.1862210888992566
P2_rgkf,5,RF,91,0.14,0.1831085522838157
P2_rgkf,5,RF,93,0.2,0.1874349046887302
P2_rgkf,5,RF,94,0.17,0.1807573332615195
P2_rgkf,5,RF,97,0.47,0.382693495629191
P2_rgkf,5,RF,99,0.44,0.3704590021368445
P2_rgkf,5,ET,0,0.37,0.3782154047619057
P2_rgkf,5,ET,1,0.37,0.3782154047619057
P2_rgkf,5,ET,3,0.42,0.3784384523809533
P2_rgkf,5,ET,7,0.42,0.3756616746031754
P2_rgkf,5,ET,8,0.26,0.3756616746031754
P2_rgkf,5,ET,14,0.48,0.5240761117216108
P2_rgkf,5,ET,18,0.53,0.6782963021978013
P2_rgkf,5,ET,21,0.44,0.6690112069597058
P2_rgkf,5,ET,35,0.17,0.1617199004329011
P2_rgkf,5,ET,37,0.13,0.1617199004329011
P2_rgkf,5,ET,42,0.19,0.2110333095238087
P2_rgkf,5,ET,43,0.16,0.2002293571428562
P2_rgkf,5,ET,46,0.44,0.399826602231102
P2_rgkf,5,ET,54,0.29,0.283796712121212
P2_rgkf,5,ET,74,0.15,0.1750697665112666
P2_rgkf,5,ET,75,0.19,0.1694230803640806
P2_rgkf,5,ET,86,0.17,0.18284092929293
P2_rgkf,5,ET,88,0.22,0.2013089927849934
P2_rgkf,5,ET,89,0.2,0.1977665317460318
P2_rgkf,5,ET,91,0.14,0.1864182780552777
P2_rgkf,5,ET,93,0.2,0.2086247835497834
P2_rgkf,5,ET,94,0.17,0.202156119325119
P2_rgkf,5,ET,97,0.47,0.3784384523809533
P2_rgkf,5,ET,99,0.44,0.374727333333332
P2_rgkf,5,XGB,0,0.37,0.3294093310832977
P2_rgkf,5,XGB,1,0.37,0.3294093310832977
P2_rgkf,5,XGB,3,0.42,0.3958840072154999
P2_rgkf,5,XGB,7,0.42,0.3815474212169647
P2_rgkf,5,XGB,8,0.26,0.3815474212169647
P2_rgkf,5,XGB,14,0.48,0.5111203789710999
P2_rgkf,5,XGB,18,0.53,0.657514750957489
P2_rgkf,5,XGB,21,0.44,0.6524808406829834
P2_rgkf,5,XGB,35,0.17,0.1755265444517135
P2_rgkf,5,XGB,37,0.13,0.1755265444517135
P2_rgkf,5,XGB,42,0.19,0.205156609416008
P2_rgkf,5,XGB,43,0.16,0.204360693693161
P2_rgkf,5,XGB,46,0.44,0.3568922877311706
P2_rgkf,5,XGB,54,0.29,0.3317601382732391
P2_rgkf,5,XGB,74,0.15,0.1778828650712967
P2_rgkf,5,XGB,75,0.19,0.1528497338294983
P2_rgkf,5,XGB,86,0.17,0.1904372125864029
P2_rgkf,5,XGB,88,0.22,0.2010719031095504
P2_rgkf,5,XGB,89,0.2,0.1877149641513824
P2_rgkf,5,XGB,91,0.14,0.2013942003250122
P2_rgkf,5,XGB,93,0.2,0.1868560165166854
P2_rgkf,5,XGB,94,0.17,0.1763465851545334
P2_rgkf,5,XGB,97,0.47,0.3958840072154999
P2_rgkf,5,XGB,99,0.44,0.3583802878856659
P2_rgkf,5,LGBM,0,0.37,0.3428903783001062
P2_rgkf,5,LGBM,1,0.37,0.3428903783001062
P2_rgkf,5,LGBM,3,0.42,0.3718110611858634
P2_rgkf,5,LGBM,7,0.42,0.3557514682415723
P2_rgkf,5,LGBM,8,0.26,0.3557514682415723
P2_rgkf,5,LGBM,14,0.48,0.4711740189018498
P2_rgkf,5,LGBM,18,0.53,0.6751434901734042
P2_rgkf,5,LGBM,21,0.44,0.6793796043973482
P2_rgkf,5,LGBM,35,0.17,0.1564443885722797
P2_rgkf,5,LGBM,37,0.13,0.1564443885722797
P2_rgkf,5,LGBM,42,0.19,0.1866708572183147
P2_rgkf,5,LGBM,43,0.16,0.1923236758271912
P2_rgkf,5,LGBM,46,0.44,0.3876604913355588
P2_rgkf,5,LGBM,54,0.29,0.3144809327243288
P2_rgkf,5,LGBM,74,0.15,0.1720949904284359
P2_rgkf,5,LGBM,75,0.19,0.1383374095183852
P2_rgkf,5,LGBM,86,0.17,0.1856126708087981
P2_rgkf,5,LGBM,88,0.22,0.1857440199856042
P2_rgkf,5,LGBM,89,0.2,0.1873927923072241
P2_rgkf,5,LGBM,91,0.14,0.1851373456097003
P2_rgkf,5,LGBM,93,0.2,0.1933822324982876
P2_rgkf,5,LGBM,94,0.17,0.182958356409427
P2_rgkf,5,LGBM,97,0.47,0.3718110611858634
P2_rgkf,5,LGBM,99,0.44,0.3627198284337422
P2_rgkf,5,CatB,0,0.37,0.3628871418607301
P2_rgkf,5,CatB,1,0.37,0.3628871418607301
P2_rgkf,5,CatB,3,0.42,0.3750706831427483
P2_rgkf,5,CatB,7,0.42,0.3844392950366603
P2_rgkf,5,CatB,8,0.26,0.3844392950366603
P2_rgkf,5,CatB,14,0.48,0.4992075426102441
P2_rgkf,5,CatB,18,0.53,0.6641418900589493
P2_rgkf,5,CatB,21,0.44,0.6596055922873447
P2_rgkf,5,CatB,35,0.17,0.1689765211836589
P2_rgkf,5,CatB,37,0.13,0.1689765211836589
P2_rgkf,5,CatB,42,0.19,0.222231161094331
P2_rgkf,5,CatB,43,0.16,0.2173577815428783
P2_rgkf,5,CatB,46,0.44,0.3829719821244691
P2_rgkf,5,CatB,54,0.29,0.273252867031517
P2_rgkf,5,CatB,74,0.15,0.1837424622332847
P2_rgkf,5,CatB,75,0.19,0.1700278954544915
P2_rgkf,5,CatB,86,0.17,0.1841792483453601
P2_rgkf,5,CatB,88,0.22,0.1901121662806107
P2_rgkf,5,CatB,89,0.2,0.1861531355642983
P2_rgkf,5,CatB,91,0.14,0.1812277104155431
P2_rgkf,5,CatB,93,0.2,0.1985025890621268
P2_rgkf,5,CatB,94,0.17,0.174570751301344
P2_rgkf,5,CatB,97,0.47,0.3750706831427483
P2_rgkf,5,CatB,99,0.44,0.3540297248052872
P2_rgkf,5,SVR,0,0.37,0.2703399701743235
P2_rgkf,5,SVR,1,0.37,0.2703399701743235
P2_rgkf,5,SVR,3,0.42,0.3551850324131393
P2_rgkf,5,SVR,7,0.42,0.372345874750966
P2_rgkf,5,SVR,8,0.26,0.372345874750966
P2_rgkf,5,SVR,14,0.48,0.4938362945542218
P2_rgkf,5,SVR,18,0.53,0.7479807328417681
P2_rgkf,5,SVR,21,0.44,0.7156478479128522
P2_rgkf,5,SVR,35,0.17,0.1718258746327997
P2_rgkf,5,SVR,37,0.13,0.1718258746327997
P2_rgkf,5,SVR,42,0.19,0.1934759659835465
P2_rgkf,5,SVR,43,0.16,0.1921470449275509
P2_rgkf,5,SVR,46,0.44,0.332350130834544
P2_rgkf,5,SVR,54,0.29,0.2985269408733744
P2_rgkf,5,SVR,74,0.15,0.1754523199031658
P2_rgkf,5,SVR,75,0.19,0.1739279844174222
P2_rgkf,5,SVR,86,0.17,0.1865331768272264
P2_rgkf,5,SVR,88,0.22,0.2117479692072642
P2_rgkf,5,SVR,89,0.2,0.1966656519130549
P2_rgkf,5,SVR,91,0.14,0.180322958379815
P2_rgkf,5,SVR,93,0.2,0.2338145959443205
P2_rgkf,5,SVR,94,0.17,0.1646527045816105
P2_rgkf,5,SVR,97,0.47,0.3551850324131393
P2_rgkf,5,SVR,99,0.44,0.3746805608337937
P2_rgkf,5,GPR,0,0.37,0.3618819034914002
P2_rgkf,5,GPR,1,0.37,0.3618819034914002
P2_rgkf,5,GPR,3,0.42,0.3993997474428427
P2_rgkf,5,GPR,7,0.42,0.3993997479746896
P2_rgkf,5,GPR,8,0.26,0.3993997479746896
P2_rgkf,5,GPR,14,0.48,0.4516801123463845
P2_rgkf,5,GPR,18,0.53,0.6783925912782979
P2_rgkf,5,GPR,21,0.44,0.6783925909571377
P2_rgkf,5,GPR,35,0.17,0.1556801677029223
P2_rgkf,5,GPR,37,0.13,0.1556801677029223
P2_rgkf,5,GPR,42,0.19,0.1902156623514847
P2_rgkf,5,GPR,43,0.16,0.1902156622909999
P2_rgkf,5,GPR,46,0.44,0.4017099469401208
P2_rgkf,5,GPR,54,0.29,0.2841542735264511
P2_rgkf,5,GPR,74,0.15,0.1598891875095472
P2_rgkf,5,GPR,75,0.19,0.1557032207373838
P2_rgkf,5,GPR,86,0.17,0.1882685212636107
P2_rgkf,5,GPR,88,0.22,0.1905789690721561
P2_rgkf,5,GPR,89,0.2,0.1532660603808899
P2_rgkf,5,GPR,91,0.14,0.191634007975759
P2_rgkf,5,GPR,93,0.2,0.1772889959092456
P2_rgkf,5,GPR,94,0.17,0.1735046823658594
P2_rgkf,5,GPR,97,0.47,0.3993997474428427
P2_rgkf,5,GPR,99,0.44,0.3623278049637616
P2_rgkf,5,ANN,0,0.37,0.2045728428492465
P2_rgkf,5,ANN,1,0.37,0.2045728428492465
P2_rgkf,5,ANN,3,0.42,0.4060152391743474
P2_rgkf,5,ANN,7,0.42,0.4143367810292843
P2_rgkf,5,ANN,8,0.26,0.4143367810292843
P2_rgkf,5,ANN,14,0.48,0.4463285231194818
P2_rgkf,5,ANN,18,0.53,0.7089194955495639
P2_rgkf,5,ANN,21,0.44,0.6503884926647434
P2_rgkf,5,ANN,35,0.17,0.1563485156916342
P2_rgkf,5,ANN,37,0.13,0.1563485156916342
P2_rgkf,5,ANN,42,0.19,0.0953874516864335
P2_rgkf,5,ANN,43,0.16,0.0952772693557667
P2_rgkf,5,ANN,46,0.44,0.4131667744562177
P2_rgkf,5,ANN,54,0.29,0.251321318515429
P2_rgkf,5,ANN,74,0.15,0.1809240095814056
P2_rgkf,5,ANN,75,0.19,0.175524756710126
P2_rgkf,5,ANN,86,0.17,0.1806778877197958
P2_rgkf,5,ANN,88,0.22,0.2000250090444807
P2_rgkf,5,ANN,89,0.2,0.1877088734073796
P2_rgkf,5,ANN,91,0.14,0.2320516725689028
P2_rgkf,5,ANN,93,0.2,0.2519399980236417
P2_rgkf,5,ANN,94,0.17,0.1663678588917067
P2_rgkf,5,ANN,97,0.47,0.4060152391743474
P2_rgkf,5,ANN,99,0.44,0.3683132424718388
P2_rgkf,5,Mean,5,0.37,0.2946666666666667
P2_rgkf,5,Mean,6,0.64,0.2946666666666667
P2_rgkf,5,Mean,17,0.76,0.2946666666666667
P2_rgkf,5,Mean,19,0.56,0.2946666666666667
P2_rgkf,5,Mean,30,0.54,0.2946666666666667
P2_rgkf,5,Mean,31,0.51,0.2946666666666667
P2_rgkf,5,Mean,34,0.69,0.2946666666666667
P2_rgkf,5,Mean,49,0.55,0.2946666666666667
P2_rgkf,5,Mean,51,0.23,0.2946666666666667
P2_rgkf,5,Mean,55,0.1,0.2946666666666667
P2_rgkf,5,Mean,57,0.09,0.2946666666666667
P2_rgkf,5,Mean,58,0.08,0.2946666666666667
P2_rgkf,5,Mean,60,0.02,0.2946666666666667
P2_rgkf,5,Mean,69,0.17,0.2946666666666667
P2_rgkf,5,Mean,82,0.15,0.2946666666666667
P2_rgkf,5,Mean,87,0.19,0.2946666666666667
P2_rgkf,5,Mean,105,0.23,0.2946666666666667
P2_rgkf,5,Mean,106,0.17,0.2946666666666667
P2_rgkf,5,Mean,108,0.2,0.2946666666666667
P2_rgkf,5,Mean,109,0.17,0.2946666666666667
P2_rgkf,5,MVR,5,0.37,0.640556933661278
P2_rgkf,5,MVR,6,0.64,0.528894432110334
P2_rgkf,5,MVR,17,0.76,0.5256433867538476
P2_rgkf,5,MVR,19,0.56,0.6575430299649212
P2_rgkf,5,MVR,30,0.54,0.6400648279096548
P2_rgkf,5,MVR,31,0.51,0.6422562955946651
P2_rgkf,5,MVR,34,0.69,0.551714920884734
P2_rgkf,5,MVR,49,0.55,0.250422910142791
P2_rgkf,5,MVR,51,0.23,0.4111707336929794
P2_rgkf,5,MVR,55,0.1,0.1633905789078434
P2_rgkf,5,MVR,57,0.09,0.1739798716690382
P2_rgkf,5,MVR,58,0.08,0.0900981264639961
P2_rgkf,5,MVR,60,0.02,0.0976071935077973
P2_rgkf,5,MVR,69,0.17,0.1489259810479974
P2_rgkf,5,MVR,82,0.15,0.1880806640755431
P2_rgkf,5,MVR,87,0.19,0.2438027678999678
P2_rgkf,5,MVR,105,0.23,0.1926254850593046
P2_rgkf,5,MVR,106,0.17,0.1779144300542167
P2_rgkf,5,MVR,108,0.2,0.2258715385647014
P2_rgkf,5,MVR,109,0.17,0.2352227237485533
P2_rgkf,5,Ridge,5,0.37,0.504827771815365
P2_rgkf,5,Ridge,6,0.64,0.4751306431897834
P2_rgkf,5,Ridge,17,0.76,0.4698377764694739
P2_rgkf,5,Ridge,19,0.56,0.5225939336339751
P2_rgkf,5,Ridge,30,0.54,0.6551039766174083
P2_rgkf,5,Ridge,31,0.51,0.6582973613140531
P2_rgkf,5,Ridge,34,0.69,0.5952111718980353
P2_rgkf,5,Ridge,49,0.55,0.295155018437531
P2_rgkf,5,Ridge,51,0.23,0.3943771722823311
P2_rgkf,5,Ridge,55,0.1,0.2480281424044641
P2_rgkf,5,Ridge,57,0.09,0.2313204526938455
P2_rgkf,5,Ridge,58,0.08,0.1128148952401886
P2_rgkf,5,Ridge,60,0.02,0.2375360629304831
P2_rgkf,5,Ridge,69,0.17,0.1543015681956416
P2_rgkf,5,Ridge,82,0.15,0.1861634897615163
P2_rgkf,5,Ridge,87,0.19,0.232130178221558
P2_rgkf,5,Ridge,105,0.23,0.2191981490897807
P2_rgkf,5,Ridge,106,0.17,0.2004135460988418
P2_rgkf,5,Ridge,108,0.2,0.2400480325042659
P2_rgkf,5,Ridge,109,0.17,0.2755196061593566
P2_rgkf,5,RF,5,0.37,0.436254166111666
P2_rgkf,5,RF,6,0.64,0.3726496686208528
P2_rgkf,5,RF,17,0.76,0.5299371854096193
P2_rgkf,5,RF,19,0.56,0.7179631944444437
P2_rgkf,5,RF,30,0.54,0.6209111111111119
P2_rgkf,5,RF,31,0.51,0.6209111111111119
P2_rgkf,5,RF,34,0.69,0.5943694444444456
P2_rgkf,5,RF,49,0.55,0.5880000000000012
P2_rgkf,5,RF,51,0.23,0.4020565151515151
P2_rgkf,5,RF,55,0.1,0.1931365441265135
P2_rgkf,5,RF,57,0.09,0.1462282025613277
P2_rgkf,5,RF,58,0.08,0.0991167648323897
P2_rgkf,5,RF,60,0.02,0.1926448774598468
P2_rgkf,5,RF,69,0.17,0.1667647692784988
P2_rgkf,5,RF,82,0.15,0.1749644046064526
P2_rgkf,5,RF,87,0.19,0.1967161724241287
P2_rgkf,5,RF,105,0.23,0.1533518406427873
P2_rgkf,5,RF,106,0.17,0.1953800142810061
P2_rgkf,5,RF,108,0.2,0.180280617936492
P2_rgkf,5,RF,109,0.17,0.1784640712549441
P2_rgkf,5,ET,5,0.37,0.4047581944444418
P2_rgkf,5,ET,6,0.64,0.376008110269358
P2_rgkf,5,ET,17,0.76,0.5661499999999974
P2_rgkf,5,ET,19,0.56,0.7880041666666654
P2_rgkf,5,ET,30,0.54,0.5929861111111093
P2_rgkf,5,ET,31,0.51,0.593652777777776
P2_rgkf,5,ET,34,0.69,0.5578486111111126
P2_rgkf,5,ET,49,0.55,0.5106013888888878
P2_rgkf,5,ET,51,0.23,0.376859166666666
P2_rgkf,5,ET,55,0.1,0.2562370238095225
P2_rgkf,5,ET,57,0.09,0.1027666666666676
P2_rgkf,5,ET,58,0.08,0.0840027777777775
P2_rgkf,5,ET,60,0.02,0.2464774999999988
P2_rgkf,5,ET,69,0.17,0.1488762432012438
P2_rgkf,5,ET,82,0.15,0.1752978683353691
P2_rgkf,5,ET,87,0.19,0.1885483485958489
P2_rgkf,5,ET,105,0.23,0.1433866652791656
P2_rgkf,5,ET,106,0.17,0.1766107694157704
P2_rgkf,5,ET,108,0.2,0.1989845634920651
P2_rgkf,5,ET,109,0.17,0.1970975524013027
P2_rgkf,5,XGB,5,0.37,0.4216853678226471
P2_rgkf,5,XGB,6,0.64,0.3559876978397369
P2_rgkf,5,XGB,17,0.76,0.5165445804595947
P2_rgkf,5,XGB,19,0.56,0.8346129059791565
P2_rgkf,5,XGB,30,0.54,0.6043500900268555
P2_rgkf,5,XGB,31,0.51,0.6043500900268555
P2_rgkf,5,XGB,34,0.69,0.5616557598114014
P2_rgkf,5,XGB,49,0.55,0.614703893661499
P2_rgkf,5,XGB,51,0.23,0.4160475134849548
P2_rgkf,5,XGB,55,0.1,0.1096891090273857
P2_rgkf,5,XGB,57,0.09,0.1037390232086181
P2_rgkf,5,XGB,58,0.08,0.0816434696316719
P2_rgkf,5,XGB,60,0.02,0.1096891090273857
P2_rgkf,5,XGB,69,0.17,0.1571991443634033
P2_rgkf,5,XGB,82,0.15,0.164629116654396
P2_rgkf,5,XGB,87,0.19,0.1766701340675354
P2_rgkf,5,XGB,105,0.23,0.1430334895849228
P2_rgkf,5,XGB,106,0.17,0.1686277091503143
P2_rgkf,5,XGB,108,0.2,0.1951791793107986
P2_rgkf,5,XGB,109,0.17,0.2027004659175872
P2_rgkf,5,LGBM,5,0.37,0.4690172930154292
P2_rgkf,5,LGBM,6,0.64,0.4141886602754416
P2_rgkf,5,LGBM,17,0.76,0.4848415416159006
P2_rgkf,5,LGBM,19,0.56,0.9261789802455732
P2_rgkf,5,LGBM,30,0.54,0.6560749497399617
P2_rgkf,5,LGBM,31,0.51,0.6560749497399617
P2_rgkf,5,LGBM,34,0.69,0.5407394725583083
P2_rgkf,5,LGBM,49,0.55,0.5842270885991456
P2_rgkf,5,LGBM,51,0.23,0.3877313408203361
P2_rgkf,5,LGBM,55,0.1,0.1932998648367427
P2_rgkf,5,LGBM,57,0.09,0.0858161316466741
P2_rgkf,5,LGBM,58,0.08,0.0855706381769288
P2_rgkf,5,LGBM,60,0.02,0.1932998648367427
P2_rgkf,5,LGBM,69,0.17,0.1458761919361771
P2_rgkf,5,LGBM,82,0.15,0.1530810729779406
P2_rgkf,5,LGBM,87,0.19,0.1482189757700875
P2_rgkf,5,LGBM,105,0.23,0.1486155057257592
P2_rgkf,5,LGBM,106,0.17,0.1674941954407109
P2_rgkf,5,LGBM,108,0.2,0.1994940682348316
P2_rgkf,5,LGBM,109,0.17,0.1790237289786241
P2_rgkf,5,CatB,5,0.37,0.4702979157190865
P2_rgkf,5,CatB,6,0.64,0.4045311491248923
P2_rgkf,5,CatB,17,0.76,0.47296002895683
P2_rgkf,5,CatB,19,0.56,0.814538694429229
P2_rgkf,5,CatB,30,0.54,0.6269251261343742
P2_rgkf,5,CatB,31,0.51,0.6269251261343742
P2_rgkf,5,CatB,34,0.69,0.5849657739457379
P2_rgkf,5,CatB,49,0.55,0.6155782223253617
P2_rgkf,5,CatB,51,0.23,0.3850585627258928
P2_rgkf,5,CatB,55,0.1,0.2426025279599766
P2_rgkf,5,CatB,57,0.09,0.0966244606994684
P2_rgkf,5,CatB,58,0.08,0.0898902008264735
P2_rgkf,5,CatB,60,0.02,0.2356723163270794
P2_rgkf,5,CatB,69,0.17,0.1551949969684219
P2_rgkf,5,CatB,82,0.15,0.1630429933057025
P2_rgkf,5,CatB,87,0.19,0.2020728983177989
P2_rgkf,5,CatB,105,0.23,0.1469368043533072
P2_rgkf,5,CatB,106,0.17,0.1701668430628162
P2_rgkf,5,CatB,108,0.2,0.1996263073087879
P2_rgkf,5,CatB,109,0.17,0.2319075274349568
P2_rgkf,5,SVR,5,0.37,0.3415436595427716
P2_rgkf,5,SVR,6,0.64,0.3644005887467773
P2_rgkf,5,SVR,17,0.76,0.4013546814370182
P2_rgkf,5,SVR,19,0.56,0.9746790541890252
P2_rgkf,5,SVR,30,0.54,0.5641543357171438
P2_rgkf,5,SVR,31,0.51,0.564893624470827
P2_rgkf,5,SVR,34,0.69,0.5622023505713536
P2_rgkf,5,SVR,49,0.55,0.361623595978002
P2_rgkf,5,SVR,51,0.23,0.3272321048998409
P2_rgkf,5,SVR,55,0.1,0.198558764659889
P2_rgkf,5,SVR,57,0.09,0.1047610089593254
P2_rgkf,5,SVR,58,0.08,0.0845053258731112
P2_rgkf,5,SVR,60,0.02,0.2009713692388773
P2_rgkf,5,SVR,69,0.17,0.1318145372908952
P2_rgkf,5,SVR,82,0.15,0.0960989317053562
P2_rgkf,5,SVR,87,0.19,0.1877898665153611
P2_rgkf,5,SVR,105,0.23,0.1442548106495254
P2_rgkf,5,SVR,106,0.17,0.1701349606362908
P2_rgkf,5,SVR,108,0.2,0.2106262825536239
P2_rgkf,5,SVR,109,0.17,0.2676375023013541
P2_rgkf,5,GPR,5,0.37,0.3302952433090118
P2_rgkf,5,GPR,6,0.64,0.3499896439730087
P2_rgkf,5,GPR,17,0.76,0.5893434532801163
P2_rgkf,5,GPR,19,0.56,0.6582124425243435
P2_rgkf,5,GPR,30,0.54,0.59041409654587
P2_rgkf,5,GPR,31,0.51,0.5904140965220259
P2_rgkf,5,GPR,34,0.69,0.5685626525866891
P2_rgkf,5,GPR,49,0.55,0.5371443559228759
P2_rgkf,5,GPR,51,0.23,0.3362467982740653
P2_rgkf,5,GPR,55,0.1,0.2885152958127129
P2_rgkf,5,GPR,57,0.09,0.1051334719897558
P2_rgkf,5,GPR,58,0.08,0.0901181086999436
P2_rgkf,5,GPR,60,0.02,0.2846146752112076
P2_rgkf,5,GPR,69,0.17,0.1459508125133271
P2_rgkf,5,GPR,82,0.15,0.1572432532972189
P2_rgkf,5,GPR,87,0.19,0.1753274703449995
P2_rgkf,5,GPR,105,0.23,0.1614777728784513
P2_rgkf,5,GPR,106,0.17,0.1889625770863079
P2_rgkf,5,GPR,108,0.2,0.1911124893077586
P2_rgkf,5,GPR,109,0.17,0.2000733701382265
P2_rgkf,5,ANN,5,0.37,0.3768112234632661
P2_rgkf,5,ANN,6,0.64,0.3599359804567027
P2_rgkf,5,ANN,17,0.76,0.4907009626972052
P2_rgkf,5,ANN,19,0.56,0.787757147349446
P2_rgkf,5,ANN,30,0.54,0.5725433606365079
P2_rgkf,5,ANN,31,0.51,0.5744358098697753
P2_rgkf,5,ANN,34,0.69,0.5439093032600159
P2_rgkf,5,ANN,49,0.55,0.3563774391374612
P2_rgkf,5,ANN,51,0.23,0.3911774460773097
P2_rgkf,5,ANN,55,0.1,0.1284208385099615
P2_rgkf,5,ANN,57,0.09,0.1011065524451782
P2_rgkf,5,ANN,58,0.08,0.0839311179886624
P2_rgkf,5,ANN,60,0.02,0.1200562239434881
P2_rgkf,5,ANN,69,0.17,0.1429307594340387
P2_rgkf,5,ANN,82,0.15,0.1098982179789351
P2_rgkf,5,ANN,87,0.19,0.2128489277011374
P2_rgkf,5,ANN,105,0.23,0.1433951206783989
P2_rgkf,5,ANN,106,0.17,0.1738734764113515
P2_rgkf,5,ANN,108,0.2,0.2040421182279997
P2_rgkf,5,ANN,109,0.17,0.2424888175660616
P2_rgkf,5,Mean,12,0.46,0.3037931034482759
P2_rgkf,5,Mean,20,0.74,0.3037931034482759
P2_rgkf,5,Mean,22,0.23,0.3037931034482759
P2_rgkf,5,Mean,23,0.25,0.3037931034482759
P2_rgkf,5,Mean,25,0.3,0.3037931034482759
P2_rgkf,5,Mean,28,0.38,0.3037931034482759
P2_rgkf,5,Mean,33,0.54,0.3037931034482759
P2_rgkf,5,Mean,45,0.21,0.3037931034482759
P2_rgkf,5,Mean,52,0.4,0.3037931034482759
P2_rgkf,5,Mean,56,0.09,0.3037931034482759
P2_rgkf,5,Mean,61,0.15,0.3037931034482759
P2_rgkf,5,Mean,62,0.19,0.3037931034482759
P2_rgkf,5,Mean,63,0.23,0.3037931034482759
P2_rgkf,5,Mean,68,0.15,0.3037931034482759
P2_rgkf,5,Mean,70,0.14,0.3037931034482759
P2_rgkf,5,Mean,72,0.21,0.3037931034482759
P2_rgkf,5,Mean,76,0.18,0.3037931034482759
P2_rgkf,5,Mean,78,0.14,0.3037931034482759
P2_rgkf,5,Mean,80,0.15,0.3037931034482759
P2_rgkf,5,Mean,95,0.3,0.3037931034482759
P2_rgkf,5,Mean,98,0.64,0.3037931034482759
P2_rgkf,5,Mean,100,0.25,0.3037931034482759
P2_rgkf,5,Mean,104,0.18,0.3037931034482759
P2_rgkf,5,MVR,12,0.46,0.3782125802637681
P2_rgkf,5,MVR,20,0.74,0.5864416195775811
P2_rgkf,5,MVR,22,0.23,0.1819345622623981
P2_rgkf,5,MVR,23,0.25,0.1771995257022376
P2_rgkf,5,MVR,25,0.3,0.180979807925145
P2_rgkf,5,MVR,28,0.38,0.2578203027429525
P2_rgkf,5,MVR,33,0.54,0.5124483136594881
P2_rgkf,5,MVR,45,0.21,0.1539291368832303
P2_rgkf,5,MVR,52,0.4,0.2772111711838697
P2_rgkf,5,MVR,56,0.09,0.0673089855035301
P2_rgkf,5,MVR,61,0.15,0.169128510895855
P2_rgkf,5,MVR,62,0.19,0.169128510895855
P2_rgkf,5,MVR,63,0.23,0.169128510895855
P2_rgkf,5,MVR,68,0.15,0.1715426893073602
P2_rgkf,5,MVR,70,0.14,0.0983183068677632
P2_rgkf,5,MVR,72,0.21,0.1732293022072731
P2_rgkf,5,MVR,76,0.18,0.2668291506082482
P2_rgkf,5,MVR,78,0.14,0.1690684375434464
P2_rgkf,5,MVR,80,0.15,0.2030894997526397
P2_rgkf,5,MVR,95,0.3,0.2422832656777336
P2_rgkf,5,MVR,98,0.64,0.5089204499610274
P2_rgkf,5,MVR,100,0.25,0.1762317242815661
P2_rgkf,5,MVR,104,0.18,0.169128510895855
P2_rgkf,5,Ridge,12,0.46,0.3961632203782009
P2_rgkf,5,Ridge,20,0.74,0.5014562569495433
P2_rgkf,5,Ridge,22,0.23,0.2627915571144117
P2_rgkf,5,Ridge,23,0.25,0.2587675502860511
P2_rgkf,5,Ridge,25,0.3,0.2602171042817186
P2_rgkf,5,Ridge,28,0.38,0.329265004508174
P2_rgkf,5,Ridge,33,0.54,0.5387467210519293
P2_rgkf,5,Ridge,45,0.21,0.1500856535327911
P2_rgkf,5,Ridge,52,0.4,0.3316674275505087
P2_rgkf,5,Ridge,56,0.09,0.0810793412088443
P2_rgkf,5,Ridge,61,0.15,0.1927008039284004
P2_rgkf,5,Ridge,62,0.19,0.1927008039284004
P2_rgkf,5,Ridge,63,0.23,0.1927008039284004
P2_rgkf,5,Ridge,68,0.15,0.1885405701602849
P2_rgkf,5,Ridge,70,0.14,0.1082764358155717
P2_rgkf,5,Ridge,72,0.21,0.1769343852046018
P2_rgkf,5,Ridge,76,0.18,0.291320080897822
P2_rgkf,5,Ridge,78,0.14,0.1945646701847046
P2_rgkf,5,Ridge,80,0.15,0.2171777415355636
P2_rgkf,5,Ridge,95,0.3,0.2540497882791617
P2_rgkf,5,Ridge,98,0.64,0.4996655583957937
P2_rgkf,5,Ridge,100,0.25,0.257962748920379
P2_rgkf,5,Ridge,104,0.18,0.1927008039284004
P2_rgkf,5,RF,12,0.46,0.4856054529655541
P2_rgkf,5,RF,20,0.74,0.6288548162855669
P2_rgkf,5,RF,22,0.23,0.3568030550389957
P2_rgkf,5,RF,23,0.25,0.3568030550389957
P2_rgkf,5,RF,25,0.3,0.3566272858082265
P2_rgkf,5,RF,28,0.38,0.3901976844650746
P2_rgkf,5,RF,33,0.54,0.60590120337191
P2_rgkf,5,RF,45,0.21,0.1862303333390965
P2_rgkf,5,RF,52,0.4,0.536839027981916
P2_rgkf,5,RF,56,0.09,0.0959218859724432
P2_rgkf,5,RF,61,0.15,0.1849583223274995
P2_rgkf,5,RF,62,0.19,0.1849583223274995
P2_rgkf,5,RF,63,0.23,0.1849583223274995
P2_rgkf,5,RF,68,0.15,0.1816371520033582
P2_rgkf,5,RF,70,0.14,0.1447914123913449
P2_rgkf,5,RF,72,0.21,0.1821141158269444
P2_rgkf,5,RF,76,0.18,0.1846350859695735
P2_rgkf,5,RF,78,0.14,0.1825776081437091
P2_rgkf,5,RF,80,0.15,0.1816409468751531
P2_rgkf,5,RF,95,0.3,0.1819724294040621
P2_rgkf,5,RF,98,0.64,0.6024625686813191
P2_rgkf,5,RF,100,0.25,0.3568030550389957
P2_rgkf,5,RF,104,0.18,0.1849583223274995
P2_rgkf,5,ET,12,0.46,0.4983609259259259
P2_rgkf,5,ET,20,0.74,0.5661404497354489
P2_rgkf,5,ET,22,0.23,0.3557505555555553
P2_rgkf,5,ET,23,0.25,0.3552894444444442
P2_rgkf,5,ET,25,0.3,0.3463511111111106
P2_rgkf,5,ET,28,0.38,0.3958513888888875
P2_rgkf,5,ET,33,0.54,0.5956269444444453
P2_rgkf,5,ET,45,0.21,0.2082856615606608
P2_rgkf,5,ET,52,0.4,0.4338242857142865
P2_rgkf,5,ET,56,0.09,0.0837683333333328
P2_rgkf,5,ET,61,0.15,0.2373363624338623
P2_rgkf,5,ET,62,0.19,0.2373363624338623
P2_rgkf,5,ET,63,0.23,0.2373363624338623
P2_rgkf,5,ET,68,0.15,0.1703656428756429
P2_rgkf,5,ET,70,0.14,0.1638879394679395
P2_rgkf,5,ET,72,0.21,0.2066858757908755
P2_rgkf,5,ET,76,0.18,0.1660445978095977
P2_rgkf,5,ET,78,0.14,0.1840540883190884
P2_rgkf,5,ET,80,0.15,0.1704397174122174
P2_rgkf,5,ET,95,0.3,0.1806326623376624
P2_rgkf,5,ET,98,0.64,0.6065144708994717
P2_rgkf,5,ET,100,0.25,0.3561561111111109
P2_rgkf,5,ET,104,0.18,0.2373363624338623
P2_rgkf,5,XGB,12,0.46,0.4988912045955658
P2_rgkf,5,XGB,20,0.74,0.613273561000824
P2_rgkf,5,XGB,22,0.23,0.3055160939693451
P2_rgkf,5,XGB,23,0.25,0.3068576157093048
P2_rgkf,5,XGB,25,0.3,0.2918732464313507
P2_rgkf,5,XGB,28,0.38,0.3879138231277466
P2_rgkf,5,XGB,33,0.54,0.5508266091346741
P2_rgkf,5,XGB,45,0.21,0.2025230973958969
P2_rgkf,5,XGB,52,0.4,0.4667242765426636
P2_rgkf,5,XGB,56,0.09,0.0773196667432785
P2_rgkf,5,XGB,61,0.15,0.1998924165964126
P2_rgkf,5,XGB,62,0.19,0.1998924165964126
P2_rgkf,5,XGB,63,0.23,0.1998924165964126
P2_rgkf,5,XGB,68,0.15,0.1388574093580246
P2_rgkf,5,XGB,70,0.14,0.1330815553665161
P2_rgkf,5,XGB,72,0.21,0.2402712851762771
P2_rgkf,5,XGB,76,0.18,0.1591738313436508
P2_rgkf,5,XGB,78,0.14,0.2032103538513183
P2_rgkf,5,XGB,80,0.15,0.1751555949449539
P2_rgkf,5,XGB,95,0.3,0.1955894827842712
P2_rgkf,5,XGB,98,0.64,0.6112299561500549
P2_rgkf,5,XGB,100,0.25,0.3068576157093048
P2_rgkf,5,XGB,104,0.18,0.1998924165964126
P2_rgkf,5,LGBM,12,0.46,0.491273598893935
P2_rgkf,5,LGBM,20,0.74,0.6336596706900989
P2_rgkf,5,LGBM,22,0.23,0.3079940349526993
P2_rgkf,5,LGBM,23,0.25,0.3094408612826242
P2_rgkf,5,LGBM,25,0.3,0.2899709822390816
P2_rgkf,5,LGBM,28,0.38,0.3971228340332112
P2_rgkf,5,LGBM,33,0.54,0.605707713140317
P2_rgkf,5,LGBM,45,0.21,0.1968659130579293
P2_rgkf,5,LGBM,52,0.4,0.4417338517080183
P2_rgkf,5,LGBM,56,0.09,0.0817289388533222
P2_rgkf,5,LGBM,61,0.15,0.2119671369884813
P2_rgkf,5,LGBM,62,0.19,0.2119671369884813
P2_rgkf,5,LGBM,63,0.23,0.2119671369884813
P2_rgkf,5,LGBM,68,0.15,0.1536122579294584
P2_rgkf,5,LGBM,70,0.14,0.1614255888363888
P2_rgkf,5,LGBM,72,0.21,0.2489404769698057
P2_rgkf,5,LGBM,76,0.18,0.1449306302997294
P2_rgkf,5,LGBM,78,0.14,0.2165565960790492
P2_rgkf,5,LGBM,80,0.15,0.1999524201428629
P2_rgkf,5,LGBM,95,0.3,0.1939823621739483
P2_rgkf,5,LGBM,98,0.64,0.6139776015050701
P2_rgkf,5,LGBM,100,0.25,0.3094408612826242
P2_rgkf,5,LGBM,104,0.18,0.2119671369884813
P2_rgkf,5,CatB,12,0.46,0.4693264575251818
P2_rgkf,5,CatB,20,0.74,0.5514005824755227
P2_rgkf,5,CatB,22,0.23,0.3265595005468185
P2_rgkf,5,CatB,23,0.25,0.3244283661641133
P2_rgkf,5,CatB,25,0.3,0.3315501460689596
P2_rgkf,5,CatB,28,0.38,0.3825701496997758
P2_rgkf,5,CatB,33,0.54,0.6027287766319557
P2_rgkf,5,CatB,45,0.21,0.1991622018320378
P2_rgkf,5,CatB,52,0.4,0.4595388251209814
P2_rgkf,5,CatB,56,0.09,0.0779818096570013
P2_rgkf,5,CatB,61,0.15,0.1976981180409548
P2_rgkf,5,CatB,62,0.19,0.1976981180409548
P2_rgkf,5,CatB,63,0.23,0.1976981180409548
P2_rgkf,5,CatB,68,0.15,0.168290779055666
P2_rgkf,5,CatB,70,0.14,0.1319456621721637
P2_rgkf,5,CatB,72,0.21,0.209349877660345
P2_rgkf,5,CatB,76,0.18,0.1836874008483424
P2_rgkf,5,CatB,78,0.14,0.1800380486672028
P2_rgkf,5,CatB,80,0.15,0.1643907766317738
P2_rgkf,5,CatB,95,0.3,0.1866210981428549
P2_rgkf,5,CatB,98,0.64,0.6385217263603347
P2_rgkf,5,CatB,100,0.25,0.3244283661641133
P2_rgkf,5,CatB,104,0.18,0.1976981180409548
P2_rgkf,5,SVR,12,0.46,0.4663792846553121
P2_rgkf,5,SVR,20,0.74,0.5294119319255894
P2_rgkf,5,SVR,22,0.23,0.250495824287384
P2_rgkf,5,SVR,23,0.25,0.2493384856370599
P2_rgkf,5,SVR,25,0.3,0.2626012166550139
P2_rgkf,5,SVR,28,0.38,0.3726489129965565
P2_rgkf,5,SVR,33,0.54,0.6743168726523932
P2_rgkf,5,SVR,45,0.21,0.1778785374073539
P2_rgkf,5,SVR,52,0.4,0.3437116227570625
P2_rgkf,5,SVR,56,0.09,0.0803433079143645
P2_rgkf,5,SVR,61,0.15,0.1907536812329403
P2_rgkf,5,SVR,62,0.19,0.1907536812329403
P2_rgkf,5,SVR,63,0.23,0.1907536812329403
P2_rgkf,5,SVR,68,0.15,0.1473719596659188
P2_rgkf,5,SVR,70,0.14,0.1893879885195434
P2_rgkf,5,SVR,72,0.21,0.2320795430437539
P2_rgkf,5,SVR,76,0.18,0.1793369845548365
P2_rgkf,5,SVR,78,0.14,0.1527821951883349
P2_rgkf,5,SVR,80,0.15,0.1319307445693455
P2_rgkf,5,SVR,95,0.3,0.1497010226681653
P2_rgkf,5,SVR,98,0.64,0.3254414427563647
P2_rgkf,5,SVR,100,0.25,0.2491194471686532
P2_rgkf,5,SVR,104,0.18,0.1907536812329403
P2_rgkf,5,GPR,12,0.46,0.4666030838240186
P2_rgkf,5,GPR,20,0.74,0.5714200220000996
P2_rgkf,5,GPR,22,0.23,0.2663238241267062
P2_rgkf,5,GPR,23,0.25,0.2597662381053113
P2_rgkf,5,GPR,25,0.3,0.2527884570523402
P2_rgkf,5,GPR,28,0.38,0.4331243425276957
P2_rgkf,5,GPR,33,0.54,0.5634494885924387
P2_rgkf,5,GPR,45,0.21,0.1747835635433503
P2_rgkf,5,GPR,52,0.4,0.4040205075006461
P2_rgkf,5,GPR,56,0.09,0.0853706128798983
P2_rgkf,5,GPR,61,0.15,0.2104350580927433
P2_rgkf,5,GPR,62,0.19,0.2104350580927433
P2_rgkf,5,GPR,63,0.23,0.2104350580927433
P2_rgkf,5,GPR,68,0.15,0.1576183738298217
P2_rgkf,5,GPR,70,0.14,0.1589883520845026
P2_rgkf,5,GPR,72,0.21,0.1661285609089753
P2_rgkf,5,GPR,76,0.18,0.194950701925269
P2_rgkf,5,GPR,78,0.14,0.171853123772135
P2_rgkf,5,GPR,80,0.15,0.140130315941144
P2_rgkf,5,GPR,95,0.3,0.1548024749495282
P2_rgkf,5,GPR,98,0.64,0.6293754403708309
P2_rgkf,5,GPR,100,0.25,0.2587084796480043
P2_rgkf,5,GPR,104,0.18,0.2104350580927431
P2_rgkf,5,ANN,12,0.46,0.4498938543211485
P2_rgkf,5,ANN,20,0.74,0.553858731046462
P2_rgkf,5,ANN,22,0.23,0.1797489619480719
P2_rgkf,5,ANN,23,0.25,0.1807149548130122
P2_rgkf,5,ANN,25,0.3,0.3035861327355565
P2_rgkf,5,ANN,28,0.38,0.3655847085728974
P2_rgkf,5,ANN,33,0.54,0.6200796738722031
P2_rgkf,5,ANN,45,0.21,0.1995597182000946
P2_rgkf,5,ANN,52,0.4,0.3432953132818795
P2_rgkf,5,ANN,56,0.09,0.0826460538390093
P2_rgkf,5,ANN,61,0.15,0.1716961945993419
P2_rgkf,5,ANN,62,0.19,0.1716961945993419
P2_rgkf,5,ANN,63,0.23,0.1716961945993419
P2_rgkf,5,ANN,68,0.15,0.1699518319721578
P2_rgkf,5,ANN,70,0.14,0.1332668893446602
P2_rgkf,5,ANN,72,0.21,0.25620348396863
P2_rgkf,5,ANN,76,0.18,0.211280566866368
P2_rgkf,5,ANN,78,0.14,0.1304611472780344
P2_rgkf,5,ANN,80,0.15,0.1817867172069797
P2_rgkf,5,ANN,95,0.3,0.2270382065025929
P2_rgkf,5,ANN,98,0.64,0.8933335406041264
P2_rgkf,5,ANN,100,0.25,0.1809087754590141
P2_rgkf,5,ANN,104,0.18,0.1716961945993419
P2_rgkf,5,Mean,13,0.48,0.3163636363636363
P2_rgkf,5,Mean,24,0.27,0.3163636363636363
P2_rgkf,5,Mean,26,0.38,0.3163636363636363
P2_rgkf,5,Mean,27,0.37,0.3163636363636363
P2_rgkf,5,Mean,40,0.15,0.3163636363636363
P2_rgkf,5,Mean,41,0.18,0.3163636363636363
P2_rgkf,5,Mean,53,0.35,0.3163636363636363
P2_rgkf,5,Mean,59,0.1,0.3163636363636363
P2_rgkf,5,Mean,64,0.22,0.3163636363636363
P2_rgkf,5,Mean,65,0.24,0.3163636363636363
P2_rgkf,5,Mean,66,0.26,0.3163636363636363
P2_rgkf,5,Mean,67,0.28,0.3163636363636363
P2_rgkf,5,Mean,71,0.16,0.3163636363636363
P2_rgkf,5,Mean,73,0.21,0.3163636363636363
P2_rgkf,5,Mean,79,0.2,0.3163636363636363
P2_rgkf,5,Mean,81,0.14,0.3163636363636363
P2_rgkf,5,Mean,84,0.19,0.3163636363636363
P2_rgkf,5,Mean,85,0.15,0.3163636363636363
P2_rgkf,5,Mean,92,0.14,0.3163636363636363
P2_rgkf,5,Mean,101,0.2,0.3163636363636363
P2_rgkf,5,Mean,102,0.35,0.3163636363636363
P2_rgkf,5,Mean,103,0.08,0.3163636363636363
P2_rgkf,5,MVR,13,0.48,0.4159497249087638
P2_rgkf,5,MVR,24,0.27,0.219554614969434
P2_rgkf,5,MVR,26,0.38,0.2575617755300562
P2_rgkf,5,MVR,27,0.37,0.2629825716164252
P2_rgkf,5,MVR,40,0.15,0.2669592030285865
P2_rgkf,5,MVR,41,0.18,0.1411423734249126
P2_rgkf,5,MVR,53,0.35,0.2734803939864073
P2_rgkf,5,MVR,59,0.1,0.127718486545023
P2_rgkf,5,MVR,64,0.22,0.2777554941895315
P2_rgkf,5,MVR,65,0.24,0.2777554941895315
P2_rgkf,5,MVR,66,0.26,0.2777554941895315
P2_rgkf,5,MVR,67,0.28,0.2777554941895315
P2_rgkf,5,MVR,71,0.16,0.2350019616517695
P2_rgkf,5,MVR,73,0.21,0.203957157788506
P2_rgkf,5,MVR,79,0.2,0.2766199202389174
P2_rgkf,5,MVR,81,0.14,0.196032264591795
P2_rgkf,5,MVR,84,0.19,0.2394442272556113
P2_rgkf,5,MVR,85,0.15,0.1581686598550023
P2_rgkf,5,MVR,92,0.14,0.1644202894009194
P2_rgkf,5,MVR,101,0.2,0.1601767039735027
P2_rgkf,5,MVR,102,0.35,0.1956337007447553
P2_rgkf,5,MVR,103,0.08,0.0680198941106893
P2_rgkf,5,Ridge,13,0.48,0.4229097177278343
P2_rgkf,5,Ridge,24,0.27,0.2820658485738477
P2_rgkf,5,Ridge,26,0.38,0.3213691999260601
P2_rgkf,5,Ridge,27,0.37,0.3277475664893229
P2_rgkf,5,Ridge,40,0.15,0.2944439866628961
P2_rgkf,5,Ridge,41,0.18,0.1381360471145499
P2_rgkf,5,Ridge,53,0.35,0.3197593886273771
P2_rgkf,5,Ridge,59,0.1,0.1990566386045208
P2_rgkf,5,Ridge,64,0.22,0.3053685129018104
P2_rgkf,5,Ridge,65,0.24,0.3053685129018104
P2_rgkf,5,Ridge,66,0.26,0.3053685129018104
P2_rgkf,5,Ridge,67,0.28,0.3053685129018104
P2_rgkf,5,Ridge,71,0.16,0.2621137182432606
P2_rgkf,5,Ridge,73,0.21,0.2232528514584469
P2_rgkf,5,Ridge,79,0.2,0.3318681870567276
P2_rgkf,5,Ridge,81,0.14,0.2144379139475275
P2_rgkf,5,Ridge,84,0.19,0.1948171369331031
P2_rgkf,5,Ridge,85,0.15,0.1009398229811961
P2_rgkf,5,Ridge,92,0.14,0.1817484877032983
P2_rgkf,5,Ridge,101,0.2,0.1771338302376031
P2_rgkf,5,Ridge,102,0.35,0.213977631221448
P2_rgkf,5,Ridge,103,0.08,0.0786139972714934
P2_rgkf,5,RF,13,0.48,0.4655128915536097
P2_rgkf,5,RF,24,0.27,0.2999191606592105
P2_rgkf,5,RF,26,0.38,0.3695244153294891
P2_rgkf,5,RF,27,0.37,0.3695244153294891
P2_rgkf,5,RF,40,0.15,0.2072912914189426
P2_rgkf,5,RF,41,0.18,0.1784368947406358
P2_rgkf,5,RF,53,0.35,0.2407473161829852
P2_rgkf,5,RF,59,0.1,0.1151678372505074
P2_rgkf,5,RF,64,0.22,0.1795829371510883
P2_rgkf,5,RF,65,0.24,0.1795829371510883
P2_rgkf,5,RF,66,0.26,0.1795829371510883
P2_rgkf,5,RF,67,0.28,0.1795829371510883
P2_rgkf,5,RF,71,0.16,0.1785557210532121
P2_rgkf,5,RF,73,0.21,0.19192223228889
P2_rgkf,5,RF,79,0.2,0.1869743190909767
P2_rgkf,5,RF,81,0.14,0.1739630716527283
P2_rgkf,5,RF,84,0.19,0.1802857558173767
P2_rgkf,5,RF,85,0.15,0.1796752086171202
P2_rgkf,5,RF,92,0.14,0.1773675554426552
P2_rgkf,5,RF,101,0.2,0.1808755329610755
P2_rgkf,5,RF,102,0.35,0.4119312738404312
P2_rgkf,5,RF,103,0.08,0.0978726433900169
P2_rgkf,5,ET,13,0.48,0.476763303509974
P2_rgkf,5,ET,24,0.27,0.3057534321438612
P2_rgkf,5,ET,26,0.38,0.3971537647116421
P2_rgkf,5,ET,27,0.37,0.4011161772990549
P2_rgkf,5,ET,40,0.15,0.1961618830608445
P2_rgkf,5,ET,41,0.18,0.1754764015722596
P2_rgkf,5,ET,53,0.35,0.2297606396478167
P2_rgkf,5,ET,59,0.1,0.1147096392875587
P2_rgkf,5,ET,64,0.22,0.208532915414547
P2_rgkf,5,ET,65,0.24,0.208532915414547
P2_rgkf,5,ET,66,0.26,0.208532915414547
P2_rgkf,5,ET,67,0.28,0.208532915414547
P2_rgkf,5,ET,71,0.16,0.194726995311427
P2_rgkf,5,ET,73,0.21,0.2021948857287392
P2_rgkf,5,ET,79,0.2,0.1870482630053712
P2_rgkf,5,ET,81,0.14,0.1703545305359927
P2_rgkf,5,ET,84,0.19,0.1949092579507223
P2_rgkf,5,ET,85,0.15,0.1853009289887144
P2_rgkf,5,ET,92,0.14,0.1847250786890957
P2_rgkf,5,ET,101,0.2,0.1804453912658338
P2_rgkf,5,ET,102,0.35,0.4267643714005819
P2_rgkf,5,ET,103,0.08,0.0899288760049473
P2_rgkf,5,XGB,13,0.48,0.4733242690563202
P2_rgkf,5,XGB,24,0.27,0.3336476981639862
P2_rgkf,5,XGB,26,0.38,0.3611548542976379
P2_rgkf,5,XGB,27,0.37,0.407911479473114
P2_rgkf,5,XGB,40,0.15,0.2095481902360916
P2_rgkf,5,XGB,41,0.18,0.1966471076011657
P2_rgkf,5,XGB,53,0.35,0.2565597891807556
P2_rgkf,5,XGB,59,0.1,0.1236558854579925
P2_rgkf,5,XGB,64,0.22,0.232815146446228
P2_rgkf,5,XGB,65,0.24,0.232815146446228
P2_rgkf,5,XGB,66,0.26,0.232815146446228
P2_rgkf,5,XGB,67,0.28,0.232815146446228
P2_rgkf,5,XGB,71,0.16,0.2002865970134735
P2_rgkf,5,XGB,73,0.21,0.2196073979139328
P2_rgkf,5,XGB,79,0.2,0.1659885048866272
P2_rgkf,5,XGB,81,0.14,0.1485304087400436
P2_rgkf,5,XGB,84,0.19,0.2365669012069702
P2_rgkf,5,XGB,85,0.15,0.1525603383779525
P2_rgkf,5,XGB,92,0.14,0.1757789552211761
P2_rgkf,5,XGB,101,0.2,0.2391552329063415
P2_rgkf,5,XGB,102,0.35,0.3537961542606354
P2_rgkf,5,XGB,103,0.08,0.0965126678347587
P2_rgkf,5,LGBM,13,0.48,0.4645338319432081
P2_rgkf,5,LGBM,24,0.27,0.3152087852743637
P2_rgkf,5,LGBM,26,0.38,0.3997660432002698
P2_rgkf,5,LGBM,27,0.37,0.3997660432002698
P2_rgkf,5,LGBM,40,0.15,0.2519530169289086
P2_rgkf,5,LGBM,41,0.18,0.2159292882177749
P2_rgkf,5,LGBM,53,0.35,0.3069892251815921
P2_rgkf,5,LGBM,59,0.1,0.1452755837229807
P2_rgkf,5,LGBM,64,0.22,0.2064262651401418
P2_rgkf,5,LGBM,65,0.24,0.2064262651401418
P2_rgkf,5,LGBM,66,0.26,0.2064262651401418
P2_rgkf,5,LGBM,67,0.28,0.2064262651401418
P2_rgkf,5,LGBM,71,0.16,0.2009288998497811
P2_rgkf,5,LGBM,73,0.21,0.2287158239701316
P2_rgkf,5,LGBM,79,0.2,0.1660747555737631
P2_rgkf,5,LGBM,81,0.14,0.1837320297334163
P2_rgkf,5,LGBM,84,0.19,0.2112780557164885
P2_rgkf,5,LGBM,85,0.15,0.1895312648404799
P2_rgkf,5,LGBM,92,0.14,0.1774351982266548
P2_rgkf,5,LGBM,101,0.2,0.1993569209633598
P2_rgkf,5,LGBM,102,0.35,0.4054416844714705
P2_rgkf,5,LGBM,103,0.08,0.0944076272864766
P2_rgkf,5,CatB,13,0.48,0.4643608792633255
P2_rgkf,5,CatB,24,0.27,0.3295611633265705
P2_rgkf,5,CatB,26,0.38,0.3692865700125159
P2_rgkf,5,CatB,27,0.37,0.3765393947874965
P2_rgkf,5,CatB,40,0.15,0.1925844875366086
P2_rgkf,5,CatB,41,0.18,0.1775612553847082
P2_rgkf,5,CatB,53,0.35,0.2877343223358217
P2_rgkf,5,CatB,59,0.1,0.1574660875090764
P2_rgkf,5,CatB,64,0.22,0.2214586965574526
P2_rgkf,5,CatB,65,0.24,0.2214586965574526
P2_rgkf,5,CatB,66,0.26,0.2214586965574526
P2_rgkf,5,CatB,67,0.28,0.2214586965574526
P2_rgkf,5,CatB,71,0.16,0.2239775542906911
P2_rgkf,5,CatB,73,0.21,0.2362397872393427
P2_rgkf,5,CatB,79,0.2,0.1795358484563067
P2_rgkf,5,CatB,81,0.14,0.1801559869888057
P2_rgkf,5,CatB,84,0.19,0.21923275291666
P2_rgkf,5,CatB,85,0.15,0.1922036352960101
P2_rgkf,5,CatB,92,0.14,0.1832892429415646
P2_rgkf,5,CatB,101,0.2,0.1806629280222376
P2_rgkf,5,CatB,102,0.35,0.3573950765940373
P2_rgkf,5,CatB,103,0.08,0.1010140686236738
P2_rgkf,5,SVR,13,0.48,0.5007026734336357
P2_rgkf,5,SVR,24,0.27,0.3481437854140597
P2_rgkf,5,SVR,26,0.38,0.4031733343757934
P2_rgkf,5,SVR,27,0.37,0.3999018902265601
P2_rgkf,5,SVR,40,0.15,0.1834227763675485
P2_rgkf,5,SVR,41,0.18,0.1385641579754702
P2_rgkf,5,SVR,53,0.35,0.2601312387781878
P2_rgkf,5,SVR,59,0.1,0.100142770901173
P2_rgkf,5,SVR,64,0.22,0.2211704520333982
P2_rgkf,5,SVR,65,0.24,0.2211704520333982
P2_rgkf,5,SVR,66,0.26,0.2211704520333982
P2_rgkf,5,SVR,67,0.28,0.2211704520333982
P2_rgkf,5,SVR,71,0.16,0.3259670420752024
P2_rgkf,5,SVR,73,0.21,0.219689981506844
P2_rgkf,5,SVR,79,0.2,0.1127934231146075
P2_rgkf,5,SVR,81,0.14,0.1746327077218873
P2_rgkf,5,SVR,84,0.19,0.1848140873021111
P2_rgkf,5,SVR,85,0.15,0.1697648195541778
P2_rgkf,5,SVR,92,0.14,0.1575751208697882
P2_rgkf,5,SVR,101,0.2,0.130999392216171
P2_rgkf,5,SVR,102,0.35,0.3858203615322537
P2_rgkf,5,SVR,103,0.08,0.08695408448179
P2_rgkf,5,GPR,13,0.48,0.4584189529753924
P2_rgkf,5,GPR,24,0.27,0.3162357009275233
P2_rgkf,5,GPR,26,0.38,0.3800386475699428
P2_rgkf,5,GPR,27,0.37,0.3994425714109497
P2_rgkf,5,GPR,40,0.15,0.1500676832258582
P2_rgkf,5,GPR,41,0.18,0.1723976115158991
P2_rgkf,5,GPR,53,0.35,0.2585125483462694
P2_rgkf,5,GPR,59,0.1,0.0954767695841049
P2_rgkf,5,GPR,64,0.22,0.2468805372685101
P2_rgkf,5,GPR,65,0.24,0.2468805372685101
P2_rgkf,5,GPR,66,0.26,0.2468805372685101
P2_rgkf,5,GPR,67,0.28,0.2468805372685101
P2_rgkf,5,GPR,71,0.16,0.1561669264825369
P2_rgkf,5,GPR,73,0.21,0.1986798431261261
P2_rgkf,5,GPR,79,0.2,0.1788659747990208
P2_rgkf,5,GPR,81,0.14,0.1435792786816268
P2_rgkf,5,GPR,84,0.19,0.1792296632985109
P2_rgkf,5,GPR,85,0.15,0.2211163271513793
P2_rgkf,5,GPR,92,0.14,0.1784360827669828
P2_rgkf,5,GPR,101,0.2,0.1728117928875632
P2_rgkf,5,GPR,102,0.35,0.597975014894056
P2_rgkf,5,GPR,103,0.08,0.0754437942425189
P2_rgkf,5,ANN,13,0.48,0.4814138153103363
P2_rgkf,5,ANN,24,0.27,0.3812478757629526
P2_rgkf,5,ANN,26,0.38,0.4167876012584682
P2_rgkf,5,ANN,27,0.37,0.4194081909858814
P2_rgkf,5,ANN,40,0.15,0.1363115539485446
P2_rgkf,5,ANN,41,0.18,0.1709932728516071
P2_rgkf,5,ANN,53,0.35,0.3247293380859684
P2_rgkf,5,ANN,59,0.1,0.08925156589119
P2_rgkf,5,ANN,64,0.22,0.1409914165206492
P2_rgkf,5,ANN,65,0.24,0.1409914165206492
P2_rgkf,5,ANN,66,0.26,0.1409914165206492
P2_rgkf,5,ANN,67,0.28,0.1409914165206492
P2_rgkf,5,ANN,71,0.16,0.3012137128919265
P2_rgkf,5,ANN,73,0.21,0.2372643601202711
P2_rgkf,5,ANN,79,0.2,0.1417550076880489
P2_rgkf,5,ANN,81,0.14,0.1780255083339265
P2_rgkf,5,ANN,84,0.19,0.1777180822018777
P2_rgkf,5,ANN,85,0.15,0.1237208673066341
P2_rgkf,5,ANN,92,0.14,0.1586988660457453
P2_rgkf,5,ANN,101,0.2,0.1448287977317462
P2_rgkf,5,ANN,102,0.35,0.3849698455294766
P2_rgkf,5,ANN,103,0.08,0.0806254602090578
P2_rgkf,5,Mean,2,0.33,0.2814606741573034
P2_rgkf,5,Mean,4,0.46,0.2814606741573034
P2_rgkf,5,Mean,9,0.42,0.2814606741573034
P2_rgkf,5,Mean,10,0.31,0.2814606741573034
P2_rgkf,5,Mean,11,0.38,0.2814606741573034
P2_rgkf,5,Mean,15,0.75,0.2814606741573034
P2_rgkf,5,Mean,16,0.96,0.2814606741573034
P2_rgkf,5,Mean,29,0.64,0.2814606741573034
P2_rgkf,5,Mean,32,0.64,0.2814606741573034
P2_rgkf,5,Mean,36,0.17,0.2814606741573034
P2_rgkf,5,Mean,38,0.17,0.2814606741573034
P2_rgkf,5,Mean,39,0.13,0.2814606741573034
P2_rgkf,5,Mean,44,0.17,0.2814606741573034
P2_rgkf,5,Mean,47,0.76,0.2814606741573034
P2_rgkf,5,Mean,48,0.35,0.2814606741573034
P2_rgkf,5,Mean,50,0.35,0.2814606741573034
P2_rgkf,5,Mean,77,0.15,0.2814606741573034
P2_rgkf,5,Mean,83,0.15,0.2814606741573034
P2_rgkf,5,Mean,90,0.27,0.2814606741573034
P2_rgkf,5,Mean,96,0.12,0.2814606741573034
P2_rgkf,5,Mean,107,0.21,0.2814606741573034
P2_rgkf,5,MVR,2,0.33,0.4080625022746971
P2_rgkf,5,MVR,4,0.46,0.4080625022746971
P2_rgkf,5,MVR,9,0.42,0.5121396510670205
P2_rgkf,5,MVR,10,0.31,0.553800059282967
P2_rgkf,5,MVR,11,0.38,0.553800059282967
P2_rgkf,5,MVR,15,0.75,0.5441444483859474
P2_rgkf,5,MVR,16,0.96,0.6096170983879057
P2_rgkf,5,MVR,29,0.64,0.4332170825155475
P2_rgkf,5,MVR,32,0.64,0.766921446578783
P2_rgkf,5,MVR,36,0.17,0.2163134967375028
P2_rgkf,5,MVR,38,0.17,0.2144202076255983
P2_rgkf,5,MVR,39,0.13,0.2361879784249226
P2_rgkf,5,MVR,44,0.17,0.1591560092155602
P2_rgkf,5,MVR,47,0.76,0.2045876938448854
P2_rgkf,5,MVR,48,0.35,0.2729425342155548
P2_rgkf,5,MVR,50,0.35,0.3272024053639675
P2_rgkf,5,MVR,77,0.15,0.2362502651831885
P2_rgkf,5,MVR,83,0.15,0.269835276246646
P2_rgkf,5,MVR,90,0.27,0.1344528834005653
P2_rgkf,5,MVR,96,0.12,0.1887931831358349
P2_rgkf,5,MVR,107,0.21,0.2222019662586536
P2_rgkf,5,Ridge,2,0.33,0.4405828363652597
P2_rgkf,5,Ridge,4,0.46,0.4405828363652597
P2_rgkf,5,Ridge,9,0.42,0.491420272328681
P2_rgkf,5,Ridge,10,0.31,0.5082928019183734
P2_rgkf,5,Ridge,11,0.38,0.5082928019183734
P2_rgkf,5,Ridge,15,0.75,0.4929228333216887
P2_rgkf,5,Ridge,16,0.96,0.5107199706682443
P2_rgkf,5,Ridge,29,0.64,0.4090260012721338
P2_rgkf,5,Ridge,32,0.64,0.7397829564097002
P2_rgkf,5,Ridge,36,0.17,0.2217680552782553
P2_rgkf,5,Ridge,38,0.17,0.2191536081488554
P2_rgkf,5,Ridge,39,0.13,0.2452980794428542
P2_rgkf,5,Ridge,44,0.17,0.1212603091057411
P2_rgkf,5,Ridge,47,0.76,0.2537220991920167
P2_rgkf,5,Ridge,48,0.35,0.3273660359973858
P2_rgkf,5,Ridge,50,0.35,0.3978229047689258
P2_rgkf,5,Ridge,77,0.15,0.2484762134369244
P2_rgkf,5,Ridge,83,0.15,0.2993379744327296
P2_rgkf,5,Ridge,90,0.27,0.0989088664122971
P2_rgkf,5,Ridge,96,0.12,0.1624407667944115
P2_rgkf,5,Ridge,107,0.21,0.1933708809008873
P2_rgkf,5,RF,2,0.33,0.3955812801484226
P2_rgkf,5,RF,4,0.46,0.3955812801484226
P2_rgkf,5,RF,9,0.42,0.4796020867228008
P2_rgkf,5,RF,10,0.31,0.4947917702931989
P2_rgkf,5,RF,11,0.38,0.4947917702931989
P2_rgkf,5,RF,15,0.75,0.5944184789020507
P2_rgkf,5,RF,16,0.96,0.5560049755006901
P2_rgkf,5,RF,29,0.64,0.585080348104277
P2_rgkf,5,RF,32,0.64,0.5661627459048899
P2_rgkf,5,RF,36,0.17,0.1651843256810123
P2_rgkf,5,RF,38,0.17,0.1650060114159123
P2_rgkf,5,RF,39,0.13,0.1787448377073784
P2_rgkf,5,RF,44,0.17,0.1831214046364262
P2_rgkf,5,RF,47,0.76,0.376614948305663
P2_rgkf,5,RF,48,0.35,0.3767517927707218
P2_rgkf,5,RF,50,0.35,0.3668899555206703
P2_rgkf,5,RF,77,0.15,0.1820094830087606
P2_rgkf,5,RF,83,0.15,0.2199331140347808
P2_rgkf,5,RF,90,0.27,0.154578182966794
P2_rgkf,5,RF,96,0.12,0.1800996110648981
P2_rgkf,5,RF,107,0.21,0.1944524069832859
P2_rgkf,5,ET,2,0.33,0.4033111666666662
P2_rgkf,5,ET,4,0.46,0.4033111666666662
P2_rgkf,5,ET,9,0.42,0.4485885000000009
P2_rgkf,5,ET,10,0.31,0.4637338571428582
P2_rgkf,5,ET,11,0.38,0.4637338571428582
P2_rgkf,5,ET,15,0.75,0.5860079682539671
P2_rgkf,5,ET,16,0.96,0.5732344444444435
P2_rgkf,5,ET,29,0.64,0.527710111111113
P2_rgkf,5,ET,32,0.64,0.5686357619047636
P2_rgkf,5,ET,36,0.17,0.1596992070707072
P2_rgkf,5,ET,38,0.17,0.1603715404040405
P2_rgkf,5,ET,39,0.13,0.1680496832611835
P2_rgkf,5,ET,44,0.17,0.1961039927849933
P2_rgkf,5,ET,47,0.76,0.3789828214285728
P2_rgkf,5,ET,48,0.35,0.3648932023809541
P2_rgkf,5,ET,50,0.35,0.36712117857143
P2_rgkf,5,ET,77,0.15,0.1815231605339102
P2_rgkf,5,ET,83,0.15,0.2084802099567096
P2_rgkf,5,ET,90,0.27,0.1388794675324675
P2_rgkf,5,ET,96,0.12,0.1871750036075037
P2_rgkf,5,ET,107,0.21,0.1984664801587299
P2_rgkf,5,XGB,2,0.33,0.3970666527748108
P2_rgkf,5,XGB,4,0.46,0.3970666527748108
P2_rgkf,5,XGB,9,0.42,0.4240294396877289
P2_rgkf,5,XGB,10,0.31,0.5441768765449524
P2_rgkf,5,XGB,11,0.38,0.5441768765449524
P2_rgkf,5,XGB,15,0.75,0.5931649804115295
P2_rgkf,5,XGB,16,0.96,0.5321073532104492
P2_rgkf,5,XGB,29,0.64,0.5960600972175598
P2_rgkf,5,XGB,32,0.64,0.5257073044776917
P2_rgkf,5,XGB,36,0.17,0.18107970058918
P2_rgkf,5,XGB,38,0.17,0.18107970058918
P2_rgkf,5,XGB,39,0.13,0.1878018081188202
P2_rgkf,5,XGB,44,0.17,0.1975152939558029
P2_rgkf,5,XGB,47,0.76,0.3748752474784851
P2_rgkf,5,XGB,48,0.35,0.3742788434028625
P2_rgkf,5,XGB,50,0.35,0.3866725564002991
P2_rgkf,5,XGB,77,0.15,0.2050362378358841
P2_rgkf,5,XGB,83,0.15,0.2099647521972656
P2_rgkf,5,XGB,90,0.27,0.1247372925281524
P2_rgkf,5,XGB,96,0.12,0.1701318174600601
P2_rgkf,5,XGB,107,0.21,0.1978606581687927
P2_rgkf,5,LGBM,2,0.33,0.4063149264662831
P2_rgkf,5,LGBM,4,0.46,0.4063149264662831
P2_rgkf,5,LGBM,9,0.42,0.3876443395794074
P2_rgkf,5,LGBM,10,0.31,0.5017656000037777
P2_rgkf,5,LGBM,11,0.38,0.5017656000037777
P2_rgkf,5,LGBM,15,0.75,0.6243557443819802
P2_rgkf,5,LGBM,16,0.96,0.5914719674001776
P2_rgkf,5,LGBM,29,0.64,0.5761779790313836
P2_rgkf,5,LGBM,32,0.64,0.5633422652875432
P2_rgkf,5,LGBM,36,0.17,0.1610863594906749
P2_rgkf,5,LGBM,38,0.17,0.1610863594906749
P2_rgkf,5,LGBM,39,0.13,0.1618270012667379
P2_rgkf,5,LGBM,44,0.17,0.2053241504573852
P2_rgkf,5,LGBM,47,0.76,0.3992146854315108
P2_rgkf,5,LGBM,48,0.35,0.3676595113207616
P2_rgkf,5,LGBM,50,0.35,0.3655985414600237
P2_rgkf,5,LGBM,77,0.15,0.1815644100769964
P2_rgkf,5,LGBM,83,0.15,0.1639379626131598
P2_rgkf,5,LGBM,90,0.27,0.0695750385756678
P2_rgkf,5,LGBM,96,0.12,0.1997714953720347
P2_rgkf,5,LGBM,107,0.21,0.2035047665871832
P2_rgkf,5,CatB,2,0.33,0.3970556880822495
P2_rgkf,5,CatB,4,0.46,0.3970556880822495
P2_rgkf,5,CatB,9,0.42,0.4464610133791189
P2_rgkf,5,CatB,10,0.31,0.4731329121826295
P2_rgkf,5,CatB,11,0.38,0.4731329121826295
P2_rgkf,5,CatB,15,0.75,0.5336749667483768
P2_rgkf,5,CatB,16,0.96,0.5346427516941148
P2_rgkf,5,CatB,29,0.64,0.5442887311605904
P2_rgkf,5,CatB,32,0.64,0.5429083378878379
P2_rgkf,5,CatB,36,0.17,0.1953506326386323
P2_rgkf,5,CatB,38,0.17,0.1952236924980381
P2_rgkf,5,CatB,39,0.13,0.2059053289102606
P2_rgkf,5,CatB,44,0.17,0.2040393315173959
P2_rgkf,5,CatB,47,0.76,0.3401798179075695
P2_rgkf,5,CatB,48,0.35,0.340698529172553
P2_rgkf,5,CatB,50,0.35,0.3851043337127782
P2_rgkf,5,CatB,77,0.15,0.2079181066573564
P2_rgkf,5,CatB,83,0.15,0.1959510006794639
P2_rgkf,5,CatB,90,0.27,0.1261067193168695
P2_rgkf,5,CatB,96,0.12,0.1886222943335949
P2_rgkf,5,CatB,107,0.21,0.1972944338898998
P2_rgkf,5,SVR,2,0.33,0.4184456275849148
P2_rgkf,5,SVR,4,0.46,0.4184456275849148
P2_rgkf,5,SVR,9,0.42,0.5035256526165105
P2_rgkf,5,SVR,10,0.31,0.5301620234043689
P2_rgkf,5,SVR,11,0.38,0.5301620234043689
P2_rgkf,5,SVR,15,0.75,0.524042933624649
P2_rgkf,5,SVR,16,0.96,0.5555454474829696
P2_rgkf,5,SVR,29,0.64,0.4503180885026067
P2_rgkf,5,SVR,32,0.64,0.4352770580760466
P2_rgkf,5,SVR,36,0.17,0.2034819432002882
P2_rgkf,5,SVR,38,0.17,0.2019937447016488
P2_rgkf,5,SVR,39,0.13,0.2175671832846405
P2_rgkf,5,SVR,44,0.17,0.2000528927377262
P2_rgkf,5,SVR,47,0.76,0.2615682939002917
P2_rgkf,5,SVR,48,0.35,0.2820709863539994
P2_rgkf,5,SVR,50,0.35,0.3127620300249129
P2_rgkf,5,SVR,77,0.15,0.1977701501862332
P2_rgkf,5,SVR,83,0.15,0.188571640479564
P2_rgkf,5,SVR,90,0.27,0.1145923753231558
P2_rgkf,5,SVR,96,0.12,0.1481052660321
P2_rgkf,5,SVR,107,0.21,0.1943152904605579
P2_rgkf,5,GPR,2,0.33,0.407054714087488
P2_rgkf,5,GPR,4,0.46,0.407054714087488
P2_rgkf,5,GPR,9,0.42,0.4197887020452708
P2_rgkf,5,GPR,10,0.31,0.4164077151475136
P2_rgkf,5,GPR,11,0.38,0.4164077151475136
P2_rgkf,5,GPR,15,0.75,0.6798323993672487
P2_rgkf,5,GPR,16,0.96,0.6865839304367187
P2_rgkf,5,GPR,29,0.64,0.5340151513047535
P2_rgkf,5,GPR,32,0.64,0.4660666602561709
P2_rgkf,5,GPR,36,0.17,0.1505392561006326
P2_rgkf,5,GPR,38,0.17,0.1504531586220624
P2_rgkf,5,GPR,39,0.13,0.1516001387798522
P2_rgkf,5,GPR,44,0.17,0.1914466749355277
P2_rgkf,5,GPR,47,0.76,0.3969273094627222
P2_rgkf,5,GPR,48,0.35,0.4155898695829791
P2_rgkf,5,GPR,50,0.35,0.4386998713422393
P2_rgkf,5,GPR,77,0.15,0.1980195301427563
P2_rgkf,5,GPR,83,0.15,0.234072735948394
P2_rgkf,5,GPR,90,0.27,0.1598797118062315
P2_rgkf,5,GPR,96,0.12,0.1887390213054166
P2_rgkf,5,GPR,107,0.21,0.194821716917285
P2_rgkf,5,ANN,2,0.33,0.410457082309544
P2_rgkf,5,ANN,4,0.46,0.410457082309544
P2_rgkf,5,ANN,9,0.42,0.4533772637115217
P2_rgkf,5,ANN,10,0.31,0.4721971351093228
P2_rgkf,5,ANN,11,0.38,0.4721971351093228
P2_rgkf,5,ANN,15,0.75,0.5379094174029713
P2_rgkf,5,ANN,16,0.96,0.5897933566638902
P2_rgkf,5,ANN,29,0.64,0.3976214333652005
P2_rgkf,5,ANN,32,0.64,0.636614761081793
P2_rgkf,5,ANN,36,0.17,0.1632004203765054
P2_rgkf,5,ANN,38,0.17,0.1619402732979729
P2_rgkf,5,ANN,39,0.13,0.1773386657910458
P2_rgkf,5,ANN,44,0.17,0.2098139673797453
P2_rgkf,5,ANN,47,0.76,0.3210126163046381
P2_rgkf,5,ANN,48,0.35,0.3278601857728117
P2_rgkf,5,ANN,50,0.35,0.4765178701916328
P2_rgkf,5,ANN,77,0.15,0.1934736957850306
P2_rgkf,5,ANN,83,0.15,0.1958421894916563
P2_rgkf,5,ANN,90,0.27,0.1222552309544394
P2_rgkf,5,ANN,96,0.12,0.1536804087929157
P2_rgkf,5,ANN,107,0.21,0.2085404829309867
P2_rgkf,6,Mean,2,0.33,0.2997752808988764
P2_rgkf,6,Mean,4,0.46,0.2997752808988764
P2_rgkf,6,Mean,9,0.42,0.2997752808988764
P2_rgkf,6,Mean,12,0.46,0.2997752808988764
P2_rgkf,6,Mean,25,0.3,0.2997752808988764
P2_rgkf,6,Mean,27,0.37,0.2997752808988764
P2_rgkf,6,Mean,29,0.64,0.2997752808988764
P2_rgkf,6,Mean,38,0.17,0.2997752808988764
P2_rgkf,6,Mean,44,0.17,0.2997752808988764
P2_rgkf,6,Mean,45,0.21,0.2997752808988764
P2_rgkf,6,Mean,46,0.44,0.2997752808988764
P2_rgkf,6,Mean,47,0.76,0.2997752808988764
P2_rgkf,6,Mean,59,0.1,0.2997752808988764
P2_rgkf,6,Mean,73,0.21,0.2997752808988764
P2_rgkf,6,Mean,77,0.15,0.2997752808988764
P2_rgkf,6,Mean,82,0.15,0.2997752808988764
P2_rgkf,6,Mean,93,0.2,0.2997752808988764
P2_rgkf,6,Mean,96,0.12,0.2997752808988764
P2_rgkf,6,Mean,105,0.23,0.2997752808988764
P2_rgkf,6,Mean,106,0.17,0.2997752808988764
P2_rgkf,6,Mean,108,0.2,0.2997752808988764
P2_rgkf,6,MVR,2,0.33,0.3856502047080907
P2_rgkf,6,MVR,4,0.46,0.3856502047080907
P2_rgkf,6,MVR,9,0.42,0.4926840319946393
P2_rgkf,6,MVR,12,0.46,0.3939537381757729
P2_rgkf,6,MVR,25,0.3,0.199375510860855
P2_rgkf,6,MVR,27,0.37,0.2671826154342206
P2_rgkf,6,MVR,29,0.64,0.419052194808313
P2_rgkf,6,MVR,38,0.17,0.1978087498661812
P2_rgkf,6,MVR,44,0.17,0.1484370650751322
P2_rgkf,6,MVR,45,0.21,0.1634008706690199
P2_rgkf,6,MVR,46,0.44,0.2271593337358328
P2_rgkf,6,MVR,47,0.76,0.2012536391763564
P2_rgkf,6,MVR,59,0.1,0.1261155119020897
P2_rgkf,6,MVR,73,0.21,0.1916199891322146
P2_rgkf,6,MVR,77,0.15,0.2267729093007049
P2_rgkf,6,MVR,82,0.15,0.1854853406806187
P2_rgkf,6,MVR,93,0.2,0.1695161944499708
P2_rgkf,6,MVR,96,0.12,0.1859324571352363
P2_rgkf,6,MVR,105,0.23,0.2069667070991757
P2_rgkf,6,MVR,106,0.17,0.160560456400242
P2_rgkf,6,MVR,108,0.2,0.1944556524668034
P2_rgkf,6,Ridge,2,0.33,0.4314769151665625
P2_rgkf,6,Ridge,4,0.46,0.4314769151665625
P2_rgkf,6,Ridge,9,0.42,0.4828198491993101
P2_rgkf,6,Ridge,12,0.46,0.4096383093360075
P2_rgkf,6,Ridge,25,0.3,0.2669164426993833
P2_rgkf,6,Ridge,27,0.37,0.3314718113532696
P2_rgkf,6,Ridge,29,0.64,0.4027403723523508
P2_rgkf,6,Ridge,38,0.17,0.2122017864755903
P2_rgkf,6,Ridge,44,0.17,0.123749532388246
P2_rgkf,6,Ridge,45,0.21,0.1431009902548282
P2_rgkf,6,Ridge,46,0.44,0.2694608113369638
P2_rgkf,6,Ridge,47,0.76,0.2433246089102164
P2_rgkf,6,Ridge,59,0.1,0.1832090639910404
P2_rgkf,6,Ridge,73,0.21,0.1950467435527257
P2_rgkf,6,Ridge,77,0.15,0.2436788813170431
P2_rgkf,6,Ridge,82,0.15,0.1793600084899819
P2_rgkf,6,Ridge,93,0.2,0.1856309356499098
P2_rgkf,6,Ridge,96,0.12,0.1682309340665342
P2_rgkf,6,Ridge,105,0.23,0.2099586328656329
P2_rgkf,6,Ridge,106,0.17,0.1658919342601573
P2_rgkf,6,Ridge,108,0.2,0.22092059352924
P2_rgkf,6,RF,2,0.33,0.4554416666666665
P2_rgkf,6,RF,4,0.46,0.4554416666666665
P2_rgkf,6,RF,9,0.42,0.5281166666666671
P2_rgkf,6,RF,12,0.46,0.538308333333334
P2_rgkf,6,RF,25,0.3,0.2977500000000004
P2_rgkf,6,RF,27,0.37,0.4151249999999992
P2_rgkf,6,RF,29,0.64,0.6123333333333338
P2_rgkf,6,RF,38,0.17,0.1621464398795652
P2_rgkf,6,RF,44,0.17,0.186609226190476
P2_rgkf,6,RF,45,0.21,0.2094876190476189
P2_rgkf,6,RF,46,0.44,0.3506500000000001
P2_rgkf,6,RF,47,0.76,0.3773999999999997
P2_rgkf,6,RF,59,0.1,0.1197249999999999
P2_rgkf,6,RF,73,0.21,0.1983948989898991
P2_rgkf,6,RF,77,0.15,0.1726341089466088
P2_rgkf,6,RF,82,0.15,0.1703516341991341
P2_rgkf,6,RF,93,0.2,0.1992901677489177
P2_rgkf,6,RF,96,0.12,0.1671434523809527
P2_rgkf,6,RF,105,0.23,0.1658819940476194
P2_rgkf,6,RF,106,0.17,0.1930326375707629
P2_rgkf,6,RF,108,0.2,0.1890157467532468
P2_rgkf,6,ET,2,0.33,0.4457604166666631
P2_rgkf,6,ET,4,0.46,0.4457604166666631
P2_rgkf,6,ET,9,0.42,0.448716448412697
P2_rgkf,6,ET,12,0.46,0.4912412515262505
P2_rgkf,6,ET,25,0.3,0.2806508333333343
P2_rgkf,6,ET,27,0.37,0.393950039682543
P2_rgkf,6,ET,29,0.64,0.5544780423280409
P2_rgkf,6,ET,38,0.17,0.1556002411539702
P2_rgkf,6,ET,44,0.17,0.2077815773626953
P2_rgkf,6,ET,45,0.21,0.2170319595682092
P2_rgkf,6,ET,46,0.44,0.341589396991896
P2_rgkf,6,ET,47,0.76,0.3624398046398033
P2_rgkf,6,ET,59,0.1,0.1093049002849006
P2_rgkf,6,ET,73,0.21,0.1985156727539607
P2_rgkf,6,ET,77,0.15,0.1730304175127706
P2_rgkf,6,ET,82,0.15,0.1762750467296581
P2_rgkf,6,ET,93,0.2,0.1980089523602759
P2_rgkf,6,ET,96,0.12,0.1635446422471577
P2_rgkf,6,ET,105,0.23,0.1590721968140507
P2_rgkf,6,ET,106,0.17,0.2038023540478842
P2_rgkf,6,ET,108,0.2,0.1969108648554597
P2_rgkf,6,XGB,2,0.33,0.4460092186927795
P2_rgkf,6,XGB,4,0.46,0.4460092186927795
P2_rgkf,6,XGB,9,0.42,0.4333562552928924
P2_rgkf,6,XGB,12,0.46,0.5273165702819824
P2_rgkf,6,XGB,25,0.3,0.2607960999011993
P2_rgkf,6,XGB,27,0.37,0.4014695286750793
P2_rgkf,6,XGB,29,0.64,0.6170205473899841
P2_rgkf,6,XGB,38,0.17,0.1617256253957748
P2_rgkf,6,XGB,44,0.17,0.1789148449897766
P2_rgkf,6,XGB,45,0.21,0.2048303931951522
P2_rgkf,6,XGB,46,0.44,0.323335736989975
P2_rgkf,6,XGB,47,0.76,0.4049173295497894
P2_rgkf,6,XGB,59,0.1,0.0973099693655967
P2_rgkf,6,XGB,73,0.21,0.209291324019432
P2_rgkf,6,XGB,77,0.15,0.1802611649036407
P2_rgkf,6,XGB,82,0.15,0.1705817580223083
P2_rgkf,6,XGB,93,0.2,0.2058873325586319
P2_rgkf,6,XGB,96,0.12,0.1648763418197631
P2_rgkf,6,XGB,105,0.23,0.1647119969129562
P2_rgkf,6,XGB,106,0.17,0.1863875687122345
P2_rgkf,6,XGB,108,0.2,0.186760202050209
P2_rgkf,6,LGBM,2,0.33,0.4240455394797882
P2_rgkf,6,LGBM,4,0.46,0.4240455394797882
P2_rgkf,6,LGBM,9,0.42,0.3680590368607599
P2_rgkf,6,LGBM,12,0.46,0.4918064215047354
P2_rgkf,6,LGBM,25,0.3,0.2730127333544331
P2_rgkf,6,LGBM,27,0.37,0.399692794035614
P2_rgkf,6,LGBM,29,0.64,0.6084976845765979
P2_rgkf,6,LGBM,38,0.17,0.1548537942642972
P2_rgkf,6,LGBM,44,0.17,0.2049711987056237
P2_rgkf,6,LGBM,45,0.21,0.2026358701837517
P2_rgkf,6,LGBM,46,0.44,0.3182218466890253
P2_rgkf,6,LGBM,47,0.76,0.3832679322487894
P2_rgkf,6,LGBM,59,0.1,0.165530064167838
P2_rgkf,6,LGBM,73,0.21,0.2029396585198559
P2_rgkf,6,LGBM,77,0.15,0.1809575243368954
P2_rgkf,6,LGBM,82,0.15,0.163811909523991
P2_rgkf,6,LGBM,93,0.2,0.1897000015266066
P2_rgkf,6,LGBM,96,0.12,0.1644945219243855
P2_rgkf,6,LGBM,105,0.23,0.160428957090198
P2_rgkf,6,LGBM,106,0.17,0.1881144242938209
P2_rgkf,6,LGBM,108,0.2,0.1953764645186841
P2_rgkf,6,CatB,2,0.33,0.4109108897838572
P2_rgkf,6,CatB,4,0.46,0.4109108897838572
P2_rgkf,6,CatB,9,0.42,0.4303201524721186
P2_rgkf,6,CatB,12,0.46,0.4565560534287981
P2_rgkf,6,CatB,25,0.3,0.2707047719512497
P2_rgkf,6,CatB,27,0.37,0.379955029115929
P2_rgkf,6,CatB,29,0.64,0.6151472419790732
P2_rgkf,6,CatB,38,0.17,0.1624540700711849
P2_rgkf,6,CatB,44,0.17,0.236806978293509
P2_rgkf,6,CatB,45,0.21,0.2521078316959812
P2_rgkf,6,CatB,46,0.44,0.317533429568952
P2_rgkf,6,CatB,47,0.76,0.3551251721795269
P2_rgkf,6,CatB,59,0.1,0.1440815829767014
P2_rgkf,6,CatB,73,0.21,0.2111971674658307
P2_rgkf,6,CatB,77,0.15,0.187123142436788
P2_rgkf,6,CatB,82,0.15,0.1907773562479657
P2_rgkf,6,CatB,93,0.2,0.2017037476839299
P2_rgkf,6,CatB,96,0.12,0.1702316130988849
P2_rgkf,6,CatB,105,0.23,0.1698166306649991
P2_rgkf,6,CatB,106,0.17,0.1697828531271291
P2_rgkf,6,CatB,108,0.2,0.1981068837878544
P2_rgkf,6,SVR,2,0.33,0.4231285134099729
P2_rgkf,6,SVR,4,0.46,0.4231285134099729
P2_rgkf,6,SVR,9,0.42,0.3962651882198145
P2_rgkf,6,SVR,12,0.46,0.4739763486005816
P2_rgkf,6,SVR,25,0.3,0.2679521500654789
P2_rgkf,6,SVR,27,0.37,0.3850198460266286
P2_rgkf,6,SVR,29,0.64,0.3070229482328909
P2_rgkf,6,SVR,38,0.17,0.1710702779581449
P2_rgkf,6,SVR,44,0.17,0.2138556493529357
P2_rgkf,6,SVR,45,0.21,0.2168749798874106
P2_rgkf,6,SVR,46,0.44,0.3033317754468396
P2_rgkf,6,SVR,47,0.76,0.4080213022013933
P2_rgkf,6,SVR,59,0.1,0.0929074881516543
P2_rgkf,6,SVR,73,0.21,0.2086689774155792
P2_rgkf,6,SVR,77,0.15,0.1713256811364267
P2_rgkf,6,SVR,82,0.15,0.1900342386814882
P2_rgkf,6,SVR,93,0.2,0.2374789552356418
P2_rgkf,6,SVR,96,0.12,0.1183584812029941
P2_rgkf,6,SVR,105,0.23,0.1398059323674031
P2_rgkf,6,SVR,106,0.17,0.1752611365166083
P2_rgkf,6,SVR,108,0.2,0.2031866978739122
P2_rgkf,6,GPR,2,0.33,0.3888652180326545
P2_rgkf,6,GPR,4,0.46,0.3888652180326545
P2_rgkf,6,GPR,9,0.42,0.3888652180238522
P2_rgkf,6,GPR,12,0.46,0.5523620490069083
P2_rgkf,6,GPR,25,0.3,0.2973967904468189
P2_rgkf,6,GPR,27,0.37,0.3216269696001712
P2_rgkf,6,GPR,29,0.64,0.5624367989357881
P2_rgkf,6,GPR,38,0.17,0.1584970713097408
P2_rgkf,6,GPR,44,0.17,0.1705674023058982
P2_rgkf,6,GPR,45,0.21,0.170567402221556
P2_rgkf,6,GPR,46,0.44,0.3514329977168516
P2_rgkf,6,GPR,47,0.76,0.3514329994075477
P2_rgkf,6,GPR,59,0.1,0.0808850860346116
P2_rgkf,6,GPR,73,0.21,0.1760698512434936
P2_rgkf,6,GPR,77,0.15,0.1732869362544218
P2_rgkf,6,GPR,82,0.15,0.1806538228715221
P2_rgkf,6,GPR,93,0.2,0.1766611735166016
P2_rgkf,6,GPR,96,0.12,0.1936147399355633
P2_rgkf,6,GPR,105,0.23,0.1924367139065241
P2_rgkf,6,GPR,106,0.17,0.1937827130348449
P2_rgkf,6,GPR,108,0.2,0.1745310601577173
P2_rgkf,6,ANN,2,0.33,0.3886902905126052
P2_rgkf,6,ANN,4,0.46,0.3886902905126052
P2_rgkf,6,ANN,9,0.42,0.3917553320265483
P2_rgkf,6,ANN,12,0.46,0.4526717990219653
P2_rgkf,6,ANN,25,0.3,0.3514938828957419
P2_rgkf,6,ANN,27,0.37,0.3786099078179206
P2_rgkf,6,ANN,29,0.64,0.4555867203502622
P2_rgkf,6,ANN,38,0.17,0.1447630763996752
P2_rgkf,6,ANN,44,0.17,0.2754340256251784
P2_rgkf,6,ANN,45,0.21,0.3010464627411187
P2_rgkf,6,ANN,46,0.44,0.3084151804219787
P2_rgkf,6,ANN,47,0.76,0.3383416898807854
P2_rgkf,6,ANN,59,0.1,0.0945066384245754
P2_rgkf,6,ANN,73,0.21,0.1992829329752989
P2_rgkf,6,ANN,77,0.15,0.1821469592739537
P2_rgkf,6,ANN,82,0.15,0.1363441587019705
P2_rgkf,6,ANN,93,0.2,0.2195339439639042
P2_rgkf,6,ANN,96,0.12,0.1225003874794323
P2_rgkf,6,ANN,105,0.23,0.158951379856484
P2_rgkf,6,ANN,106,0.17,0.1705238249051953
P2_rgkf,6,ANN,108,0.2,0.2082252479375509
P2_rgkf,6,Mean,13,0.48,0.2917777777777778
P2_rgkf,6,Mean,15,0.75,0.2917777777777778
P2_rgkf,6,Mean,17,0.76,0.2917777777777778
P2_rgkf,6,Mean,18,0.53,0.2917777777777778
P2_rgkf,6,Mean,21,0.44,0.2917777777777778
P2_rgkf,6,Mean,26,0.38,0.2917777777777778
P2_rgkf,6,Mean,33,0.54,0.2917777777777778
P2_rgkf,6,Mean,50,0.35,0.2917777777777778
P2_rgkf,6,Mean,56,0.09,0.2917777777777778
P2_rgkf,6,Mean,68,0.15,0.2917777777777778
P2_rgkf,6,Mean,72,0.21,0.2917777777777778
P2_rgkf,6,Mean,78,0.14,0.2917777777777778
P2_rgkf,6,Mean,84,0.19,0.2917777777777778
P2_rgkf,6,Mean,87,0.19,0.2917777777777778
P2_rgkf,6,Mean,90,0.27,0.2917777777777778
P2_rgkf,6,Mean,91,0.14,0.2917777777777778
P2_rgkf,6,Mean,99,0.44,0.2917777777777778
P2_rgkf,6,Mean,100,0.25,0.2917777777777778
P2_rgkf,6,Mean,107,0.21,0.2917777777777778
P2_rgkf,6,Mean,109,0.17,0.2917777777777778
P2_rgkf,6,MVR,13,0.48,0.406888732918147
P2_rgkf,6,MVR,15,0.75,0.5264058373916537
P2_rgkf,6,MVR,17,0.76,0.5038804575215715
P2_rgkf,6,MVR,18,0.53,0.5980811002989032
P2_rgkf,6,MVR,21,0.44,0.5484298555531676
P2_rgkf,6,MVR,26,0.38,0.2485022422694797
P2_rgkf,6,MVR,33,0.54,0.5268060291905787
P2_rgkf,6,MVR,50,0.35,0.394832394637395
P2_rgkf,6,MVR,56,0.09,0.0668512774686046
P2_rgkf,6,MVR,68,0.15,0.1775422432737619
P2_rgkf,6,MVR,72,0.21,0.1819396522206151
P2_rgkf,6,MVR,78,0.14,0.1741749186257467
P2_rgkf,6,MVR,84,0.19,0.2575165357580246
P2_rgkf,6,MVR,87,0.19,0.2329671774689961
P2_rgkf,6,MVR,90,0.27,0.1280816005196782
P2_rgkf,6,MVR,91,0.14,0.21231352792857
P2_rgkf,6,MVR,99,0.44,0.2527484990920277
P2_rgkf,6,MVR,100,0.25,0.1809747441262937
P2_rgkf,6,MVR,107,0.21,0.229304342337832
P2_rgkf,6,MVR,109,0.17,0.2668383549072121
P2_rgkf,6,Ridge,13,0.48,0.4047083481345228
P2_rgkf,6,Ridge,15,0.75,0.4751449743192131
P2_rgkf,6,Ridge,17,0.76,0.4591783492445198
P2_rgkf,6,Ridge,18,0.53,0.4990190309284566
P2_rgkf,6,Ridge,21,0.44,0.486765052020558
P2_rgkf,6,Ridge,26,0.38,0.3021612277141493
P2_rgkf,6,Ridge,33,0.54,0.5619623258714845
P2_rgkf,6,Ridge,50,0.35,0.4225253040312516
P2_rgkf,6,Ridge,56,0.09,0.0608678735011429
P2_rgkf,6,Ridge,68,0.15,0.188018906533743
P2_rgkf,6,Ridge,72,0.21,0.1775791694631453
P2_rgkf,6,Ridge,78,0.14,0.1876965784315963
P2_rgkf,6,Ridge,84,0.19,0.2171007733011953
P2_rgkf,6,Ridge,87,0.19,0.2223500736611315
P2_rgkf,6,Ridge,90,0.27,0.1078825856792901
P2_rgkf,6,Ridge,91,0.14,0.2111342548798884
P2_rgkf,6,Ridge,99,0.44,0.3061722212816705
P2_rgkf,6,Ridge,100,0.25,0.2379122041196898
P2_rgkf,6,Ridge,107,0.21,0.1978895510265174
P2_rgkf,6,Ridge,109,0.17,0.2709733086578207
P2_rgkf,6,RF,13,0.48,0.4782009668109663
P2_rgkf,6,RF,15,0.75,0.6191928085248086
P2_rgkf,6,RF,17,0.76,0.4991457123987123
P2_rgkf,6,RF,18,0.53,0.5722229454434453
P2_rgkf,6,RF,21,0.44,0.5499254807969808
P2_rgkf,6,RF,26,0.38,0.3502374226606726
P2_rgkf,6,RF,33,0.54,0.6133578366633369
P2_rgkf,6,RF,50,0.35,0.4103940194805195
P2_rgkf,6,RF,56,0.09,0.0969853408813408
P2_rgkf,6,RF,68,0.15,0.1687445575535576
P2_rgkf,6,RF,72,0.21,0.1843901552891552
P2_rgkf,6,RF,78,0.14,0.1808930263070262
P2_rgkf,6,RF,84,0.19,0.1878582756132756
P2_rgkf,6,RF,87,0.19,0.1887159258519257
P2_rgkf,6,RF,90,0.27,0.155960236874237
P2_rgkf,6,RF,91,0.14,0.1819900008325009
P2_rgkf,6,RF,99,0.44,0.3506454226606725
P2_rgkf,6,RF,100,0.25,0.2871132947607947
P2_rgkf,6,RF,107,0.21,0.1862279828504828
P2_rgkf,6,RF,109,0.17,0.178396433954934
P2_rgkf,6,ET,13,0.48,0.5194067187877458
P2_rgkf,6,ET,15,0.75,0.6405713152958126
P2_rgkf,6,ET,17,0.76,0.6027727832722809
P2_rgkf,6,ET,18,0.53,0.6424678936618915
P2_rgkf,6,ET,21,0.44,0.6288528049173026
P2_rgkf,6,ET,26,0.38,0.3463016314861613
P2_rgkf,6,ET,33,0.54,0.5881355079365123
P2_rgkf,6,ET,50,0.35,0.4009687698412698
P2_rgkf,6,ET,56,0.09,0.0918538888888886
P2_rgkf,6,ET,68,0.15,0.1747584578754579
P2_rgkf,6,ET,72,0.21,0.2088856986901989
P2_rgkf,6,ET,78,0.14,0.1790919336219338
P2_rgkf,6,ET,84,0.19,0.1995824134754136
P2_rgkf,6,ET,87,0.19,0.2146937643467645
P2_rgkf,6,ET,90,0.27,0.1440534975579975
P2_rgkf,6,ET,91,0.14,0.185776845432345
P2_rgkf,6,ET,99,0.44,0.3501271552956851
P2_rgkf,6,ET,100,0.25,0.2759289715839719
P2_rgkf,6,ET,107,0.21,0.1980881544566548
P2_rgkf,6,ET,109,0.17,0.1904810450660451
P2_rgkf,6,XGB,13,0.48,0.4469359815120697
P2_rgkf,6,XGB,15,0.75,0.6837616562843323
P2_rgkf,6,XGB,17,0.76,0.5065636038780212
P2_rgkf,6,XGB,18,0.53,0.5509915351867676
P2_rgkf,6,XGB,21,0.44,0.5047415494918823
P2_rgkf,6,XGB,26,0.38,0.3672839105129242
P2_rgkf,6,XGB,33,0.54,0.5996134877204895
P2_rgkf,6,XGB,50,0.35,0.4072183668613434
P2_rgkf,6,XGB,56,0.09,0.0887662842869758
P2_rgkf,6,XGB,68,0.15,0.1723594814538955
P2_rgkf,6,XGB,72,0.21,0.2314702123403549
P2_rgkf,6,XGB,78,0.14,0.1903632581233978
P2_rgkf,6,XGB,84,0.19,0.2203509658575058
P2_rgkf,6,XGB,87,0.19,0.2170213460922241
P2_rgkf,6,XGB,90,0.27,0.1193509846925735
P2_rgkf,6,XGB,91,0.14,0.1761612892150879
P2_rgkf,6,XGB,99,0.44,0.3672839105129242
P2_rgkf,6,XGB,100,0.25,0.2594691514968872
P2_rgkf,6,XGB,107,0.21,0.2110393941402435
P2_rgkf,6,XGB,109,0.17,0.2067703157663345
P2_rgkf,6,LGBM,13,0.48,0.443987604029508
P2_rgkf,6,LGBM,15,0.75,0.6270606798779432
P2_rgkf,6,LGBM,17,0.76,0.484713465193659
P2_rgkf,6,LGBM,18,0.53,0.5124448737294777
P2_rgkf,6,LGBM,21,0.44,0.5065558384585537
P2_rgkf,6,LGBM,26,0.38,0.3589860586405654
P2_rgkf,6,LGBM,33,0.54,0.6148265125765092
P2_rgkf,6,LGBM,50,0.35,0.3931242358610373
P2_rgkf,6,LGBM,56,0.09,0.1081744080449371
P2_rgkf,6,LGBM,68,0.15,0.1732673512819118
P2_rgkf,6,LGBM,72,0.21,0.2263504725344996
P2_rgkf,6,LGBM,78,0.14,0.1800696751861702
P2_rgkf,6,LGBM,84,0.19,0.2114745126789524
P2_rgkf,6,LGBM,87,0.19,0.2063614268078514
P2_rgkf,6,LGBM,90,0.27,0.1176916350947062
P2_rgkf,6,LGBM,91,0.14,0.1985083994802461
P2_rgkf,6,LGBM,99,0.44,0.3589860586405654
P2_rgkf,6,LGBM,100,0.25,0.2729626888900845
P2_rgkf,6,LGBM,107,0.21,0.2077352450151275
P2_rgkf,6,LGBM,109,0.17,0.2034868682706307
P2_rgkf,6,CatB,13,0.48,0.4564991016095292
P2_rgkf,6,CatB,15,0.75,0.6607128554932248
P2_rgkf,6,CatB,17,0.76,0.5173617518472902
P2_rgkf,6,CatB,18,0.53,0.5796728454529906
P2_rgkf,6,CatB,21,0.44,0.5455066844760741
P2_rgkf,6,CatB,26,0.38,0.3451410587566041
P2_rgkf,6,CatB,33,0.54,0.57744391573821
P2_rgkf,6,CatB,50,0.35,0.3819072921328343
P2_rgkf,6,CatB,56,0.09,0.0934876664080253
P2_rgkf,6,CatB,68,0.15,0.1835191515199307
P2_rgkf,6,CatB,72,0.21,0.2345945666747785
P2_rgkf,6,CatB,78,0.14,0.1716714713725635
P2_rgkf,6,CatB,84,0.19,0.2448069501039013
P2_rgkf,6,CatB,87,0.19,0.2447565636072723
P2_rgkf,6,CatB,90,0.27,0.116819195329618
P2_rgkf,6,CatB,91,0.14,0.1895161556937305
P2_rgkf,6,CatB,99,0.44,0.3451410587566041
P2_rgkf,6,CatB,100,0.25,0.2546872048602506
P2_rgkf,6,CatB,107,0.21,0.2030204509125885
P2_rgkf,6,CatB,109,0.17,0.2085286130308062
P2_rgkf,6,SVR,13,0.48,0.3749711097661676
P2_rgkf,6,SVR,15,0.75,0.5298481061943249
P2_rgkf,6,SVR,17,0.76,0.5008713639415183
P2_rgkf,6,SVR,18,0.53,0.5786845424604378
P2_rgkf,6,SVR,21,0.44,0.545817795700392
P2_rgkf,6,SVR,26,0.38,0.2985754965462879
P2_rgkf,6,SVR,33,0.54,0.5776309125905725
P2_rgkf,6,SVR,50,0.35,0.4495875133723407
P2_rgkf,6,SVR,56,0.09,0.0912354335702707
P2_rgkf,6,SVR,68,0.15,0.1679020986903877
P2_rgkf,6,SVR,72,0.21,0.1602331407562195
P2_rgkf,6,SVR,78,0.14,0.1549944974037769
P2_rgkf,6,SVR,84,0.19,0.2098326011242397
P2_rgkf,6,SVR,87,0.19,0.2026721686187302
P2_rgkf,6,SVR,90,0.27,0.1126450076541524
P2_rgkf,6,SVR,91,0.14,0.1852344717301993
P2_rgkf,6,SVR,99,0.44,0.3040082627410768
P2_rgkf,6,SVR,100,0.25,0.2104878122607486
P2_rgkf,6,SVR,107,0.21,0.1832874554127629
P2_rgkf,6,SVR,109,0.17,0.231313108339635
P2_rgkf,6,GPR,13,0.48,0.4580756968823118
P2_rgkf,6,GPR,15,0.75,0.7745267208957602
P2_rgkf,6,GPR,17,0.76,0.771504093502028
P2_rgkf,6,GPR,18,0.53,0.7054561492179422
P2_rgkf,6,GPR,21,0.44,0.7028145889914523
P2_rgkf,6,GPR,26,0.38,0.3400774234139664
P2_rgkf,6,GPR,33,0.54,0.5942962752448272
P2_rgkf,6,GPR,50,0.35,0.3876325157411351
P2_rgkf,6,GPR,56,0.09,0.0731315868796566
P2_rgkf,6,GPR,68,0.15,0.1678007037117947
P2_rgkf,6,GPR,72,0.21,0.1676300304420853
P2_rgkf,6,GPR,78,0.14,0.1694797248462708
P2_rgkf,6,GPR,84,0.19,0.1747079876009807
P2_rgkf,6,GPR,87,0.19,0.1493216199738201
P2_rgkf,6,GPR,90,0.27,0.1587900682865321
P2_rgkf,6,GPR,91,0.14,0.1986581387871168
P2_rgkf,6,GPR,99,0.44,0.3528126113217402
P2_rgkf,6,GPR,100,0.25,0.2529795437792128
P2_rgkf,6,GPR,107,0.21,0.184757471982458
P2_rgkf,6,GPR,109,0.17,0.1855494152719563
P2_rgkf,6,ANN,13,0.48,0.4415521364078885
P2_rgkf,6,ANN,15,0.75,0.5794597507113686
P2_rgkf,6,ANN,17,0.76,0.550970538892059
P2_rgkf,6,ANN,18,0.53,0.6157917430073179
P2_rgkf,6,ANN,21,0.44,0.5885715389197924
P2_rgkf,6,ANN,26,0.38,0.3325339076919982
P2_rgkf,6,ANN,33,0.54,0.6078067435551165
P2_rgkf,6,ANN,50,0.35,0.5367575832089757
P2_rgkf,6,ANN,56,0.09,0.0813958971731914
P2_rgkf,6,ANN,68,0.15,0.18236846487587
P2_rgkf,6,ANN,72,0.21,0.2641369805820964
P2_rgkf,6,ANN,78,0.14,0.1398862894552545
P2_rgkf,6,ANN,84,0.19,0.2094629157495644
P2_rgkf,6,ANN,87,0.19,0.2250013044280993
P2_rgkf,6,ANN,90,0.27,0.1165399921255172
P2_rgkf,6,ANN,91,0.14,0.1974189269061268
P2_rgkf,6,ANN,99,0.44,0.3390604722346056
P2_rgkf,6,ANN,100,0.25,0.2215123056336863
P2_rgkf,6,ANN,107,0.21,0.2175123646407697
P2_rgkf,6,ANN,109,0.17,0.2463578387417187
P2_rgkf,6,Mean,7,0.42,0.3123863636363636
P2_rgkf,6,Mean,8,0.26,0.3123863636363636
P2_rgkf,6,Mean,14,0.48,0.3123863636363636
P2_rgkf,6,Mean,19,0.56,0.3123863636363636
P2_rgkf,6,Mean,24,0.27,0.3123863636363636
P2_rgkf,6,Mean,28,0.38,0.3123863636363636
P2_rgkf,6,Mean,35,0.17,0.3123863636363636
P2_rgkf,6,Mean,36,0.17,0.3123863636363636
P2_rgkf,6,Mean,37,0.13,0.3123863636363636
P2_rgkf,6,Mean,39,0.13,0.3123863636363636
P2_rgkf,6,Mean,48,0.35,0.3123863636363636
P2_rgkf,6,Mean,51,0.23,0.3123863636363636
P2_rgkf,6,Mean,52,0.4,0.3123863636363636
P2_rgkf,6,Mean,53,0.35,0.3123863636363636
P2_rgkf,6,Mean,55,0.1,0.3123863636363636
P2_rgkf,6,Mean,57,0.09,0.3123863636363636
P2_rgkf,6,Mean,60,0.02,0.3123863636363636
P2_rgkf,6,Mean,69,0.17,0.3123863636363636
P2_rgkf,6,Mean,81,0.14,0.3123863636363636
P2_rgkf,6,Mean,101,0.2,0.3123863636363636
P2_rgkf,6,Mean,102,0.35,0.3123863636363636
P2_rgkf,6,Mean,103,0.08,0.3123863636363636
P2_rgkf,6,MVR,7,0.42,0.4325391512460739
P2_rgkf,6,MVR,8,0.26,0.4325391512460739
P2_rgkf,6,MVR,14,0.48,0.5305227936380819
P2_rgkf,6,MVR,19,0.56,0.6478564631418929
P2_rgkf,6,MVR,24,0.27,0.2435716383601945
P2_rgkf,6,MVR,28,0.38,0.2756665838585898
P2_rgkf,6,MVR,35,0.17,0.2183775890484264
P2_rgkf,6,MVR,36,0.17,0.2119399887268764
P2_rgkf,6,MVR,37,0.13,0.2183775890484264
P2_rgkf,6,MVR,39,0.13,0.2450652356874307
P2_rgkf,6,MVR,48,0.35,0.2565003392830679
P2_rgkf,6,MVR,51,0.23,0.3956374012638751
P2_rgkf,6,MVR,52,0.4,0.3170165681955187
P2_rgkf,6,MVR,53,0.35,0.3003831015184031
P2_rgkf,6,MVR,55,0.1,0.146585582675734
P2_rgkf,6,MVR,57,0.09,0.1612394916080247
P2_rgkf,6,MVR,60,0.02,0.0872122408504761
P2_rgkf,6,MVR,69,0.17,0.1515236474715874
P2_rgkf,6,MVR,81,0.14,0.1992785856343279
P2_rgkf,6,MVR,101,0.2,0.1869207192471244
P2_rgkf,6,MVR,102,0.35,0.1934736129825164
P2_rgkf,6,MVR,103,0.08,0.0844351172032861
P2_rgkf,6,Ridge,7,0.42,0.4613936054307865
P2_rgkf,6,Ridge,8,0.26,0.4613936054307865
P2_rgkf,6,Ridge,14,0.48,0.4852537624671281
P2_rgkf,6,Ridge,19,0.56,0.5760806435947157
P2_rgkf,6,Ridge,24,0.27,0.3094359379967458
P2_rgkf,6,Ridge,28,0.38,0.3414709496588541
P2_rgkf,6,Ridge,35,0.17,0.2601178012798796
P2_rgkf,6,Ridge,36,0.17,0.2507644705488439
P2_rgkf,6,Ridge,37,0.13,0.2601178012798796
P2_rgkf,6,Ridge,39,0.13,0.2928544588385047
P2_rgkf,6,Ridge,48,0.35,0.3188329395663347
P2_rgkf,6,Ridge,51,0.23,0.4831966663953769
P2_rgkf,6,Ridge,52,0.4,0.4319282829241354
P2_rgkf,6,Ridge,53,0.35,0.3585927341106678
P2_rgkf,6,Ridge,55,0.1,0.2468505808417311
P2_rgkf,6,Ridge,57,0.09,0.2135933929140189
P2_rgkf,6,Ridge,60,0.02,0.2346855407576588
P2_rgkf,6,Ridge,69,0.17,0.1460365921630695
P2_rgkf,6,Ridge,81,0.14,0.240064768413036
P2_rgkf,6,Ridge,101,0.2,0.2129679153551994
P2_rgkf,6,Ridge,102,0.35,0.2421895724186631
P2_rgkf,6,Ridge,103,0.08,0.0772062716137291
P2_rgkf,6,RF,7,0.42,0.4076435837458523
P2_rgkf,6,RF,8,0.26,0.4076435837458523
P2_rgkf,6,RF,14,0.48,0.507317504104207
P2_rgkf,6,RF,19,0.56,0.6789044217687088
P2_rgkf,6,RF,24,0.27,0.3194899795442652
P2_rgkf,6,RF,28,0.38,0.3840166397453345
P2_rgkf,6,RF,35,0.17,0.1870699445646675
P2_rgkf,6,RF,36,0.17,0.1856357851130081
P2_rgkf,6,RF,37,0.13,0.1870699445646675
P2_rgkf,6,RF,39,0.13,0.1926401458902569
P2_rgkf,6,RF,48,0.35,0.4620619055944049
P2_rgkf,6,RF,51,0.23,0.4474700580372009
P2_rgkf,6,RF,52,0.4,0.5008733233433231
P2_rgkf,6,RF,53,0.35,0.3022638682745822
P2_rgkf,6,RF,55,0.1,0.1771817586778302
P2_rgkf,6,RF,57,0.09,0.1629584178519893
P2_rgkf,6,RF,60,0.02,0.1771817586778302
P2_rgkf,6,RF,69,0.17,0.1627562107565859
P2_rgkf,6,RF,81,0.14,0.1662796706992207
P2_rgkf,6,RF,101,0.2,0.1863240891154475
P2_rgkf,6,RF,102,0.35,0.4554477154195007
P2_rgkf,6,RF,103,0.08,0.1249465383426098
P2_rgkf,6,ET,7,0.42,0.4056192418481583
P2_rgkf,6,ET,8,0.26,0.4056192418481583
P2_rgkf,6,ET,14,0.48,0.4977372194814647
P2_rgkf,6,ET,19,0.56,0.6389707984682153
P2_rgkf,6,ET,24,0.27,0.3067109559749255
P2_rgkf,6,ET,28,0.38,0.4144125092642194
P2_rgkf,6,ET,35,0.17,0.1808296118370202
P2_rgkf,6,ET,36,0.17,0.1788064451208387
P2_rgkf,6,ET,37,0.13,0.1808296118370202
P2_rgkf,6,ET,39,0.13,0.1854516953127539
P2_rgkf,6,ET,48,0.35,0.4700565266325161
P2_rgkf,6,ET,51,0.23,0.4420105674079891
P2_rgkf,6,ET,52,0.4,0.4869245972273331
P2_rgkf,6,ET,53,0.35,0.2524170773425216
P2_rgkf,6,ET,55,0.1,0.3054351203857779
P2_rgkf,6,ET,57,0.09,0.1353643882687901
P2_rgkf,6,ET,60,0.02,0.3022121387014949
P2_rgkf,6,ET,69,0.17,0.1696393206198763
P2_rgkf,6,ET,81,0.14,0.1748559586701434
P2_rgkf,6,ET,101,0.2,0.1899307534996013
P2_rgkf,6,ET,102,0.35,0.4801486453753555
P2_rgkf,6,ET,103,0.08,0.0991256057172391
P2_rgkf,6,XGB,7,0.42,0.3307432234287262
P2_rgkf,6,XGB,8,0.26,0.3307432234287262
P2_rgkf,6,XGB,14,0.48,0.4167448282241821
P2_rgkf,6,XGB,19,0.56,0.7147843241691589
P2_rgkf,6,XGB,24,0.27,0.3524639010429382
P2_rgkf,6,XGB,28,0.38,0.390899509191513
P2_rgkf,6,XGB,35,0.17,0.1740690320730209
P2_rgkf,6,XGB,36,0.17,0.1740690320730209
P2_rgkf,6,XGB,37,0.13,0.1740690320730209
P2_rgkf,6,XGB,39,0.13,0.1575377732515335
P2_rgkf,6,XGB,48,0.35,0.5402091145515442
P2_rgkf,6,XGB,51,0.23,0.4664727747440338
P2_rgkf,6,XGB,52,0.4,0.5506253242492676
P2_rgkf,6,XGB,53,0.35,0.279292494058609
P2_rgkf,6,XGB,55,0.1,0.2804040610790252
P2_rgkf,6,XGB,57,0.09,0.0947400406002998
P2_rgkf,6,XGB,60,0.02,0.2804040610790252
P2_rgkf,6,XGB,69,0.17,0.1706355065107345
P2_rgkf,6,XGB,81,0.14,0.1201881393790245
P2_rgkf,6,XGB,101,0.2,0.2505941689014435
P2_rgkf,6,XGB,102,0.35,0.2821473479270935
P2_rgkf,6,XGB,103,0.08,0.096776470541954
P2_rgkf,6,LGBM,7,0.42,0.3988806338993746
P2_rgkf,6,LGBM,8,0.26,0.3988806338993746
P2_rgkf,6,LGBM,14,0.48,0.487719246254557
P2_rgkf,6,LGBM,19,0.56,0.6746107775280378
P2_rgkf,6,LGBM,24,0.27,0.328788305404244
P2_rgkf,6,LGBM,28,0.38,0.389385094601975
P2_rgkf,6,LGBM,35,0.17,0.1791455822981529
P2_rgkf,6,LGBM,36,0.17,0.1791455822981529
P2_rgkf,6,LGBM,37,0.13,0.1791455822981529
P2_rgkf,6,LGBM,39,0.13,0.1767059934890755
P2_rgkf,6,LGBM,48,0.35,0.4529514557243527
P2_rgkf,6,LGBM,51,0.23,0.4728476953510697
P2_rgkf,6,LGBM,52,0.4,0.4675901089272422
P2_rgkf,6,LGBM,53,0.35,0.324393153333096
P2_rgkf,6,LGBM,55,0.1,0.2339496379032807
P2_rgkf,6,LGBM,57,0.09,0.1952094902816098
P2_rgkf,6,LGBM,60,0.02,0.2339496379032807
P2_rgkf,6,LGBM,69,0.17,0.1381068555565021
P2_rgkf,6,LGBM,81,0.14,0.1444973863677579
P2_rgkf,6,LGBM,101,0.2,0.1998551681032591
P2_rgkf,6,LGBM,102,0.35,0.357720961099829
P2_rgkf,6,LGBM,103,0.08,0.1380175043326004
P2_rgkf,6,CatB,7,0.42,0.421129280556443
P2_rgkf,6,CatB,8,0.26,0.421129280556443
P2_rgkf,6,CatB,14,0.48,0.4609740175885808
P2_rgkf,6,CatB,19,0.56,0.7143715878630608
P2_rgkf,6,CatB,24,0.27,0.332096180031644
P2_rgkf,6,CatB,28,0.38,0.3817915674195093
P2_rgkf,6,CatB,35,0.17,0.1872944996201018
P2_rgkf,6,CatB,36,0.17,0.1850416245284801
P2_rgkf,6,CatB,37,0.13,0.1872944996201018
P2_rgkf,6,CatB,39,0.13,0.1901427071227823
P2_rgkf,6,CatB,48,0.35,0.4305165436854881
P2_rgkf,6,CatB,51,0.23,0.3979764612573168
P2_rgkf,6,CatB,52,0.4,0.4786986627373285
P2_rgkf,6,CatB,53,0.35,0.2893541115443029
P2_rgkf,6,CatB,55,0.1,0.2423398220737972
P2_rgkf,6,CatB,57,0.09,0.1430817706870638
P2_rgkf,6,CatB,60,0.02,0.2423398220737972
P2_rgkf,6,CatB,69,0.17,0.1621586697545072
P2_rgkf,6,CatB,81,0.14,0.174693403987765
P2_rgkf,6,CatB,101,0.2,0.1944231767916167
P2_rgkf,6,CatB,102,0.35,0.3898063136460452
P2_rgkf,6,CatB,103,0.08,0.1189859918562431
P2_rgkf,6,SVR,7,0.42,0.4021107749533115
P2_rgkf,6,SVR,8,0.26,0.4021107749533115
P2_rgkf,6,SVR,14,0.48,0.513266985914588
P2_rgkf,6,SVR,19,0.56,0.6725877553152069
P2_rgkf,6,SVR,24,0.27,0.4029441411863038
P2_rgkf,6,SVR,28,0.38,0.3656229534561317
P2_rgkf,6,SVR,35,0.17,0.1776379686926197
P2_rgkf,6,SVR,36,0.17,0.1726303536762832
P2_rgkf,6,SVR,37,0.13,0.1776379686926197
P2_rgkf,6,SVR,39,0.13,0.1969907496924507
P2_rgkf,6,SVR,48,0.35,0.4138886831873972
P2_rgkf,6,SVR,51,0.23,0.760604358490664
P2_rgkf,6,SVR,52,0.4,0.7373932071381771
P2_rgkf,6,SVR,53,0.35,0.2718894559851771
P2_rgkf,6,SVR,55,0.1,0.1371386620822005
P2_rgkf,6,SVR,57,0.09,0.1282213149631054
P2_rgkf,6,SVR,60,0.02,0.1286121963983182
P2_rgkf,6,SVR,69,0.17,0.1357333900353777
P2_rgkf,6,SVR,81,0.14,0.2090485408800363
P2_rgkf,6,SVR,101,0.2,0.1562664186179119
P2_rgkf,6,SVR,102,0.35,0.3039806862845977
P2_rgkf,6,SVR,103,0.08,0.10298067863956
P2_rgkf,6,GPR,7,0.42,0.4080725141772606
P2_rgkf,6,GPR,8,0.26,0.4080725141772606
P2_rgkf,6,GPR,14,0.48,0.5267070749580905
P2_rgkf,6,GPR,19,0.56,0.6599199547264984
P2_rgkf,6,GPR,24,0.27,0.3267059035568074
P2_rgkf,6,GPR,28,0.38,0.3825886411799619
P2_rgkf,6,GPR,35,0.17,0.1700405538673647
P2_rgkf,6,GPR,36,0.17,0.1700087277086375
P2_rgkf,6,GPR,37,0.13,0.1700405538673647
P2_rgkf,6,GPR,39,0.13,0.1703856452877119
P2_rgkf,6,GPR,48,0.35,0.4164078652285736
P2_rgkf,6,GPR,51,0.23,0.5761008076644623
P2_rgkf,6,GPR,52,0.4,0.6065062674218761
P2_rgkf,6,GPR,53,0.35,0.2296468754786803
P2_rgkf,6,GPR,55,0.1,0.2416350152059296
P2_rgkf,6,GPR,57,0.09,0.0991005211453472
P2_rgkf,6,GPR,60,0.02,0.2346817183075299
P2_rgkf,6,GPR,69,0.17,0.1533944140141902
P2_rgkf,6,GPR,81,0.14,0.1539268137753894
P2_rgkf,6,GPR,101,0.2,0.1761748898400068
P2_rgkf,6,GPR,102,0.35,0.5299872299142442
P2_rgkf,6,GPR,103,0.08,0.0930358699370271
P2_rgkf,6,ANN,7,0.42,0.4302261051367027
P2_rgkf,6,ANN,8,0.26,0.4302261051367027
P2_rgkf,6,ANN,14,0.48,0.478900840126963
P2_rgkf,6,ANN,19,0.56,0.6969872278774201
P2_rgkf,6,ANN,24,0.27,0.3579638878700141
P2_rgkf,6,ANN,28,0.38,0.3990086135353194
P2_rgkf,6,ANN,35,0.17,0.1833898059217446
P2_rgkf,6,ANN,36,0.17,0.1766896006501341
P2_rgkf,6,ANN,37,0.13,0.1833898059217446
P2_rgkf,6,ANN,39,0.13,0.2107236504211999
P2_rgkf,6,ANN,48,0.35,0.3775941324822696
P2_rgkf,6,ANN,51,0.23,0.8021799641839267
P2_rgkf,6,ANN,52,0.4,0.721210140112013
P2_rgkf,6,ANN,53,0.35,0.3833834314941323
P2_rgkf,6,ANN,55,0.1,0.1465019655907147
P2_rgkf,6,ANN,57,0.09,0.1186291885526377
P2_rgkf,6,ANN,60,0.02,0.1371241779263259
P2_rgkf,6,ANN,69,0.17,0.1478543795578208
P2_rgkf,6,ANN,81,0.14,0.1917087860388328
P2_rgkf,6,ANN,101,0.2,0.165910890392072
P2_rgkf,6,ANN,102,0.35,0.2863714654556322
P2_rgkf,6,ANN,103,0.08,0.0955070436718945
P2_rgkf,6,Mean,0,0.37,0.3062650602409639
P2_rgkf,6,Mean,1,0.37,0.3062650602409639
P2_rgkf,6,Mean,3,0.42,0.3062650602409639
P2_rgkf,6,Mean,16,0.96,0.3062650602409639
P2_rgkf,6,Mean,23,0.25,0.3062650602409639
P2_rgkf,6,Mean,31,0.51,0.3062650602409639
P2_rgkf,6,Mean,43,0.16,0.3062650602409639
P2_rgkf,6,Mean,58,0.08,0.3062650602409639
P2_rgkf,6,Mean,61,0.15,0.3062650602409639
P2_rgkf,6,Mean,62,0.19,0.3062650602409639
P2_rgkf,6,Mean,63,0.23,0.3062650602409639
P2_rgkf,6,Mean,64,0.22,0.3062650602409639
P2_rgkf,6,Mean,65,0.24,0.3062650602409639
P2_rgkf,6,Mean,66,0.26,0.3062650602409639
P2_rgkf,6,Mean,67,0.28,0.3062650602409639
P2_rgkf,6,Mean,70,0.14,0.3062650602409639
P2_rgkf,6,Mean,71,0.16,0.3062650602409639
P2_rgkf,6,Mean,76,0.18,0.3062650602409639
P2_rgkf,6,Mean,83,0.15,0.3062650602409639
P2_rgkf,6,Mean,85,0.15,0.3062650602409639
P2_rgkf,6,Mean,86,0.17,0.3062650602409639
P2_rgkf,6,Mean,88,0.22,0.3062650602409639
P2_rgkf,6,Mean,89,0.2,0.3062650602409639
P2_rgkf,6,Mean,94,0.17,0.3062650602409639
P2_rgkf,6,Mean,97,0.47,0.3062650602409639
P2_rgkf,6,Mean,98,0.64,0.3062650602409639
P2_rgkf,6,Mean,104,0.18,0.3062650602409639
P2_rgkf,6,MVR,0,0.37,0.2482874035813181
P2_rgkf,6,MVR,1,0.37,0.2482874035813181
P2_rgkf,6,MVR,3,0.42,0.3399631220846897
P2_rgkf,6,MVR,16,0.96,0.6269062696403848
P2_rgkf,6,MVR,23,0.25,0.1958103504785434
P2_rgkf,6,MVR,31,0.51,0.6237538236613162
P2_rgkf,6,MVR,43,0.16,0.1811978330161317
P2_rgkf,6,MVR,58,0.08,0.0651602321983326
P2_rgkf,6,MVR,61,0.15,0.1639690509025946
P2_rgkf,6,MVR,62,0.19,0.1639690509025946
P2_rgkf,6,MVR,63,0.23,0.1639690509025946
P2_rgkf,6,MVR,64,0.22,0.279097654077541
P2_rgkf,6,MVR,65,0.24,0.279097654077541
P2_rgkf,6,MVR,66,0.26,0.279097654077541
P2_rgkf,6,MVR,67,0.28,0.279097654077541
P2_rgkf,6,MVR,70,0.14,0.0937487516213419
P2_rgkf,6,MVR,71,0.16,0.2301502307112338
P2_rgkf,6,MVR,76,0.18,0.278339282570232
P2_rgkf,6,MVR,83,0.15,0.313647951927589
P2_rgkf,6,MVR,85,0.15,0.1854000153056467
P2_rgkf,6,MVR,86,0.17,0.2601873467368389
P2_rgkf,6,MVR,88,0.22,0.2577818650368274
P2_rgkf,6,MVR,89,0.2,0.1885280787678926
P2_rgkf,6,MVR,94,0.17,0.1547994075233627
P2_rgkf,6,MVR,97,0.47,0.3399631220846897
P2_rgkf,6,MVR,98,0.64,0.5239252639803863
P2_rgkf,6,MVR,104,0.18,0.1639690509025946
P2_rgkf,6,Ridge,0,0.37,0.3585673421974109
P2_rgkf,6,Ridge,1,0.37,0.3585673421974109
P2_rgkf,6,Ridge,3,0.42,0.410152505065081
P2_rgkf,6,Ridge,16,0.96,0.5067896750554942
P2_rgkf,6,Ridge,23,0.25,0.2506523788125379
P2_rgkf,6,Ridge,31,0.51,0.6291627471960104
P2_rgkf,6,Ridge,43,0.16,0.2135472483725801
P2_rgkf,6,Ridge,58,0.08,0.0683674720855909
P2_rgkf,6,Ridge,61,0.15,0.1896822908270246
P2_rgkf,6,Ridge,62,0.19,0.1896822908270246
P2_rgkf,6,Ridge,63,0.23,0.1896822908270246
P2_rgkf,6,Ridge,64,0.22,0.2870127868037607
P2_rgkf,6,Ridge,65,0.24,0.2870127868037607
P2_rgkf,6,Ridge,66,0.26,0.2870127868037607
P2_rgkf,6,Ridge,67,0.28,0.2870127868037607
P2_rgkf,6,Ridge,70,0.14,0.0995352871216834
P2_rgkf,6,Ridge,71,0.16,0.2612108558503465
P2_rgkf,6,Ridge,76,0.18,0.3058090122726807
P2_rgkf,6,Ridge,83,0.15,0.3370603728975337
P2_rgkf,6,Ridge,85,0.15,0.1378767416407344
P2_rgkf,6,Ridge,86,0.17,0.2099013086635191
P2_rgkf,6,Ridge,88,0.22,0.2252081938476256
P2_rgkf,6,Ridge,89,0.2,0.2327315274371725
P2_rgkf,6,Ridge,94,0.17,0.1676145837211315
P2_rgkf,6,Ridge,97,0.47,0.410152505065081
P2_rgkf,6,Ridge,98,0.64,0.5192585383472899
P2_rgkf,6,Ridge,104,0.18,0.1896822908270246
P2_rgkf,6,RF,0,0.37,0.3720748395131806
P2_rgkf,6,RF,1,0.37,0.3720748395131806
P2_rgkf,6,RF,3,0.42,0.3757589224371006
P2_rgkf,6,RF,16,0.96,0.6409929481940353
P2_rgkf,6,RF,23,0.25,0.2952569068326646
P2_rgkf,6,RF,31,0.51,0.5988339095287234
P2_rgkf,6,RF,43,0.16,0.1813788336470607
P2_rgkf,6,RF,58,0.08,0.1020763085086652
P2_rgkf,6,RF,61,0.15,0.1668202269058401
P2_rgkf,6,RF,62,0.19,0.1668202269058401
P2_rgkf,6,RF,63,0.23,0.1668202269058401
P2_rgkf,6,RF,64,0.22,0.1681001041421303
P2_rgkf,6,RF,65,0.24,0.1681001041421303
P2_rgkf,6,RF,66,0.26,0.1681001041421303
P2_rgkf,6,RF,67,0.28,0.1681001041421303
P2_rgkf,6,RF,70,0.14,0.1507421174818024
P2_rgkf,6,RF,71,0.16,0.1786156122275117
P2_rgkf,6,RF,76,0.18,0.1799807941395914
P2_rgkf,6,RF,83,0.15,0.1904382559309239
P2_rgkf,6,RF,85,0.15,0.1811433915326919
P2_rgkf,6,RF,86,0.17,0.1814524618906753
P2_rgkf,6,RF,88,0.22,0.1794532643776867
P2_rgkf,6,RF,89,0.2,0.179671723781608
P2_rgkf,6,RF,94,0.17,0.1774920188093493
P2_rgkf,6,RF,97,0.47,0.3757589224371006
P2_rgkf,6,RF,98,0.64,0.5988153401351543
P2_rgkf,6,RF,104,0.18,0.1668202269058401
P2_rgkf,6,ET,0,0.37,0.371784259259259
P2_rgkf,6,ET,1,0.37,0.371784259259259
P2_rgkf,6,ET,3,0.42,0.3709077777777783
P2_rgkf,6,ET,16,0.96,0.6849791005290999
P2_rgkf,6,ET,23,0.25,0.243849259259259
P2_rgkf,6,ET,31,0.51,0.6029735449735467
P2_rgkf,6,ET,43,0.16,0.1906255555555553
P2_rgkf,6,ET,58,0.08,0.0867505555555559
P2_rgkf,6,ET,61,0.15,0.1968017592592593
P2_rgkf,6,ET,62,0.19,0.1968017592592593
P2_rgkf,6,ET,63,0.23,0.1968017592592593
P2_rgkf,6,ET,64,0.22,0.1940739177489178
P2_rgkf,6,ET,65,0.24,0.1940739177489178
P2_rgkf,6,ET,66,0.26,0.1940739177489178
P2_rgkf,6,ET,67,0.28,0.1940739177489178
P2_rgkf,6,ET,70,0.14,0.156038882275132
P2_rgkf,6,ET,71,0.16,0.2001116865079365
P2_rgkf,6,ET,76,0.18,0.1672686796536792
P2_rgkf,6,ET,83,0.15,0.1935708730158727
P2_rgkf,6,ET,85,0.15,0.1950409788359788
P2_rgkf,6,ET,86,0.17,0.1952177777777778
P2_rgkf,6,ET,88,0.22,0.2033924603174604
P2_rgkf,6,ET,89,0.2,0.2012283333333334
P2_rgkf,6,ET,94,0.17,0.2093754741554739
P2_rgkf,6,ET,97,0.47,0.3709077777777783
P2_rgkf,6,ET,98,0.64,0.6001586507936519
P2_rgkf,6,ET,104,0.18,0.1968017592592593
P2_rgkf,6,XGB,0,0.37,0.3748918175697326
P2_rgkf,6,XGB,1,0.37,0.3748918175697326
P2_rgkf,6,XGB,3,0.42,0.3668060600757599
P2_rgkf,6,XGB,16,0.96,0.5901865363121033
P2_rgkf,6,XGB,23,0.25,0.2707138061523437
P2_rgkf,6,XGB,31,0.51,0.5838322639465332
P2_rgkf,6,XGB,43,0.16,0.1832082867622375
P2_rgkf,6,XGB,58,0.08,0.1237970069050788
P2_rgkf,6,XGB,61,0.15,0.168940395116806
P2_rgkf,6,XGB,62,0.19,0.168940395116806
P2_rgkf,6,XGB,63,0.23,0.168940395116806
P2_rgkf,6,XGB,64,0.22,0.1680063158273697
P2_rgkf,6,XGB,65,0.24,0.1680063158273697
P2_rgkf,6,XGB,66,0.26,0.1680063158273697
P2_rgkf,6,XGB,67,0.28,0.1680063158273697
P2_rgkf,6,XGB,70,0.14,0.1550673693418502
P2_rgkf,6,XGB,71,0.16,0.2045257091522216
P2_rgkf,6,XGB,76,0.18,0.179003968834877
P2_rgkf,6,XGB,83,0.15,0.1759669631719589
P2_rgkf,6,XGB,85,0.15,0.1846156269311905
P2_rgkf,6,XGB,86,0.17,0.1914512515068054
P2_rgkf,6,XGB,88,0.22,0.1930342316627502
P2_rgkf,6,XGB,89,0.2,0.1851604282855987
P2_rgkf,6,XGB,94,0.17,0.1835212558507919
P2_rgkf,6,XGB,97,0.47,0.3668060600757599
P2_rgkf,6,XGB,98,0.64,0.5890843272209167
P2_rgkf,6,XGB,104,0.18,0.168940395116806
P2_rgkf,6,LGBM,0,0.37,0.3451553458653509
P2_rgkf,6,LGBM,1,0.37,0.3451553458653509
P2_rgkf,6,LGBM,3,0.42,0.3669016986997749
P2_rgkf,6,LGBM,16,0.96,0.6338306143512878
P2_rgkf,6,LGBM,23,0.25,0.2654509218734214
P2_rgkf,6,LGBM,31,0.51,0.6064197505099083
P2_rgkf,6,LGBM,43,0.16,0.2015567677750309
P2_rgkf,6,LGBM,58,0.08,0.1037330453765994
P2_rgkf,6,LGBM,61,0.15,0.1812914061290429
P2_rgkf,6,LGBM,62,0.19,0.1812914061290429
P2_rgkf,6,LGBM,63,0.23,0.1812914061290429
P2_rgkf,6,LGBM,64,0.22,0.190420971882493
P2_rgkf,6,LGBM,65,0.24,0.190420971882493
P2_rgkf,6,LGBM,66,0.26,0.190420971882493
P2_rgkf,6,LGBM,67,0.28,0.190420971882493
P2_rgkf,6,LGBM,70,0.14,0.1653328276889151
P2_rgkf,6,LGBM,71,0.16,0.2037086169921632
P2_rgkf,6,LGBM,76,0.18,0.1643787624843188
P2_rgkf,6,LGBM,83,0.15,0.1614336525344592
P2_rgkf,6,LGBM,85,0.15,0.1588541646417149
P2_rgkf,6,LGBM,86,0.17,0.1774461177141128
P2_rgkf,6,LGBM,88,0.22,0.2022172210279062
P2_rgkf,6,LGBM,89,0.2,0.195282162502421
P2_rgkf,6,LGBM,94,0.17,0.1944194326313675
P2_rgkf,6,LGBM,97,0.47,0.3669016986997749
P2_rgkf,6,LGBM,98,0.64,0.5964141644972443
P2_rgkf,6,LGBM,104,0.18,0.1812914061290429
P2_rgkf,6,CatB,0,0.37,0.3684834265432537
P2_rgkf,6,CatB,1,0.37,0.3684834265432537
P2_rgkf,6,CatB,3,0.42,0.3816848837795156
P2_rgkf,6,CatB,16,0.96,0.6417079201401517
P2_rgkf,6,CatB,23,0.25,0.2634613879359369
P2_rgkf,6,CatB,31,0.51,0.5951958566297344
P2_rgkf,6,CatB,43,0.16,0.1965054862255738
P2_rgkf,6,CatB,58,0.08,0.1007246767327886
P2_rgkf,6,CatB,61,0.15,0.206171477570661
P2_rgkf,6,CatB,62,0.19,0.206171477570661
P2_rgkf,6,CatB,63,0.23,0.206171477570661
P2_rgkf,6,CatB,64,0.22,0.2223643954843776
P2_rgkf,6,CatB,65,0.24,0.2223643954843776
P2_rgkf,6,CatB,66,0.26,0.2223643954843776
P2_rgkf,6,CatB,67,0.28,0.2223643954843776
P2_rgkf,6,CatB,70,0.14,0.1704475164025168
P2_rgkf,6,CatB,71,0.16,0.2328263291420878
P2_rgkf,6,CatB,76,0.18,0.1727457780653182
P2_rgkf,6,CatB,83,0.15,0.1757510326487406
P2_rgkf,6,CatB,85,0.15,0.1935905383626191
P2_rgkf,6,CatB,86,0.17,0.2047034101065839
P2_rgkf,6,CatB,88,0.22,0.1993708961227567
P2_rgkf,6,CatB,89,0.2,0.19995146421185
P2_rgkf,6,CatB,94,0.17,0.1882049817257614
P2_rgkf,6,CatB,97,0.47,0.3816848837795156
P2_rgkf,6,CatB,98,0.64,0.5890625646105343
P2_rgkf,6,CatB,104,0.18,0.206171477570661
P2_rgkf,6,SVR,0,0.37,0.3244587131517972
P2_rgkf,6,SVR,1,0.37,0.3244587131517972
P2_rgkf,6,SVR,3,0.42,0.4135805495853407
P2_rgkf,6,SVR,16,0.96,0.6670687150276181
P2_rgkf,6,SVR,23,0.25,0.2352906600833273
P2_rgkf,6,SVR,31,0.51,0.5431987880159406
P2_rgkf,6,SVR,43,0.16,0.1941975742556427
P2_rgkf,6,SVR,58,0.08,0.0900956116725472
P2_rgkf,6,SVR,61,0.15,0.1544972042449858
P2_rgkf,6,SVR,62,0.19,0.1544972042449858
P2_rgkf,6,SVR,63,0.23,0.1544972042449858
P2_rgkf,6,SVR,64,0.22,0.1512179490750616
P2_rgkf,6,SVR,65,0.24,0.1512179490750616
P2_rgkf,6,SVR,66,0.26,0.1512179490750616
P2_rgkf,6,SVR,67,0.28,0.1512179490750616
P2_rgkf,6,SVR,70,0.14,0.1656867651483718
P2_rgkf,6,SVR,71,0.16,0.3017018621684539
P2_rgkf,6,SVR,76,0.18,0.1660611757476997
P2_rgkf,6,SVR,83,0.15,0.2859537638289986
P2_rgkf,6,SVR,85,0.15,0.1296048633718654
P2_rgkf,6,SVR,86,0.17,0.1905885176480004
P2_rgkf,6,SVR,88,0.22,0.2216217378690585
P2_rgkf,6,SVR,89,0.2,0.1957511635185266
P2_rgkf,6,SVR,94,0.17,0.1657870516847233
P2_rgkf,6,SVR,97,0.47,0.4135805495853407
P2_rgkf,6,SVR,98,0.64,0.640932324522408
P2_rgkf,6,SVR,104,0.18,0.1544972042449858
P2_rgkf,6,GPR,0,0.37,0.3636700993785458
P2_rgkf,6,GPR,1,0.37,0.3636700993785458
P2_rgkf,6,GPR,3,0.42,0.3782662157124082
P2_rgkf,6,GPR,16,0.96,0.6888574052156184
P2_rgkf,6,GPR,23,0.25,0.2616233395517476
P2_rgkf,6,GPR,31,0.51,0.5847998366074114
P2_rgkf,6,GPR,43,0.16,0.1906506060333628
P2_rgkf,6,GPR,58,0.08,0.0856682947545183
P2_rgkf,6,GPR,61,0.15,0.2188603603850186
P2_rgkf,6,GPR,62,0.19,0.2188603603850186
P2_rgkf,6,GPR,63,0.23,0.2188603603850186
P2_rgkf,6,GPR,64,0.22,0.2630119542867976
P2_rgkf,6,GPR,65,0.24,0.2630119542867976
P2_rgkf,6,GPR,66,0.26,0.2630119542867976
P2_rgkf,6,GPR,67,0.28,0.2630119542867976
P2_rgkf,6,GPR,70,0.14,0.1538879676868185
P2_rgkf,6,GPR,71,0.16,0.1497931945831579
P2_rgkf,6,GPR,76,0.18,0.1823435425520777
P2_rgkf,6,GPR,83,0.15,0.2349426898422759
P2_rgkf,6,GPR,85,0.15,0.1767997834671054
P2_rgkf,6,GPR,86,0.17,0.1893470721301502
P2_rgkf,6,GPR,88,0.22,0.190214838110599
P2_rgkf,6,GPR,89,0.2,0.1740580938297372
P2_rgkf,6,GPR,94,0.17,0.1899548462750618
P2_rgkf,6,GPR,97,0.47,0.3782662157124082
P2_rgkf,6,GPR,98,0.64,0.6108476081838209
P2_rgkf,6,GPR,104,0.18,0.2188603603850185
P2_rgkf,6,ANN,0,0.37,0.3088462289384714
P2_rgkf,6,ANN,1,0.37,0.3088462289384714
P2_rgkf,6,ANN,3,0.42,0.3709808414359216
P2_rgkf,6,ANN,16,0.96,0.6383213722848583
P2_rgkf,6,ANN,23,0.25,0.2363644255461444
P2_rgkf,6,ANN,31,0.51,0.6204444019400548
P2_rgkf,6,ANN,43,0.16,0.1891625119218603
P2_rgkf,6,ANN,58,0.08,0.0861156216423203
P2_rgkf,6,ANN,61,0.15,0.1512535003036136
P2_rgkf,6,ANN,62,0.19,0.1512535003036136
P2_rgkf,6,ANN,63,0.23,0.1512535003036136
P2_rgkf,6,ANN,64,0.22,0.166569788808598
P2_rgkf,6,ANN,65,0.24,0.166569788808598
P2_rgkf,6,ANN,66,0.26,0.166569788808598
P2_rgkf,6,ANN,67,0.28,0.166569788808598
P2_rgkf,6,ANN,70,0.14,0.1072539599945065
P2_rgkf,6,ANN,71,0.16,0.2691485072891649
P2_rgkf,6,ANN,76,0.18,0.2098805375087081
P2_rgkf,6,ANN,83,0.15,0.1819338101507349
P2_rgkf,6,ANN,85,0.15,0.1315305882076434
P2_rgkf,6,ANN,86,0.17,0.1933353749508754
P2_rgkf,6,ANN,88,0.22,0.2084903541066218
P2_rgkf,6,ANN,89,0.2,0.1825667493658894
P2_rgkf,6,ANN,94,0.17,0.1655551408767876
P2_rgkf,6,ANN,97,0.47,0.3709808414359216
P2_rgkf,6,ANN,98,0.64,0.6239772930582351
P2_rgkf,6,ANN,104,0.18,0.1512535003036136
P2_rgkf,6,Mean,5,0.37,0.2878888888888889
P2_rgkf,6,Mean,6,0.64,0.2878888888888889
P2_rgkf,6,Mean,10,0.31,0.2878888888888889
P2_rgkf,6,Mean,11,0.38,0.2878888888888889
P2_rgkf,6,Mean,20,0.74,0.2878888888888889
P2_rgkf,6,Mean,22,0.23,0.2878888888888889
P2_rgkf,6,Mean,30,0.54,0.2878888888888889
P2_rgkf,6,Mean,32,0.64,0.2878888888888889
P2_rgkf,6,Mean,34,0.69,0.2878888888888889
P2_rgkf,6,Mean,40,0.15,0.2878888888888889
P2_rgkf,6,Mean,41,0.18,0.2878888888888889
P2_rgkf,6,Mean,42,0.19,0.2878888888888889
P2_rgkf,6,Mean,49,0.55,0.2878888888888889
P2_rgkf,6,Mean,54,0.29,0.2878888888888889
P2_rgkf,6,Mean,74,0.15,0.2878888888888889
P2_rgkf,6,Mean,75,0.19,0.2878888888888889
P2_rgkf,6,Mean,79,0.2,0.2878888888888889
P2_rgkf,6,Mean,80,0.15,0.2878888888888889
P2_rgkf,6,Mean,92,0.14,0.2878888888888889
P2_rgkf,6,Mean,95,0.3,0.2878888888888889
P2_rgkf,6,MVR,5,0.37,0.6640600599934106
P2_rgkf,6,MVR,6,0.64,0.5665875739027149
P2_rgkf,6,MVR,10,0.31,0.5729658737187131
P2_rgkf,6,MVR,11,0.38,0.5729658737187131
P2_rgkf,6,MVR,20,0.74,0.6509334970714399
P2_rgkf,6,MVR,22,0.23,0.2107888757828615
P2_rgkf,6,MVR,30,0.54,0.656000837651032
P2_rgkf,6,MVR,32,0.64,0.8712047281465842
P2_rgkf,6,MVR,34,0.69,0.5765684794827601
P2_rgkf,6,MVR,40,0.15,0.2677757222901142
P2_rgkf,6,MVR,41,0.18,0.1449649706904568
P2_rgkf,6,MVR,42,0.19,0.2155233710608908
P2_rgkf,6,MVR,49,0.55,0.2414446278603325
P2_rgkf,6,MVR,54,0.29,0.2390590785339747
P2_rgkf,6,MVR,74,0.15,0.2157324003806881
P2_rgkf,6,MVR,75,0.19,0.2089541120131702
P2_rgkf,6,MVR,79,0.2,0.2725456984114705
P2_rgkf,6,MVR,80,0.15,0.2108780945402943
P2_rgkf,6,MVR,92,0.14,0.160554314714258
P2_rgkf,6,MVR,95,0.3,0.2440688651515005
P2_rgkf,6,Ridge,5,0.37,0.5338160017211633
P2_rgkf,6,Ridge,6,0.64,0.505559573030904
P2_rgkf,6,Ridge,10,0.31,0.508141887383063
P2_rgkf,6,Ridge,11,0.38,0.508141887383063
P2_rgkf,6,Ridge,20,0.74,0.5318680384282669
P2_rgkf,6,Ridge,22,0.23,0.2758425529792644
P2_rgkf,6,Ridge,30,0.54,0.6701483939103281
P2_rgkf,6,Ridge,32,0.64,0.7976675979604172
P2_rgkf,6,Ridge,34,0.69,0.611653086756167
P2_rgkf,6,Ridge,40,0.15,0.2777712907838006
P2_rgkf,6,Ridge,41,0.18,0.1390388945514246
P2_rgkf,6,Ridge,42,0.19,0.2182997184285238
P2_rgkf,6,Ridge,49,0.55,0.2993991687927686
P2_rgkf,6,Ridge,54,0.29,0.2850987689795697
P2_rgkf,6,Ridge,74,0.15,0.2331435360786192
P2_rgkf,6,Ridge,75,0.19,0.2317224032033091
P2_rgkf,6,Ridge,79,0.2,0.3051878925212343
P2_rgkf,6,Ridge,80,0.15,0.2188963843143797
P2_rgkf,6,Ridge,92,0.14,0.179581879165004
P2_rgkf,6,Ridge,95,0.3,0.2572381054588258
P2_rgkf,6,RF,5,0.37,0.495822095959596
P2_rgkf,6,RF,6,0.64,0.4429157467532468
P2_rgkf,6,RF,10,0.31,0.4394547997835502
P2_rgkf,6,RF,11,0.38,0.4394547997835502
P2_rgkf,6,RF,20,0.74,0.615771082251082
P2_rgkf,6,RF,22,0.23,0.276858115079365
P2_rgkf,6,RF,30,0.54,0.5720147222222224
P2_rgkf,6,RF,32,0.64,0.576976388888889
P2_rgkf,6,RF,34,0.69,0.5681407142857142
P2_rgkf,6,RF,40,0.15,0.2138334604978356
P2_rgkf,6,RF,41,0.18,0.1604843381654895
P2_rgkf,6,RF,42,0.19,0.2012389682539683
P2_rgkf,6,RF,49,0.55,0.447452251082251
P2_rgkf,6,RF,54,0.29,0.2887187590187594
P2_rgkf,6,RF,74,0.15,0.1662899016955266
P2_rgkf,6,RF,75,0.19,0.1642610822510821
P2_rgkf,6,RF,79,0.2,0.1673395102813852
P2_rgkf,6,RF,80,0.15,0.1638214817821068
P2_rgkf,6,RF,92,0.14,0.1803320454545455
P2_rgkf,6,RF,95,0.3,0.1730358288239539
P2_rgkf,6,ET,5,0.37,0.4591078995310257
P2_rgkf,6,ET,6,0.64,0.4337336422778606
P2_rgkf,6,ET,10,0.31,0.4181211422778592
P2_rgkf,6,ET,11,0.38,0.4181211422778592
P2_rgkf,6,ET,20,0.74,0.533587485119047
P2_rgkf,6,ET,22,0.23,0.2517566789215686
P2_rgkf,6,ET,30,0.54,0.512246205357138
P2_rgkf,6,ET,32,0.64,0.5366205059523758
P2_rgkf,6,ET,34,0.69,0.537044387175329
P2_rgkf,6,ET,40,0.15,0.1719492983660526
P2_rgkf,6,ET,41,0.18,0.1786570347496214
P2_rgkf,6,ET,42,0.19,0.1815164282372774
P2_rgkf,6,ET,49,0.55,0.5310121800595224
P2_rgkf,6,ET,54,0.29,0.3189821123321088
P2_rgkf,6,ET,74,0.15,0.1653313816605538
P2_rgkf,6,ET,75,0.19,0.1629449093134565
P2_rgkf,6,ET,79,0.2,0.165718680054697
P2_rgkf,6,ET,80,0.15,0.16430195007021
P2_rgkf,6,ET,92,0.14,0.1906922393388434
P2_rgkf,6,ET,95,0.3,0.1810802111705035
P2_rgkf,6,XGB,5,0.37,0.4786564409732818
P2_rgkf,6,XGB,6,0.64,0.401414692401886
P2_rgkf,6,XGB,10,0.31,0.4320294559001922
P2_rgkf,6,XGB,11,0.38,0.4320294559001922
P2_rgkf,6,XGB,20,0.74,0.5181938409805298
P2_rgkf,6,XGB,22,0.23,0.2317238599061966
P2_rgkf,6,XGB,30,0.54,0.5323622226715088
P2_rgkf,6,XGB,32,0.64,0.574369490146637
P2_rgkf,6,XGB,34,0.69,0.5351132154464722
P2_rgkf,6,XGB,40,0.15,0.2103935927152633
P2_rgkf,6,XGB,41,0.18,0.1860837638378143
P2_rgkf,6,XGB,42,0.19,0.1752087622880935
P2_rgkf,6,XGB,49,0.55,0.6054595112800598
P2_rgkf,6,XGB,54,0.29,0.2922229468822479
P2_rgkf,6,XGB,74,0.15,0.1481985002756118
P2_rgkf,6,XGB,75,0.19,0.1425212770700454
P2_rgkf,6,XGB,79,0.2,0.131507322192192
P2_rgkf,6,XGB,80,0.15,0.1338347345590591
P2_rgkf,6,XGB,92,0.14,0.1831607222557068
P2_rgkf,6,XGB,95,0.3,0.1955510228872299
P2_rgkf,6,LGBM,5,0.37,0.4384857464991926
P2_rgkf,6,LGBM,6,0.64,0.3780167324702024
P2_rgkf,6,LGBM,10,0.31,0.3895621789458072
P2_rgkf,6,LGBM,11,0.38,0.3895621789458072
P2_rgkf,6,LGBM,20,0.74,0.5892323851278274
P2_rgkf,6,LGBM,22,0.23,0.2488409460335958
P2_rgkf,6,LGBM,30,0.54,0.5464092845537456
P2_rgkf,6,LGBM,32,0.64,0.5464092845537456
P2_rgkf,6,LGBM,34,0.69,0.5173017523072834
P2_rgkf,6,LGBM,40,0.15,0.2137124994693587
P2_rgkf,6,LGBM,41,0.18,0.1818065701777907
P2_rgkf,6,LGBM,42,0.19,0.1948242226266935
P2_rgkf,6,LGBM,49,0.55,0.571772244352827
P2_rgkf,6,LGBM,54,0.29,0.3119745690435223
P2_rgkf,6,LGBM,74,0.15,0.1715262190992841
P2_rgkf,6,LGBM,75,0.19,0.1566417309058226
P2_rgkf,6,LGBM,79,0.2,0.105200087098176
P2_rgkf,6,LGBM,80,0.15,0.1667530015524921
P2_rgkf,6,LGBM,92,0.14,0.186962165529127
P2_rgkf,6,LGBM,95,0.3,0.1892299775189198
P2_rgkf,6,CatB,5,0.37,0.4945332335426504
P2_rgkf,6,CatB,6,0.64,0.4294804988348801
P2_rgkf,6,CatB,10,0.31,0.399805462982845
P2_rgkf,6,CatB,11,0.38,0.399805462982845
P2_rgkf,6,CatB,20,0.74,0.532458390710581
P2_rgkf,6,CatB,22,0.23,0.2527641444363611
P2_rgkf,6,CatB,30,0.54,0.5113312340122357
P2_rgkf,6,CatB,32,0.64,0.5618262302669066
P2_rgkf,6,CatB,34,0.69,0.5332647850659175
P2_rgkf,6,CatB,40,0.15,0.1636592671557865
P2_rgkf,6,CatB,41,0.18,0.1764824393336402
P2_rgkf,6,CatB,42,0.19,0.1666504070793114
P2_rgkf,6,CatB,49,0.55,0.6563984578390403
P2_rgkf,6,CatB,54,0.29,0.2714727582829164
P2_rgkf,6,CatB,74,0.15,0.1718983340257104
P2_rgkf,6,CatB,75,0.19,0.1715537438147631
P2_rgkf,6,CatB,79,0.2,0.1524026452309222
P2_rgkf,6,CatB,80,0.15,0.1779807999888183
P2_rgkf,6,CatB,92,0.14,0.1737364611468582
P2_rgkf,6,CatB,95,0.3,0.1929075014933797
P2_rgkf,6,SVR,5,0.37,0.4450213232109873
P2_rgkf,6,SVR,6,0.64,0.424328032593471
P2_rgkf,6,SVR,10,0.31,0.4303793345665295
P2_rgkf,6,SVR,11,0.38,0.4303793345665295
P2_rgkf,6,SVR,20,0.74,0.5115374598083992
P2_rgkf,6,SVR,22,0.23,0.246001832230648
P2_rgkf,6,SVR,30,0.54,0.5109142469771824
P2_rgkf,6,SVR,32,0.64,0.3193850880255832
P2_rgkf,6,SVR,34,0.69,0.5454516737949945
P2_rgkf,6,SVR,40,0.15,0.1434499336067243
P2_rgkf,6,SVR,41,0.18,0.2055882666551536
P2_rgkf,6,SVR,42,0.19,0.1552414649583503
P2_rgkf,6,SVR,49,0.55,0.4457498962310544
P2_rgkf,6,SVR,54,0.29,0.22037550792158
P2_rgkf,6,SVR,74,0.15,0.1431469213155144
P2_rgkf,6,SVR,75,0.19,0.1469640287385988
P2_rgkf,6,SVR,79,0.2,0.1191015052551988
P2_rgkf,6,SVR,80,0.15,0.1486002941923004
P2_rgkf,6,SVR,92,0.14,0.1422018128483313
P2_rgkf,6,SVR,95,0.3,0.1571875608753309
P2_rgkf,6,GPR,5,0.37,0.3883475381519093
P2_rgkf,6,GPR,6,0.64,0.388982852478347
P2_rgkf,6,GPR,10,0.31,0.3859561781479445
P2_rgkf,6,GPR,11,0.38,0.3859561781479445
P2_rgkf,6,GPR,20,0.74,0.546841952322218
P2_rgkf,6,GPR,22,0.23,0.2675931363693247
P2_rgkf,6,GPR,30,0.54,0.5207624932159907
P2_rgkf,6,GPR,32,0.64,0.5217361018745695
P2_rgkf,6,GPR,34,0.69,0.5201162243307975
P2_rgkf,6,GPR,40,0.15,0.1529038916872545
P2_rgkf,6,GPR,41,0.18,0.1835609024552517
P2_rgkf,6,GPR,42,0.19,0.1825960382464216
P2_rgkf,6,GPR,49,0.55,0.3891431272901999
P2_rgkf,6,GPR,54,0.29,0.3087666507156761
P2_rgkf,6,GPR,74,0.15,0.1465630180070196
P2_rgkf,6,GPR,75,0.19,0.1525523698534113
P2_rgkf,6,GPR,79,0.2,0.1757444678924541
P2_rgkf,6,GPR,80,0.15,0.1360940900341254
P2_rgkf,6,GPR,92,0.14,0.1696990940350778
P2_rgkf,6,GPR,95,0.3,0.1595108268809162
P2_rgkf,6,ANN,5,0.37,0.5499349594220437
P2_rgkf,6,ANN,6,0.64,0.4499694283504757
P2_rgkf,6,ANN,10,0.31,0.4571710393867384
P2_rgkf,6,ANN,11,0.38,0.4571710393867384
P2_rgkf,6,ANN,20,0.74,0.5099714304914413
P2_rgkf,6,ANN,22,0.23,0.2487943087947651
P2_rgkf,6,ANN,30,0.54,0.5066117288900991
P2_rgkf,6,ANN,32,0.64,0.5172268113553721
P2_rgkf,6,ANN,34,0.69,0.5308211788910211
P2_rgkf,6,ANN,40,0.15,0.2147747286757575
P2_rgkf,6,ANN,41,0.18,0.1737912661093899
P2_rgkf,6,ANN,42,0.19,0.152387374856529
P2_rgkf,6,ANN,49,0.55,0.3189035527199968
P2_rgkf,6,ANN,54,0.29,0.2601532960590969
P2_rgkf,6,ANN,74,0.15,0.1461986620852246
P2_rgkf,6,ANN,75,0.19,0.1297028609766261
P2_rgkf,6,ANN,79,0.2,0.155879380060001
P2_rgkf,6,ANN,80,0.15,0.1570239130452414
P2_rgkf,6,ANN,92,0.14,0.1659163175113924
P2_rgkf,6,ANN,95,0.3,0.2248665356275408
P2_rgkf,7,Mean,19,0.56,0.31
P2_rgkf,7,Mean,23,0.25,0.31
P2_rgkf,7,Mean,25,0.3,0.31
P2_rgkf,7,Mean,27,0.37,0.31
P2_rgkf,7,Mean,39,0.13,0.31
P2_rgkf,7,Mean,42,0.19,0.31
P2_rgkf,7,Mean,45,0.21,0.31
P2_rgkf,7,Mean,46,0.44,0.31
P2_rgkf,7,Mean,47,0.76,0.31
P2_rgkf,7,Mean,48,0.35,0.31
P2_rgkf,7,Mean,52,0.4,0.31
P2_rgkf,7,Mean,56,0.09,0.31
P2_rgkf,7,Mean,61,0.15,0.31
P2_rgkf,7,Mean,62,0.19,0.31
P2_rgkf,7,Mean,63,0.23,0.31
P2_rgkf,7,Mean,64,0.22,0.31
P2_rgkf,7,Mean,65,0.24,0.31
P2_rgkf,7,Mean,66,0.26,0.31
P2_rgkf,7,Mean,67,0.28,0.31
P2_rgkf,7,Mean,70,0.14,0.31
P2_rgkf,7,Mean,71,0.16,0.31
P2_rgkf,7,Mean,101,0.2,0.31
P2_rgkf,7,Mean,102,0.35,0.31
P2_rgkf,7,Mean,103,0.08,0.31
P2_rgkf,7,Mean,104,0.18,0.31
P2_rgkf,7,Mean,106,0.17,0.31
P2_rgkf,7,MVR,19,0.56,0.6365310660967493
P2_rgkf,7,MVR,23,0.25,0.1953197430858
P2_rgkf,7,MVR,25,0.3,0.2026477770021633
P2_rgkf,7,MVR,27,0.37,0.2717449249767105
P2_rgkf,7,MVR,39,0.13,0.2310871318412061
P2_rgkf,7,MVR,42,0.19,0.2130166114121565
P2_rgkf,7,MVR,45,0.21,0.17361327316161
P2_rgkf,7,MVR,46,0.44,0.2020886690080629
P2_rgkf,7,MVR,47,0.76,0.1839305840256944
P2_rgkf,7,MVR,48,0.35,0.239814733014174
P2_rgkf,7,MVR,52,0.4,0.2398445189980598
P2_rgkf,7,MVR,56,0.09,0.0652930442941488
P2_rgkf,7,MVR,61,0.15,0.156294506956981
P2_rgkf,7,MVR,62,0.19,0.156294506956981
P2_rgkf,7,MVR,63,0.23,0.156294506956981
P2_rgkf,7,MVR,64,0.22,0.2445718805436097
P2_rgkf,7,MVR,65,0.24,0.2445718805436097
P2_rgkf,7,MVR,66,0.26,0.2445718805436097
P2_rgkf,7,MVR,67,0.28,0.2445718805436097
P2_rgkf,7,MVR,70,0.14,0.0946913144455522
P2_rgkf,7,MVR,71,0.16,0.2133635549229562
P2_rgkf,7,MVR,101,0.2,0.1623835341915667
P2_rgkf,7,MVR,102,0.35,0.164569544976361
P2_rgkf,7,MVR,103,0.08,0.061068557931582
P2_rgkf,7,MVR,104,0.18,0.156294506956981
P2_rgkf,7,MVR,106,0.17,0.1521318075184695
P2_rgkf,7,Ridge,19,0.56,0.5414204689103916
P2_rgkf,7,Ridge,23,0.25,0.2531297944592726
P2_rgkf,7,Ridge,25,0.3,0.2660543935521068
P2_rgkf,7,Ridge,27,0.37,0.3394536037405407
P2_rgkf,7,Ridge,39,0.13,0.258919193706616
P2_rgkf,7,Ridge,42,0.19,0.2179918413611774
P2_rgkf,7,Ridge,45,0.21,0.1674552439287439
P2_rgkf,7,Ridge,46,0.44,0.2481425058808515
P2_rgkf,7,Ridge,47,0.76,0.2206558963321531
P2_rgkf,7,Ridge,48,0.35,0.2966560261035809
P2_rgkf,7,Ridge,52,0.4,0.2960530045558834
P2_rgkf,7,Ridge,56,0.09,0.0767345511078249
P2_rgkf,7,Ridge,61,0.15,0.1794228184969498
P2_rgkf,7,Ridge,62,0.19,0.1794228184969498
P2_rgkf,7,Ridge,63,0.23,0.1794228184969498
P2_rgkf,7,Ridge,64,0.22,0.2848168210802939
P2_rgkf,7,Ridge,65,0.24,0.2848168210802939
P2_rgkf,7,Ridge,66,0.26,0.2848168210802939
P2_rgkf,7,Ridge,67,0.28,0.2848168210802939
P2_rgkf,7,Ridge,70,0.14,0.0674382445783716
P2_rgkf,7,Ridge,71,0.16,0.2388927788679151
P2_rgkf,7,Ridge,101,0.2,0.1663614381372013
P2_rgkf,7,Ridge,102,0.35,0.1791647860984057
P2_rgkf,7,Ridge,103,0.08,0.0711683368773533
P2_rgkf,7,Ridge,104,0.18,0.1794228184969498
P2_rgkf,7,Ridge,106,0.17,0.1618040755954634
P2_rgkf,7,RF,19,0.56,0.6485108651560857
P2_rgkf,7,RF,23,0.25,0.2791395855944462
P2_rgkf,7,RF,25,0.3,0.3035052874510087
P2_rgkf,7,RF,27,0.37,0.3899101358474734
P2_rgkf,7,RF,39,0.13,0.1790448661490196
P2_rgkf,7,RF,42,0.19,0.196701625874483
P2_rgkf,7,RF,45,0.21,0.1932708206705069
P2_rgkf,7,RF,46,0.44,0.3254799349761696
P2_rgkf,7,RF,47,0.76,0.3278999349761696
P2_rgkf,7,RF,48,0.35,0.3300855218644395
P2_rgkf,7,RF,52,0.4,0.2988650378589327
P2_rgkf,7,RF,56,0.09,0.1097605756269688
P2_rgkf,7,RF,61,0.15,0.172629747839715
P2_rgkf,7,RF,62,0.19,0.172629747839715
P2_rgkf,7,RF,63,0.23,0.172629747839715
P2_rgkf,7,RF,64,0.22,0.1730161320695203
P2_rgkf,7,RF,65,0.24,0.1730161320695203
P2_rgkf,7,RF,66,0.26,0.1730161320695203
P2_rgkf,7,RF,67,0.28,0.1730161320695203
P2_rgkf,7,RF,70,0.14,0.1516264524218953
P2_rgkf,7,RF,71,0.16,0.1792926042957182
P2_rgkf,7,RF,101,0.2,0.1791135879161363
P2_rgkf,7,RF,102,0.35,0.3275887613219252
P2_rgkf,7,RF,103,0.08,0.1097605756269688
P2_rgkf,7,RF,104,0.18,0.172629747839715
P2_rgkf,7,RF,106,0.17,0.1829012716848481
P2_rgkf,7,ET,19,0.56,0.6721443689643678
P2_rgkf,7,ET,23,0.25,0.2516666567460318
P2_rgkf,7,ET,25,0.3,0.2829121431713719
P2_rgkf,7,ET,27,0.37,0.3982365711739238
P2_rgkf,7,ET,39,0.13,0.1793759750525093
P2_rgkf,7,ET,42,0.19,0.182198425778404
P2_rgkf,7,ET,45,0.21,0.2016103192254937
P2_rgkf,7,ET,46,0.44,0.2546464822894537
P2_rgkf,7,ET,47,0.76,0.3075693332907911
P2_rgkf,7,ET,48,0.35,0.3297490876327251
P2_rgkf,7,ET,52,0.4,0.2981886635821473
P2_rgkf,7,ET,56,0.09,0.0881552644036179
P2_rgkf,7,ET,61,0.15,0.2054553165815373
P2_rgkf,7,ET,62,0.19,0.2054553165815373
P2_rgkf,7,ET,63,0.23,0.2054553165815373
P2_rgkf,7,ET,64,0.22,0.2142439540701379
P2_rgkf,7,ET,65,0.24,0.2142439540701379
P2_rgkf,7,ET,66,0.26,0.2142439540701379
P2_rgkf,7,ET,67,0.28,0.2142439540701379
P2_rgkf,7,ET,70,0.14,0.1688501694567781
P2_rgkf,7,ET,71,0.16,0.2019908550648753
P2_rgkf,7,ET,101,0.2,0.1821599515350483
P2_rgkf,7,ET,102,0.35,0.2379821112335602
P2_rgkf,7,ET,103,0.08,0.084955264403618
P2_rgkf,7,ET,104,0.18,0.2054553165815373
P2_rgkf,7,ET,106,0.17,0.1848108096765396
P2_rgkf,7,XGB,19,0.56,0.7052406668663025
P2_rgkf,7,XGB,23,0.25,0.2338323444128036
P2_rgkf,7,XGB,25,0.3,0.2643861770629883
P2_rgkf,7,XGB,27,0.37,0.4012073874473572
P2_rgkf,7,XGB,39,0.13,0.1524634510278701
P2_rgkf,7,XGB,42,0.19,0.1694058626890182
P2_rgkf,7,XGB,45,0.21,0.1800192594528198
P2_rgkf,7,XGB,46,0.44,0.2431902289390564
P2_rgkf,7,XGB,47,0.76,0.2708451747894287
P2_rgkf,7,XGB,48,0.35,0.2910082936286926
P2_rgkf,7,XGB,52,0.4,0.3744573295116424
P2_rgkf,7,XGB,56,0.09,0.0515419766306877
P2_rgkf,7,XGB,61,0.15,0.1263116151094436
P2_rgkf,7,XGB,62,0.19,0.1263116151094436
P2_rgkf,7,XGB,63,0.23,0.1263116151094436
P2_rgkf,7,XGB,64,0.22,0.1453242599964141
P2_rgkf,7,XGB,65,0.24,0.1453242599964141
P2_rgkf,7,XGB,66,0.26,0.1453242599964141
P2_rgkf,7,XGB,67,0.28,0.1453242599964141
P2_rgkf,7,XGB,70,0.14,0.1345203965902328
P2_rgkf,7,XGB,71,0.16,0.2524475753307342
P2_rgkf,7,XGB,101,0.2,0.2409562170505523
P2_rgkf,7,XGB,102,0.35,0.2104536443948745
P2_rgkf,7,XGB,103,0.08,0.0847093686461448
P2_rgkf,7,XGB,104,0.18,0.1263116151094436
P2_rgkf,7,XGB,106,0.17,0.182429164648056
P2_rgkf,7,LGBM,19,0.56,0.7298239678220919
P2_rgkf,7,LGBM,23,0.25,0.2297389301183463
P2_rgkf,7,LGBM,25,0.3,0.2808256976606121
P2_rgkf,7,LGBM,27,0.37,0.392804416888559
P2_rgkf,7,LGBM,39,0.13,0.1555258381798477
P2_rgkf,7,LGBM,42,0.19,0.1490406225335322
P2_rgkf,7,LGBM,45,0.21,0.1827926384307624
P2_rgkf,7,LGBM,46,0.44,0.2418154762547704
P2_rgkf,7,LGBM,47,0.76,0.2915821416691489
P2_rgkf,7,LGBM,48,0.35,0.2933332413033614
P2_rgkf,7,LGBM,52,0.4,0.3719023903923411
P2_rgkf,7,LGBM,56,0.09,0.0833022433918118
P2_rgkf,7,LGBM,61,0.15,0.0995210651829166
P2_rgkf,7,LGBM,62,0.19,0.0995210651829166
P2_rgkf,7,LGBM,63,0.23,0.0995210651829166
P2_rgkf,7,LGBM,64,0.22,0.1170000435354055
P2_rgkf,7,LGBM,65,0.24,0.1170000435354055
P2_rgkf,7,LGBM,66,0.26,0.1170000435354055
P2_rgkf,7,LGBM,67,0.28,0.1170000435354055
P2_rgkf,7,LGBM,70,0.14,0.1047015079132198
P2_rgkf,7,LGBM,71,0.16,0.3074277404582534
P2_rgkf,7,LGBM,101,0.2,0.1963355109222219
P2_rgkf,7,LGBM,102,0.35,0.2204397734180289
P2_rgkf,7,LGBM,103,0.08,0.0833022433918118
P2_rgkf,7,LGBM,104,0.18,0.0995210651829166
P2_rgkf,7,LGBM,106,0.17,0.2051932810413241
P2_rgkf,7,CatB,19,0.56,0.6936234088592947
P2_rgkf,7,CatB,23,0.25,0.2671303540261046
P2_rgkf,7,CatB,25,0.3,0.2900898569195531
P2_rgkf,7,CatB,27,0.37,0.3670520810047626
P2_rgkf,7,CatB,39,0.13,0.1773249864994185
P2_rgkf,7,CatB,42,0.19,0.1945231280602745
P2_rgkf,7,CatB,45,0.21,0.2063048152484778
P2_rgkf,7,CatB,46,0.44,0.2444404708313945
P2_rgkf,7,CatB,47,0.76,0.2732025901433683
P2_rgkf,7,CatB,48,0.35,0.2757642694068296
P2_rgkf,7,CatB,52,0.4,0.3120312419892839
P2_rgkf,7,CatB,56,0.09,0.1141922795986178
P2_rgkf,7,CatB,61,0.15,0.1944863345311385
P2_rgkf,7,CatB,62,0.19,0.1944863345311385
P2_rgkf,7,CatB,63,0.23,0.1944863345311385
P2_rgkf,7,CatB,64,0.22,0.2095962817286077
P2_rgkf,7,CatB,65,0.24,0.2095962817286077
P2_rgkf,7,CatB,66,0.26,0.2095962817286077
P2_rgkf,7,CatB,67,0.28,0.2095962817286077
P2_rgkf,7,CatB,70,0.14,0.1601845257742649
P2_rgkf,7,CatB,71,0.16,0.2397398388636363
P2_rgkf,7,CatB,101,0.2,0.1842166058121867
P2_rgkf,7,CatB,102,0.35,0.2366945851926245
P2_rgkf,7,CatB,103,0.08,0.1141922795986178
P2_rgkf,7,CatB,104,0.18,0.1944863345311385
P2_rgkf,7,CatB,106,0.17,0.1814228549983998
P2_rgkf,7,SVR,19,0.56,0.7027220730092901
P2_rgkf,7,SVR,23,0.25,0.2373699348819601
P2_rgkf,7,SVR,25,0.3,0.2570410462753219
P2_rgkf,7,SVR,27,0.37,0.3829246947729578
P2_rgkf,7,SVR,39,0.13,0.17084063103705
P2_rgkf,7,SVR,42,0.19,0.1614736273118277
P2_rgkf,7,SVR,45,0.21,0.1715743537689624
P2_rgkf,7,SVR,46,0.44,0.1969976029401864
P2_rgkf,7,SVR,47,0.76,0.223136701892958
P2_rgkf,7,SVR,48,0.35,0.2701655093637683
P2_rgkf,7,SVR,52,0.4,0.2234061256358666
P2_rgkf,7,SVR,56,0.09,0.0801190855369842
P2_rgkf,7,SVR,61,0.15,0.1749141215997746
P2_rgkf,7,SVR,62,0.19,0.1749141215997746
P2_rgkf,7,SVR,63,0.23,0.1749141215997746
P2_rgkf,7,SVR,64,0.22,0.1790937295765252
P2_rgkf,7,SVR,65,0.24,0.1790937295765252
P2_rgkf,7,SVR,66,0.26,0.1790937295765252
P2_rgkf,7,SVR,67,0.28,0.1790937295765252
P2_rgkf,7,SVR,70,0.14,0.1864034539362966
P2_rgkf,7,SVR,71,0.16,0.2148910992455536
P2_rgkf,7,SVR,101,0.2,0.1710339858083925
P2_rgkf,7,SVR,102,0.35,0.1851132979226029
P2_rgkf,7,SVR,103,0.08,0.0800492583063662
P2_rgkf,7,SVR,104,0.18,0.1749141215997746
P2_rgkf,7,SVR,106,0.17,0.170963376212007
P2_rgkf,7,GPR,19,0.56,0.5945381128370323
P2_rgkf,7,GPR,23,0.25,0.2813344126174806
P2_rgkf,7,GPR,25,0.3,0.3192313732256073
P2_rgkf,7,GPR,27,0.37,0.3363700611151343
P2_rgkf,7,GPR,39,0.13,0.1619239942810477
P2_rgkf,7,GPR,42,0.19,0.1608382253288096
P2_rgkf,7,GPR,45,0.21,0.1608967843994356
P2_rgkf,7,GPR,46,0.44,0.4377425467881021
P2_rgkf,7,GPR,47,0.76,0.4303371696613148
P2_rgkf,7,GPR,48,0.35,0.4088857066518417
P2_rgkf,7,GPR,52,0.4,0.3560882836807514
P2_rgkf,7,GPR,56,0.09,0.070099763362086
P2_rgkf,7,GPR,61,0.15,0.2561916013715486
P2_rgkf,7,GPR,62,0.19,0.2561916013715486
P2_rgkf,7,GPR,63,0.23,0.2561916013715486
P2_rgkf,7,GPR,64,0.22,0.2561916013715486
P2_rgkf,7,GPR,65,0.24,0.2561916013715486
P2_rgkf,7,GPR,66,0.26,0.2561916013715486
P2_rgkf,7,GPR,67,0.28,0.2561916013715486
P2_rgkf,7,GPR,70,0.14,0.1689238905216304
P2_rgkf,7,GPR,71,0.16,0.1613167589427219
P2_rgkf,7,GPR,101,0.2,0.1631204826994466
P2_rgkf,7,GPR,102,0.35,0.4688479799123182
P2_rgkf,7,GPR,103,0.08,0.0692275362919487
P2_rgkf,7,GPR,104,0.18,0.2561916013715486
P2_rgkf,7,GPR,106,0.17,0.1978622348299375
P2_rgkf,7,ANN,19,0.56,0.6639445747706826
P2_rgkf,7,ANN,23,0.25,0.2330767415330973
P2_rgkf,7,ANN,25,0.3,0.2334333906389721
P2_rgkf,7,ANN,27,0.37,0.3970553952414342
P2_rgkf,7,ANN,39,0.13,0.1637892750895082
P2_rgkf,7,ANN,42,0.19,0.1719772312080325
P2_rgkf,7,ANN,45,0.21,0.1864584031461597
P2_rgkf,7,ANN,46,0.44,0.2031716256703168
P2_rgkf,7,ANN,47,0.76,0.1991995447120181
P2_rgkf,7,ANN,48,0.35,0.3300209073876745
P2_rgkf,7,ANN,52,0.4,0.2383122760764087
P2_rgkf,7,ANN,56,0.09,0.0795133639339594
P2_rgkf,7,ANN,61,0.15,0.1724771825571353
P2_rgkf,7,ANN,62,0.19,0.1724771825571353
P2_rgkf,7,ANN,63,0.23,0.1724771825571353
P2_rgkf,7,ANN,64,0.22,0.1782203973007963
P2_rgkf,7,ANN,65,0.24,0.1782203973007963
P2_rgkf,7,ANN,66,0.26,0.1782203973007963
P2_rgkf,7,ANN,67,0.28,0.1782203973007963
P2_rgkf,7,ANN,70,0.14,0.1117847343315395
P2_rgkf,7,ANN,71,0.16,0.2925050140811213
P2_rgkf,7,ANN,101,0.2,0.1635145884586568
P2_rgkf,7,ANN,102,0.35,0.1544731404412016
P2_rgkf,7,ANN,103,0.08,0.0767946942202015
P2_rgkf,7,ANN,104,0.18,0.1724771825571353
P2_rgkf,7,ANN,106,0.17,0.1977377785593745
P2_rgkf,7,Mean,2,0.33,0.3082022471910112
P2_rgkf,7,Mean,4,0.46,0.3082022471910112
P2_rgkf,7,Mean,9,0.42,0.3082022471910112
P2_rgkf,7,Mean,18,0.53,0.3082022471910112
P2_rgkf,7,Mean,22,0.23,0.3082022471910112
P2_rgkf,7,Mean,32,0.64,0.3082022471910112
P2_rgkf,7,Mean,40,0.15,0.3082022471910112
P2_rgkf,7,Mean,54,0.29,0.3082022471910112
P2_rgkf,7,Mean,58,0.08,0.3082022471910112
P2_rgkf,7,Mean,73,0.21,0.3082022471910112
P2_rgkf,7,Mean,76,0.18,0.3082022471910112
P2_rgkf,7,Mean,77,0.15,0.3082022471910112
P2_rgkf,7,Mean,82,0.15,0.3082022471910112
P2_rgkf,7,Mean,87,0.19,0.3082022471910112
P2_rgkf,7,Mean,89,0.2,0.3082022471910112
P2_rgkf,7,Mean,93,0.2,0.3082022471910112
P2_rgkf,7,Mean,95,0.3,0.3082022471910112
P2_rgkf,7,Mean,96,0.12,0.3082022471910112
P2_rgkf,7,Mean,100,0.25,0.3082022471910112
P2_rgkf,7,Mean,105,0.23,0.3082022471910112
P2_rgkf,7,Mean,108,0.2,0.3082022471910112
P2_rgkf,7,MVR,2,0.33,0.3843987483537326
P2_rgkf,7,MVR,4,0.46,0.3843987483537326
P2_rgkf,7,MVR,9,0.42,0.4941317247759711
P2_rgkf,7,MVR,18,0.53,0.6262349584613416
P2_rgkf,7,MVR,22,0.23,0.2013624758478488
P2_rgkf,7,MVR,32,0.64,0.8448267201982271
P2_rgkf,7,MVR,40,0.15,0.277720183296211
P2_rgkf,7,MVR,54,0.29,0.2482048235695537
P2_rgkf,7,MVR,58,0.08,0.066944764016772
P2_rgkf,7,MVR,73,0.21,0.2131205956325269
P2_rgkf,7,MVR,76,0.18,0.2781719181612037
P2_rgkf,7,MVR,77,0.15,0.2448964194507676
P2_rgkf,7,MVR,82,0.15,0.2008695998405398
P2_rgkf,7,MVR,87,0.19,0.2351065713772303
P2_rgkf,7,MVR,89,0.2,0.2033201405486547
P2_rgkf,7,MVR,93,0.2,0.1832324121819195
P2_rgkf,7,MVR,95,0.3,0.2501431202537299
P2_rgkf,7,MVR,96,0.12,0.1893975237512641
P2_rgkf,7,MVR,100,0.25,0.19512241063244
P2_rgkf,7,MVR,105,0.23,0.2114911130900864
P2_rgkf,7,MVR,108,0.2,0.2107475414995036
P2_rgkf,7,Ridge,2,0.33,0.4337517688586265
P2_rgkf,7,Ridge,4,0.46,0.4337517688586265
P2_rgkf,7,Ridge,9,0.42,0.4893872676777244
P2_rgkf,7,Ridge,18,0.53,0.5354899454064269
P2_rgkf,7,Ridge,22,0.23,0.270425475758876
P2_rgkf,7,Ridge,32,0.64,0.7833831939408684
P2_rgkf,7,Ridge,40,0.15,0.2913865616289308
P2_rgkf,7,Ridge,54,0.29,0.2981392431682379
P2_rgkf,7,Ridge,58,0.08,0.0577721860801098
P2_rgkf,7,Ridge,73,0.21,0.2313991591793916
P2_rgkf,7,Ridge,76,0.18,0.3032534401243136
P2_rgkf,7,Ridge,77,0.15,0.2632859780879012
P2_rgkf,7,Ridge,82,0.15,0.1952053392548664
P2_rgkf,7,Ridge,87,0.19,0.2356376538367656
P2_rgkf,7,Ridge,89,0.2,0.2434354006503178
P2_rgkf,7,Ridge,93,0.2,0.2127659576620696
P2_rgkf,7,Ridge,95,0.3,0.2609819754989568
P2_rgkf,7,Ridge,96,0.12,0.1682528499316762
P2_rgkf,7,Ridge,100,0.25,0.2649753672993651
P2_rgkf,7,Ridge,105,0.23,0.2123361469740238
P2_rgkf,7,Ridge,108,0.2,0.2479771576999101
P2_rgkf,7,RF,2,0.33,0.4228894047619047
P2_rgkf,7,RF,4,0.46,0.4228894047619047
P2_rgkf,7,RF,9,0.42,0.453384078884079
P2_rgkf,7,RF,18,0.53,0.6286049603174602
P2_rgkf,7,RF,22,0.23,0.2939019047619045
P2_rgkf,7,RF,32,0.64,0.5604130158730162
P2_rgkf,7,RF,40,0.15,0.1881077380952379
P2_rgkf,7,RF,54,0.29,0.2884327116402117
P2_rgkf,7,RF,58,0.08,0.0881357804232804
P2_rgkf,7,RF,73,0.21,0.1956340343915343
P2_rgkf,7,RF,76,0.18,0.1754148280423279
P2_rgkf,7,RF,77,0.15,0.1711145634920633
P2_rgkf,7,RF,82,0.15,0.1719712037037035
P2_rgkf,7,RF,87,0.19,0.1811345767195767
P2_rgkf,7,RF,89,0.2,0.1723978306878308
P2_rgkf,7,RF,93,0.2,0.1757345634920636
P2_rgkf,7,RF,95,0.3,0.1778950685425685
P2_rgkf,7,RF,96,0.12,0.1582293879268881
P2_rgkf,7,RF,100,0.25,0.2937319047619044
P2_rgkf,7,RF,105,0.23,0.15716164983165
P2_rgkf,7,RF,108,0.2,0.1723394973544975
P2_rgkf,7,ET,2,0.33,0.4519576388888855
P2_rgkf,7,ET,4,0.46,0.4519576388888855
P2_rgkf,7,ET,9,0.42,0.4509882936507929
P2_rgkf,7,ET,18,0.53,0.6168936210317486
P2_rgkf,7,ET,22,0.23,0.2831656746031726
P2_rgkf,7,ET,32,0.64,0.5343558333333354
P2_rgkf,7,ET,40,0.15,0.1775804166666669
P2_rgkf,7,ET,54,0.29,0.2725375595238096
P2_rgkf,7,ET,58,0.08,0.0870300000000005
P2_rgkf,7,ET,73,0.21,0.2133397023809524
P2_rgkf,7,ET,76,0.18,0.1769360714285715
P2_rgkf,7,ET,77,0.15,0.1727816964285717
P2_rgkf,7,ET,82,0.15,0.1777495833333333
P2_rgkf,7,ET,87,0.19,0.1994561507936505
P2_rgkf,7,ET,89,0.2,0.2053052281746031
P2_rgkf,7,ET,93,0.2,0.1903956547619053
P2_rgkf,7,ET,95,0.3,0.1783513392857143
P2_rgkf,7,ET,96,0.12,0.1502069642857146
P2_rgkf,7,ET,100,0.25,0.2786537301587282
P2_rgkf,7,ET,105,0.23,0.1464264583333336
P2_rgkf,7,ET,108,0.2,0.2049073115079364
P2_rgkf,7,XGB,2,0.33,0.4492091834545135
P2_rgkf,7,XGB,4,0.46,0.4492091834545135
P2_rgkf,7,XGB,9,0.42,0.41961669921875
P2_rgkf,7,XGB,18,0.53,0.6419603824615479
P2_rgkf,7,XGB,22,0.23,0.2526274621486664
P2_rgkf,7,XGB,32,0.64,0.5612584352493286
P2_rgkf,7,XGB,40,0.15,0.2000220566987991
P2_rgkf,7,XGB,54,0.29,0.3214040994644165
P2_rgkf,7,XGB,58,0.08,0.0849284306168556
P2_rgkf,7,XGB,73,0.21,0.2386466860771179
P2_rgkf,7,XGB,76,0.18,0.1690917909145355
P2_rgkf,7,XGB,77,0.15,0.1630584150552749
P2_rgkf,7,XGB,82,0.15,0.1883065551519394
P2_rgkf,7,XGB,87,0.19,0.1753985583782196
P2_rgkf,7,XGB,89,0.2,0.185036763548851
P2_rgkf,7,XGB,93,0.2,0.1867488622665405
P2_rgkf,7,XGB,95,0.3,0.1874064803123474
P2_rgkf,7,XGB,96,0.12,0.1658099740743637
P2_rgkf,7,XGB,100,0.25,0.2527333498001098
P2_rgkf,7,XGB,105,0.23,0.1482211500406265
P2_rgkf,7,XGB,108,0.2,0.183694913983345
P2_rgkf,7,LGBM,2,0.33,0.4184546787577786
P2_rgkf,7,LGBM,4,0.46,0.4184546787577786
P2_rgkf,7,LGBM,9,0.42,0.3977135943043279
P2_rgkf,7,LGBM,18,0.53,0.5681181199107815
P2_rgkf,7,LGBM,22,0.23,0.2580352041514825
P2_rgkf,7,LGBM,32,0.64,0.5855950218386753
P2_rgkf,7,LGBM,40,0.15,0.2417037013136985
P2_rgkf,7,LGBM,54,0.29,0.3219527300043432
P2_rgkf,7,LGBM,58,0.08,0.0892337628521038
P2_rgkf,7,LGBM,73,0.21,0.2301633358303149
P2_rgkf,7,LGBM,76,0.18,0.1820953454782561
P2_rgkf,7,LGBM,77,0.15,0.1843341199590658
P2_rgkf,7,LGBM,82,0.15,0.1763680128372514
P2_rgkf,7,LGBM,87,0.19,0.1986090028126391
P2_rgkf,7,LGBM,89,0.2,0.2043473389426418
P2_rgkf,7,LGBM,93,0.2,0.2208703683717799
P2_rgkf,7,LGBM,95,0.3,0.2062160426913678
P2_rgkf,7,LGBM,96,0.12,0.1659621472597008
P2_rgkf,7,LGBM,100,0.25,0.2620612115238533
P2_rgkf,7,LGBM,105,0.23,0.1533653618112584
P2_rgkf,7,LGBM,108,0.2,0.2043473389426418
P2_rgkf,7,CatB,2,0.33,0.3964001263544075
P2_rgkf,7,CatB,4,0.46,0.3964001263544075
P2_rgkf,7,CatB,9,0.42,0.4117281808019499
P2_rgkf,7,CatB,18,0.53,0.657786199498308
P2_rgkf,7,CatB,22,0.23,0.2728114335684716
P2_rgkf,7,CatB,32,0.64,0.5458817398067058
P2_rgkf,7,CatB,40,0.15,0.1963572299053627
P2_rgkf,7,CatB,54,0.29,0.2891338352128582
P2_rgkf,7,CatB,58,0.08,0.0925797075306709
P2_rgkf,7,CatB,73,0.21,0.2172194730604801
P2_rgkf,7,CatB,76,0.18,0.1962390142439709
P2_rgkf,7,CatB,77,0.15,0.2053614566576008
P2_rgkf,7,CatB,82,0.15,0.1596971956089657
P2_rgkf,7,CatB,87,0.19,0.2257787425270694
P2_rgkf,7,CatB,89,0.2,0.2135954011593125
P2_rgkf,7,CatB,93,0.2,0.2117023836807764
P2_rgkf,7,CatB,95,0.3,0.1937756886618747
P2_rgkf,7,CatB,96,0.12,0.1775393720838485
P2_rgkf,7,CatB,100,0.25,0.2690298595580846
P2_rgkf,7,CatB,105,0.23,0.1684688407705633
P2_rgkf,7,CatB,108,0.2,0.2139129693477632
P2_rgkf,7,SVR,2,0.33,0.4187500953837371
P2_rgkf,7,SVR,4,0.46,0.4187500953837371
P2_rgkf,7,SVR,9,0.42,0.3980269933437843
P2_rgkf,7,SVR,18,0.53,0.7516777436685927
P2_rgkf,7,SVR,22,0.23,0.2465803255314929
P2_rgkf,7,SVR,32,0.64,0.3416178156740558
P2_rgkf,7,SVR,40,0.15,0.1688149716826949
P2_rgkf,7,SVR,54,0.29,0.2564541695146305
P2_rgkf,7,SVR,58,0.08,0.0897352452528383
P2_rgkf,7,SVR,73,0.21,0.1902412622085068
P2_rgkf,7,SVR,76,0.18,0.2130675651631244
P2_rgkf,7,SVR,77,0.15,0.1905752543764814
P2_rgkf,7,SVR,82,0.15,0.1179037142358538
P2_rgkf,7,SVR,87,0.19,0.2272572144094649
P2_rgkf,7,SVR,89,0.2,0.3200124474708856
P2_rgkf,7,SVR,93,0.2,0.300622836956173
P2_rgkf,7,SVR,95,0.3,0.1622266391389332
P2_rgkf,7,SVR,96,0.12,0.0864611877676889
P2_rgkf,7,SVR,100,0.25,0.2498327447826679
P2_rgkf,7,SVR,105,0.23,0.1396746822899201
P2_rgkf,7,SVR,108,0.2,0.3248325603152256
P2_rgkf,7,GPR,2,0.33,0.3975556915915574
P2_rgkf,7,GPR,4,0.46,0.3975556915915574
P2_rgkf,7,GPR,9,0.42,0.3973753075938035
P2_rgkf,7,GPR,18,0.53,0.6095882482874272
P2_rgkf,7,GPR,22,0.23,0.277323316691894
P2_rgkf,7,GPR,32,0.64,0.5605951985361673
P2_rgkf,7,GPR,40,0.15,0.1534702843819424
P2_rgkf,7,GPR,54,0.29,0.3080806244497011
P2_rgkf,7,GPR,58,0.08,0.0874758916894208
P2_rgkf,7,GPR,73,0.21,0.2099391974332767
P2_rgkf,7,GPR,76,0.18,0.2061248266242825
P2_rgkf,7,GPR,77,0.15,0.1618560256282089
P2_rgkf,7,GPR,82,0.15,0.2048076881953455
P2_rgkf,7,GPR,87,0.19,0.1644542046072915
P2_rgkf,7,GPR,89,0.2,0.1422404372095628
P2_rgkf,7,GPR,93,0.2,0.160793511859618
P2_rgkf,7,GPR,95,0.3,0.1650872296634355
P2_rgkf,7,GPR,96,0.12,0.1685106404029903
P2_rgkf,7,GPR,100,0.25,0.272022005650183
P2_rgkf,7,GPR,105,0.23,0.1687647953297666
P2_rgkf,7,GPR,108,0.2,0.1452638392240764
P2_rgkf,7,ANN,2,0.33,0.4002729004801349
P2_rgkf,7,ANN,4,0.46,0.4002729004801349
P2_rgkf,7,ANN,9,0.42,0.3941812898002393
P2_rgkf,7,ANN,18,0.53,0.6392187913706314
P2_rgkf,7,ANN,22,0.23,0.2459993055266873
P2_rgkf,7,ANN,32,0.64,0.5005681392859919
P2_rgkf,7,ANN,40,0.15,0.1766067577036525
P2_rgkf,7,ANN,54,0.29,0.1791379296899034
P2_rgkf,7,ANN,58,0.08,0.0856104970904042
P2_rgkf,7,ANN,73,0.21,0.2335413486231832
P2_rgkf,7,ANN,76,0.18,0.220643183243396
P2_rgkf,7,ANN,77,0.15,0.1813913066895698
P2_rgkf,7,ANN,82,0.15,0.0795217327158083
P2_rgkf,7,ANN,87,0.19,0.2460132122201284
P2_rgkf,7,ANN,89,0.2,0.2208706584939092
P2_rgkf,7,ANN,93,0.2,0.2360403227324159
P2_rgkf,7,ANN,95,0.3,0.2231687495290189
P2_rgkf,7,ANN,96,0.12,0.104407303440043
P2_rgkf,7,ANN,100,0.25,0.2476606034933078
P2_rgkf,7,ANN,105,0.23,0.1484779723468817
P2_rgkf,7,ANN,108,0.2,0.2435730370556384
P2_rgkf,7,Mean,5,0.37,0.29625
P2_rgkf,7,Mean,10,0.31,0.29625
P2_rgkf,7,Mean,11,0.38,0.29625
P2_rgkf,7,Mean,15,0.75,0.29625
P2_rgkf,7,Mean,16,0.96,0.29625
P2_rgkf,7,Mean,31,0.51,0.29625
P2_rgkf,7,Mean,34,0.69,0.29625
P2_rgkf,7,Mean,35,0.17,0.29625
P2_rgkf,7,Mean,37,0.13,0.29625
P2_rgkf,7,Mean,38,0.17,0.29625
P2_rgkf,7,Mean,43,0.16,0.29625
P2_rgkf,7,Mean,44,0.17,0.29625
P2_rgkf,7,Mean,49,0.55,0.29625
P2_rgkf,7,Mean,55,0.1,0.29625
P2_rgkf,7,Mean,69,0.17,0.29625
P2_rgkf,7,Mean,79,0.2,0.29625
P2_rgkf,7,Mean,80,0.15,0.29625
P2_rgkf,7,Mean,83,0.15,0.29625
P2_rgkf,7,Mean,85,0.15,0.29625
P2_rgkf,7,Mean,88,0.22,0.29625
P2_rgkf,7,Mean,90,0.27,0.29625
P2_rgkf,7,Mean,92,0.14,0.29625
P2_rgkf,7,MVR,5,0.37,0.6348072752881245
P2_rgkf,7,MVR,10,0.31,0.5534817045284501
P2_rgkf,7,MVR,11,0.38,0.5534817045284501
P2_rgkf,7,MVR,15,0.75,0.5711643786438456
P2_rgkf,7,MVR,16,0.96,0.6480969371915992
P2_rgkf,7,MVR,31,0.51,0.6092306037756196
P2_rgkf,7,MVR,34,0.69,0.5397253215669064
P2_rgkf,7,MVR,35,0.17,0.2233930229484786
P2_rgkf,7,MVR,37,0.13,0.2233930229484786
P2_rgkf,7,MVR,38,0.17,0.2160690006775338
P2_rgkf,7,MVR,43,0.16,0.2008114831068517
P2_rgkf,7,MVR,44,0.17,0.1613598550578985
P2_rgkf,7,MVR,49,0.55,0.2398189576108524
P2_rgkf,7,MVR,55,0.1,0.111624435400035
P2_rgkf,7,MVR,69,0.17,0.1389815015397879
P2_rgkf,7,MVR,79,0.2,0.2823379577655653
P2_rgkf,7,MVR,80,0.15,0.2139384934837178
P2_rgkf,7,MVR,83,0.15,0.285332578650697
P2_rgkf,7,MVR,85,0.15,0.1715558921804276
P2_rgkf,7,MVR,88,0.22,0.2356513967683542
P2_rgkf,7,MVR,90,0.27,0.1391792894667152
P2_rgkf,7,MVR,92,0.14,0.1585976944528047
P2_rgkf,7,Ridge,5,0.37,0.5117199711599134
P2_rgkf,7,Ridge,10,0.31,0.4897553487691555
P2_rgkf,7,Ridge,11,0.38,0.4897553487691555
P2_rgkf,7,Ridge,15,0.75,0.4907766853651021
P2_rgkf,7,Ridge,16,0.96,0.5077856617829886
P2_rgkf,7,Ridge,31,0.51,0.6238171677970488
P2_rgkf,7,Ridge,34,0.69,0.5732280065994433
P2_rgkf,7,Ridge,35,0.17,0.2514111355343756
P2_rgkf,7,Ridge,37,0.13,0.2514111355343756
P2_rgkf,7,Ridge,38,0.17,0.2436284504195627
P2_rgkf,7,Ridge,43,0.16,0.2160271102366628
P2_rgkf,7,Ridge,44,0.17,0.1484208865669154
P2_rgkf,7,Ridge,49,0.55,0.2938819624520139
P2_rgkf,7,Ridge,55,0.1,0.1870072320283866
P2_rgkf,7,Ridge,69,0.17,0.1400394751163318
P2_rgkf,7,Ridge,79,0.2,0.316160467602988
P2_rgkf,7,Ridge,80,0.15,0.2203883688455241
P2_rgkf,7,Ridge,83,0.15,0.3270986000373195
P2_rgkf,7,Ridge,85,0.15,0.1352764584974764
P2_rgkf,7,Ridge,88,0.22,0.217959440647424
P2_rgkf,7,Ridge,90,0.27,0.127873541589883
P2_rgkf,7,Ridge,92,0.14,0.1751281365857432
P2_rgkf,7,RF,5,0.37,0.5407229597209833
P2_rgkf,7,RF,10,0.31,0.525230258787872
P2_rgkf,7,RF,11,0.38,0.525230258787872
P2_rgkf,7,RF,15,0.75,0.5916000547301221
P2_rgkf,7,RF,16,0.96,0.584507084678731
P2_rgkf,7,RF,31,0.51,0.5945173617783719
P2_rgkf,7,RF,34,0.69,0.6017070646339957
P2_rgkf,7,RF,35,0.17,0.1887929311381992
P2_rgkf,7,RF,37,0.13,0.1887929311381992
P2_rgkf,7,RF,38,0.17,0.1887929311381992
P2_rgkf,7,RF,43,0.16,0.1880969009883827
P2_rgkf,7,RF,44,0.17,0.1858946802043913
P2_rgkf,7,RF,49,0.55,0.5448134896782707
P2_rgkf,7,RF,55,0.1,0.1085911611460041
P2_rgkf,7,RF,69,0.17,0.1865975588124244
P2_rgkf,7,RF,79,0.2,0.2254945042606386
P2_rgkf,7,RF,80,0.15,0.186810183959452
P2_rgkf,7,RF,83,0.15,0.2224658648937725
P2_rgkf,7,RF,85,0.15,0.1843426456697884
P2_rgkf,7,RF,88,0.22,0.187332745953014
P2_rgkf,7,RF,90,0.27,0.1753782629922693
P2_rgkf,7,RF,92,0.14,0.1797686468723688
P2_rgkf,7,ET,5,0.37,0.4670150259356653
P2_rgkf,7,ET,10,0.31,0.4609049660511053
P2_rgkf,7,ET,11,0.38,0.4609049660511053
P2_rgkf,7,ET,15,0.75,0.5718862274979918
P2_rgkf,7,ET,16,0.96,0.5706784596408488
P2_rgkf,7,ET,31,0.51,0.5868501290131418
P2_rgkf,7,ET,34,0.69,0.5823482837750468
P2_rgkf,7,ET,35,0.17,0.1675090548048437
P2_rgkf,7,ET,37,0.13,0.1675090548048437
P2_rgkf,7,ET,38,0.17,0.1691361381381771
P2_rgkf,7,ET,43,0.16,0.1995074321219712
P2_rgkf,7,ET,44,0.17,0.2146505843904543
P2_rgkf,7,ET,49,0.55,0.403939680194805
P2_rgkf,7,ET,55,0.1,0.1534169341561218
P2_rgkf,7,ET,69,0.17,0.1691944457267234
P2_rgkf,7,ET,79,0.2,0.2286237527530946
P2_rgkf,7,ET,80,0.15,0.175135879160614
P2_rgkf,7,ET,83,0.15,0.2238890526615196
P2_rgkf,7,ET,85,0.15,0.1844169966603741
P2_rgkf,7,ET,88,0.22,0.2047352592035156
P2_rgkf,7,ET,90,0.27,0.1500838494144742
P2_rgkf,7,ET,92,0.14,0.1798023089944325
P2_rgkf,7,XGB,5,0.37,0.5675065517425537
P2_rgkf,7,XGB,10,0.31,0.561814546585083
P2_rgkf,7,XGB,11,0.38,0.561814546585083
P2_rgkf,7,XGB,15,0.75,0.5786005258560181
P2_rgkf,7,XGB,16,0.96,0.5863720774650574
P2_rgkf,7,XGB,31,0.51,0.5953581929206848
P2_rgkf,7,XGB,34,0.69,0.5888553857803345
P2_rgkf,7,XGB,35,0.17,0.1833258867263794
P2_rgkf,7,XGB,37,0.13,0.1833258867263794
P2_rgkf,7,XGB,38,0.17,0.1833258867263794
P2_rgkf,7,XGB,43,0.16,0.1886672973632812
P2_rgkf,7,XGB,44,0.17,0.1952183097600937
P2_rgkf,7,XGB,49,0.55,0.4421535432338714
P2_rgkf,7,XGB,55,0.1,0.11456198990345
P2_rgkf,7,XGB,69,0.17,0.1674895286560058
P2_rgkf,7,XGB,79,0.2,0.243379920721054
P2_rgkf,7,XGB,80,0.15,0.1571091562509536
P2_rgkf,7,XGB,83,0.15,0.181964710354805
P2_rgkf,7,XGB,85,0.15,0.1443800628185272
P2_rgkf,7,XGB,88,0.22,0.1989000141620636
P2_rgkf,7,XGB,90,0.27,0.1190192699432373
P2_rgkf,7,XGB,92,0.14,0.1580468118190765
P2_rgkf,7,LGBM,5,0.37,0.5702503553355351
P2_rgkf,7,LGBM,10,0.31,0.5700585941242453
P2_rgkf,7,LGBM,11,0.38,0.5700585941242453
P2_rgkf,7,LGBM,15,0.75,0.5900707564531475
P2_rgkf,7,LGBM,16,0.96,0.5834774327906235
P2_rgkf,7,LGBM,31,0.51,0.5892173772064189
P2_rgkf,7,LGBM,34,0.69,0.5948070947596735
P2_rgkf,7,LGBM,35,0.17,0.1670320006846163
P2_rgkf,7,LGBM,37,0.13,0.1670320006846163
P2_rgkf,7,LGBM,38,0.17,0.1670320006846163
P2_rgkf,7,LGBM,43,0.16,0.1903866700136125
P2_rgkf,7,LGBM,44,0.17,0.1828148261156246
P2_rgkf,7,LGBM,49,0.55,0.4339337467153397
P2_rgkf,7,LGBM,55,0.1,0.1100743727679858
P2_rgkf,7,LGBM,69,0.17,0.1618637546845103
P2_rgkf,7,LGBM,79,0.2,0.2077566925525661
P2_rgkf,7,LGBM,80,0.15,0.1566926641096809
P2_rgkf,7,LGBM,83,0.15,0.163056427497742
P2_rgkf,7,LGBM,85,0.15,0.1546618560536724
P2_rgkf,7,LGBM,88,0.22,0.1990147571965062
P2_rgkf,7,LGBM,90,0.27,0.1312843153784396
P2_rgkf,7,LGBM,92,0.14,0.1749149461571647
P2_rgkf,7,CatB,5,0.37,0.5421519928679168
P2_rgkf,7,CatB,10,0.31,0.5303948036859227
P2_rgkf,7,CatB,11,0.38,0.5303948036859227
P2_rgkf,7,CatB,15,0.75,0.574817501978823
P2_rgkf,7,CatB,16,0.96,0.5691056440460329
P2_rgkf,7,CatB,31,0.51,0.5688225006997532
P2_rgkf,7,CatB,34,0.69,0.5649311211714394
P2_rgkf,7,CatB,35,0.17,0.1689577542364698
P2_rgkf,7,CatB,37,0.13,0.1689577542364698
P2_rgkf,7,CatB,38,0.17,0.1687141949460637
P2_rgkf,7,CatB,43,0.16,0.1836038222810439
P2_rgkf,7,CatB,44,0.17,0.1976946891082259
P2_rgkf,7,CatB,49,0.55,0.4639986884125943
P2_rgkf,7,CatB,55,0.1,0.09673577406752
P2_rgkf,7,CatB,69,0.17,0.1693598382787796
P2_rgkf,7,CatB,79,0.2,0.2303961075861191
P2_rgkf,7,CatB,80,0.15,0.1847822071079327
P2_rgkf,7,CatB,83,0.15,0.1847975747143966
P2_rgkf,7,CatB,85,0.15,0.1676997919994248
P2_rgkf,7,CatB,88,0.22,0.2057092633688546
P2_rgkf,7,CatB,90,0.27,0.1298977669665935
P2_rgkf,7,CatB,92,0.14,0.1736986767160523
P2_rgkf,7,SVR,5,0.37,0.4717536468788527
P2_rgkf,7,SVR,10,0.31,0.4676718911068703
P2_rgkf,7,SVR,11,0.38,0.4676718911068703
P2_rgkf,7,SVR,15,0.75,0.5623387330824748
P2_rgkf,7,SVR,16,0.96,0.5914070359714177
P2_rgkf,7,SVR,31,0.51,0.541943983092458
P2_rgkf,7,SVR,34,0.69,0.538756446374022
P2_rgkf,7,SVR,35,0.17,0.1712589845356644
P2_rgkf,7,SVR,37,0.13,0.1712589845356644
P2_rgkf,7,SVR,38,0.17,0.168755210119104
P2_rgkf,7,SVR,43,0.16,0.1854094517179934
P2_rgkf,7,SVR,44,0.17,0.2064003833461387
P2_rgkf,7,SVR,49,0.55,0.3450553498938086
P2_rgkf,7,SVR,55,0.1,0.1051572002842381
P2_rgkf,7,SVR,69,0.17,0.1454416324932251
P2_rgkf,7,SVR,79,0.2,0.1935207222502016
P2_rgkf,7,SVR,80,0.15,0.177177999086548
P2_rgkf,7,SVR,83,0.15,0.2100370727275696
P2_rgkf,7,SVR,85,0.15,0.1520082801365645
P2_rgkf,7,SVR,88,0.22,0.2121133666375389
P2_rgkf,7,SVR,90,0.27,0.1180842064791119
P2_rgkf,7,SVR,92,0.14,0.1565370823566867
P2_rgkf,7,GPR,5,0.37,0.449610132546062
P2_rgkf,7,GPR,10,0.31,0.4358405722728635
P2_rgkf,7,GPR,11,0.38,0.4358405722728635
P2_rgkf,7,GPR,15,0.75,0.5613269418553912
P2_rgkf,7,GPR,16,0.96,0.5612135422215023
P2_rgkf,7,GPR,31,0.51,0.5732589551090738
P2_rgkf,7,GPR,34,0.69,0.5685366592887401
P2_rgkf,7,GPR,35,0.17,0.1626588994547081
P2_rgkf,7,GPR,37,0.13,0.1626588994547081
P2_rgkf,7,GPR,38,0.17,0.1640094609721866
P2_rgkf,7,GPR,43,0.16,0.1761929196307671
P2_rgkf,7,GPR,44,0.17,0.1998437918478975
P2_rgkf,7,GPR,49,0.55,0.3265383522572485
P2_rgkf,7,GPR,55,0.1,0.0258052509334798
P2_rgkf,7,GPR,69,0.17,0.1493688086376075
P2_rgkf,7,GPR,79,0.2,0.1757109926147525
P2_rgkf,7,GPR,80,0.15,0.1614130832215153
P2_rgkf,7,GPR,83,0.15,0.1696474616666285
P2_rgkf,7,GPR,85,0.15,0.1590376899389356
P2_rgkf,7,GPR,88,0.22,0.2017101473064795
P2_rgkf,7,GPR,90,0.27,0.137035518076243
P2_rgkf,7,GPR,92,0.14,0.1648226685222042
P2_rgkf,7,ANN,5,0.37,0.6805179178923287
P2_rgkf,7,ANN,10,0.31,0.5779794562498377
P2_rgkf,7,ANN,11,0.38,0.5779794562498377
P2_rgkf,7,ANN,15,0.75,0.6439882567437126
P2_rgkf,7,ANN,16,0.96,0.6686776479736054
P2_rgkf,7,ANN,31,0.51,0.5502753719188407
P2_rgkf,7,ANN,34,0.69,0.5402040945661521
P2_rgkf,7,ANN,35,0.17,0.159161584591607
P2_rgkf,7,ANN,37,0.13,0.159161584591607
P2_rgkf,7,ANN,38,0.17,0.1663555838108053
P2_rgkf,7,ANN,43,0.16,0.2016148486667522
P2_rgkf,7,ANN,44,0.17,0.2027084367654482
P2_rgkf,7,ANN,49,0.55,0.5115457228496694
P2_rgkf,7,ANN,55,0.1,0.0268269130467085
P2_rgkf,7,ANN,69,0.17,0.1442390955216271
P2_rgkf,7,ANN,79,0.2,0.1025010769889525
P2_rgkf,7,ANN,80,0.15,0.1917193751884439
P2_rgkf,7,ANN,83,0.15,0.1212450178072758
P2_rgkf,7,ANN,85,0.15,0.1440844781935688
P2_rgkf,7,ANN,88,0.22,0.2161115945203289
P2_rgkf,7,ANN,90,0.27,0.1413447823385369
P2_rgkf,7,ANN,92,0.14,0.1715078888118893
P2_rgkf,7,Mean,0,0.37,0.2904494382022471
P2_rgkf,7,Mean,1,0.37,0.2904494382022471
P2_rgkf,7,Mean,3,0.42,0.2904494382022471
P2_rgkf,7,Mean,12,0.46,0.2904494382022471
P2_rgkf,7,Mean,17,0.76,0.2904494382022471
P2_rgkf,7,Mean,20,0.74,0.2904494382022471
P2_rgkf,7,Mean,24,0.27,0.2904494382022471
P2_rgkf,7,Mean,26,0.38,0.2904494382022471
P2_rgkf,7,Mean,41,0.18,0.2904494382022471
P2_rgkf,7,Mean,50,0.35,0.2904494382022471
P2_rgkf,7,Mean,57,0.09,0.2904494382022471
P2_rgkf,7,Mean,59,0.1,0.2904494382022471
P2_rgkf,7,Mean,81,0.14,0.2904494382022471
P2_rgkf,7,Mean,84,0.19,0.2904494382022471
P2_rgkf,7,Mean,86,0.17,0.2904494382022471
P2_rgkf,7,Mean,94,0.17,0.2904494382022471
P2_rgkf,7,Mean,97,0.47,0.2904494382022471
P2_rgkf,7,Mean,98,0.64,0.2904494382022471
P2_rgkf,7,Mean,99,0.44,0.2904494382022471
P2_rgkf,7,Mean,107,0.21,0.2904494382022471
P2_rgkf,7,Mean,109,0.17,0.2904494382022471
P2_rgkf,7,MVR,0,0.37,0.2442884705297501
P2_rgkf,7,MVR,1,0.37,0.2442884705297501
P2_rgkf,7,MVR,3,0.42,0.3214272875076703
P2_rgkf,7,MVR,12,0.46,0.3742967406104324
P2_rgkf,7,MVR,17,0.76,0.4961364987057587
P2_rgkf,7,MVR,20,0.74,0.5888977973472421
P2_rgkf,7,MVR,24,0.27,0.2163967334876353
P2_rgkf,7,MVR,26,0.38,0.2409279508822075
P2_rgkf,7,MVR,41,0.18,0.1343558917096634
P2_rgkf,7,MVR,50,0.35,0.3205872551440322
P2_rgkf,7,MVR,57,0.09,0.1409218735078936
P2_rgkf,7,MVR,59,0.1,0.1459503908266982
P2_rgkf,7,MVR,81,0.14,0.2123445386607478
P2_rgkf,7,MVR,84,0.19,0.2289859137525719
P2_rgkf,7,MVR,86,0.17,0.235738867879054
P2_rgkf,7,MVR,94,0.17,0.1626167973512501
P2_rgkf,7,MVR,97,0.47,0.3214272875076703
P2_rgkf,7,MVR,98,0.64,0.5196336310826438
P2_rgkf,7,MVR,99,0.44,0.2451924021148748
P2_rgkf,7,MVR,107,0.21,0.2275448430745126
P2_rgkf,7,MVR,109,0.17,0.2689947777835061
P2_rgkf,7,Ridge,0,0.37,0.357379340609792
P2_rgkf,7,Ridge,1,0.37,0.357379340609792
P2_rgkf,7,Ridge,3,0.42,0.3950630911363111
P2_rgkf,7,Ridge,12,0.46,0.4052834897807076
P2_rgkf,7,Ridge,17,0.76,0.4622061722447514
P2_rgkf,7,Ridge,20,0.74,0.5037115678957221
P2_rgkf,7,Ridge,24,0.27,0.2702926763522733
P2_rgkf,7,Ridge,26,0.38,0.3003189891434844
P2_rgkf,7,Ridge,41,0.18,0.1373853387331715
P2_rgkf,7,Ridge,50,0.35,0.3803109011444423
P2_rgkf,7,Ridge,57,0.09,0.2024011722626068
P2_rgkf,7,Ridge,59,0.1,0.2085056252100059
P2_rgkf,7,Ridge,81,0.14,0.209688275880989
P2_rgkf,7,Ridge,84,0.19,0.1802987133626386
P2_rgkf,7,Ridge,86,0.17,0.1790394527759952
P2_rgkf,7,Ridge,94,0.17,0.1797407536566937
P2_rgkf,7,Ridge,97,0.47,0.3950630911363111
P2_rgkf,7,Ridge,98,0.64,0.4959735952201184
P2_rgkf,7,Ridge,99,0.44,0.303874059947873
P2_rgkf,7,Ridge,107,0.21,0.1772632910853876
P2_rgkf,7,Ridge,109,0.17,0.2692048167404557
P2_rgkf,7,RF,0,0.37,0.3716228790366716
P2_rgkf,7,RF,1,0.37,0.3716228790366716
P2_rgkf,7,RF,3,0.42,0.3693642282430211
P2_rgkf,7,RF,12,0.46,0.5120022222222215
P2_rgkf,7,RF,17,0.76,0.5189210317460313
P2_rgkf,7,RF,20,0.74,0.6215277777777781
P2_rgkf,7,RF,24,0.27,0.3210423809523803
P2_rgkf,7,RF,26,0.38,0.3588761111111114
P2_rgkf,7,RF,41,0.18,0.165623242117004
P2_rgkf,7,RF,50,0.35,0.3924333333333334
P2_rgkf,7,RF,57,0.09,0.208466666666667
P2_rgkf,7,RF,59,0.1,0.2170333333333337
P2_rgkf,7,RF,81,0.14,0.1694377182532647
P2_rgkf,7,RF,84,0.19,0.1928249459706656
P2_rgkf,7,RF,86,0.17,0.1771494021263553
P2_rgkf,7,RF,94,0.17,0.1883788198988721
P2_rgkf,7,RF,97,0.47,0.3693642282430211
P2_rgkf,7,RF,98,0.64,0.6123944444444421
P2_rgkf,7,RF,99,0.44,0.3612650000000003
P2_rgkf,7,RF,107,0.21,0.1970399973644507
P2_rgkf,7,RF,109,0.17,0.179155278113104
P2_rgkf,7,ET,0,0.37,0.3711338492063519
P2_rgkf,7,ET,1,0.37,0.3711338492063519
P2_rgkf,7,ET,3,0.42,0.3690702380952413
P2_rgkf,7,ET,12,0.46,0.4880694444444423
P2_rgkf,7,ET,17,0.76,0.6542208333333317
P2_rgkf,7,ET,20,0.74,0.5451422222222215
P2_rgkf,7,ET,24,0.27,0.3122508333333354
P2_rgkf,7,ET,26,0.38,0.3675427380952407
P2_rgkf,7,ET,41,0.18,0.1805457705688143
P2_rgkf,7,ET,50,0.35,0.3580263888888892
P2_rgkf,7,ET,57,0.09,0.1714638888888898
P2_rgkf,7,ET,59,0.1,0.1723013888888897
P2_rgkf,7,ET,81,0.14,0.1868911476323246
P2_rgkf,7,ET,84,0.19,0.1998546705312087
P2_rgkf,7,ET,86,0.17,0.1716806751418519
P2_rgkf,7,ET,94,0.17,0.1752376386682503
P2_rgkf,7,ET,97,0.47,0.3690702380952413
P2_rgkf,7,ET,98,0.64,0.6255930555555499
P2_rgkf,7,ET,99,0.44,0.3698227380952408
P2_rgkf,7,ET,107,0.21,0.215593312528301
P2_rgkf,7,ET,109,0.17,0.1956722738843983
P2_rgkf,7,XGB,0,0.37,0.3435603976249695
P2_rgkf,7,XGB,1,0.37,0.3435603976249695
P2_rgkf,7,XGB,3,0.42,0.3461349010467529
P2_rgkf,7,XGB,12,0.46,0.4935205578804016
P2_rgkf,7,XGB,17,0.76,0.5276139378547668
P2_rgkf,7,XGB,20,0.74,0.587242841720581
P2_rgkf,7,XGB,24,0.27,0.3193592429161072
P2_rgkf,7,XGB,26,0.38,0.3364640176296234
P2_rgkf,7,XGB,41,0.18,0.1851578801870346
P2_rgkf,7,XGB,50,0.35,0.3426212072372436
P2_rgkf,7,XGB,57,0.09,0.202359139919281
P2_rgkf,7,XGB,59,0.1,0.202359139919281
P2_rgkf,7,XGB,81,0.14,0.1501171439886093
P2_rgkf,7,XGB,84,0.19,0.2748473286628723
P2_rgkf,7,XGB,86,0.17,0.1980197578668594
P2_rgkf,7,XGB,94,0.17,0.1802304834127426
P2_rgkf,7,XGB,97,0.47,0.3461349010467529
P2_rgkf,7,XGB,98,0.64,0.6187166571617126
P2_rgkf,7,XGB,99,0.44,0.3552630245685577
P2_rgkf,7,XGB,107,0.21,0.2659046053886413
P2_rgkf,7,XGB,109,0.17,0.2139102220535278
P2_rgkf,7,LGBM,0,0.37,0.3337372909642442
P2_rgkf,7,LGBM,1,0.37,0.3337372909642442
P2_rgkf,7,LGBM,3,0.42,0.3616106317803925
P2_rgkf,7,LGBM,12,0.46,0.4823280760837825
P2_rgkf,7,LGBM,17,0.76,0.5108127011957483
P2_rgkf,7,LGBM,20,0.74,0.6398564508717726
P2_rgkf,7,LGBM,24,0.27,0.3038992299000781
P2_rgkf,7,LGBM,26,0.38,0.3592534193000948
P2_rgkf,7,LGBM,41,0.18,0.180827588707141
P2_rgkf,7,LGBM,50,0.35,0.3762799202091834
P2_rgkf,7,LGBM,57,0.09,0.1817488483667403
P2_rgkf,7,LGBM,59,0.1,0.2045738822337468
P2_rgkf,7,LGBM,81,0.14,0.1406407348749131
P2_rgkf,7,LGBM,84,0.19,0.2586730942086127
P2_rgkf,7,LGBM,86,0.17,0.2080493715601715
P2_rgkf,7,LGBM,94,0.17,0.1861223023856569
P2_rgkf,7,LGBM,97,0.47,0.3616106317803925
P2_rgkf,7,LGBM,98,0.64,0.6069376358835193
P2_rgkf,7,LGBM,99,0.44,0.3592534193000948
P2_rgkf,7,LGBM,107,0.21,0.2424064634690582
P2_rgkf,7,LGBM,109,0.17,0.217557849216992
P2_rgkf,7,CatB,0,0.37,0.3684847217273533
P2_rgkf,7,CatB,1,0.37,0.3684847217273533
P2_rgkf,7,CatB,3,0.42,0.3600869024221844
P2_rgkf,7,CatB,12,0.46,0.5826660370612858
P2_rgkf,7,CatB,17,0.76,0.4716940066081478
P2_rgkf,7,CatB,20,0.74,0.6179476312967269
P2_rgkf,7,CatB,24,0.27,0.3285921077110338
P2_rgkf,7,CatB,26,0.38,0.3699414496913145
P2_rgkf,7,CatB,41,0.18,0.1934101243492252
P2_rgkf,7,CatB,50,0.35,0.3301757911110071
P2_rgkf,7,CatB,57,0.09,0.2271263790044676
P2_rgkf,7,CatB,59,0.1,0.2381096650892402
P2_rgkf,7,CatB,81,0.14,0.1650198302651965
P2_rgkf,7,CatB,84,0.19,0.2123713958340652
P2_rgkf,7,CatB,86,0.17,0.1953881254934666
P2_rgkf,7,CatB,94,0.17,0.1712477015667371
P2_rgkf,7,CatB,97,0.47,0.3600869024221844
P2_rgkf,7,CatB,98,0.64,0.6414078533139019
P2_rgkf,7,CatB,99,0.44,0.3704025994729027
P2_rgkf,7,CatB,107,0.21,0.207006065258195
P2_rgkf,7,CatB,109,0.17,0.2383047914007614
P2_rgkf,7,SVR,0,0.37,0.3410942503463331
P2_rgkf,7,SVR,1,0.37,0.3410942503463331
P2_rgkf,7,SVR,3,0.42,0.3723685622742886
P2_rgkf,7,SVR,12,0.46,0.4518988713513245
P2_rgkf,7,SVR,17,0.76,0.7030574428361607
P2_rgkf,7,SVR,20,0.74,0.5170799757167115
P2_rgkf,7,SVR,24,0.27,0.2956229807644672
P2_rgkf,7,SVR,26,0.38,0.365672472383132
P2_rgkf,7,SVR,41,0.18,0.2034574549932434
P2_rgkf,7,SVR,50,0.35,0.2464734378978749
P2_rgkf,7,SVR,57,0.09,0.18198509142673
P2_rgkf,7,SVR,59,0.1,0.1882499662946719
P2_rgkf,7,SVR,81,0.14,0.2001124343949509
P2_rgkf,7,SVR,84,0.19,0.2233801887842687
P2_rgkf,7,SVR,86,0.17,0.199553954056554
P2_rgkf,7,SVR,94,0.17,0.1722191018897919
P2_rgkf,7,SVR,97,0.47,0.3723685622742886
P2_rgkf,7,SVR,98,0.64,0.3504986643942797
P2_rgkf,7,SVR,99,0.44,0.3663743096854379
P2_rgkf,7,SVR,107,0.21,0.2064157825092392
P2_rgkf,7,SVR,109,0.17,0.2833328815634353
P2_rgkf,7,GPR,0,0.37,0.3522106567132749
P2_rgkf,7,GPR,1,0.37,0.3522106567132749
P2_rgkf,7,GPR,3,0.42,0.3619447662176403
P2_rgkf,7,GPR,12,0.46,0.4575141101003771
P2_rgkf,7,GPR,17,0.76,0.7361878997727911
P2_rgkf,7,GPR,20,0.74,0.539801612930249
P2_rgkf,7,GPR,24,0.27,0.2957195951091835
P2_rgkf,7,GPR,26,0.38,0.3501754387620556
P2_rgkf,7,GPR,41,0.18,0.1893052310737385
P2_rgkf,7,GPR,50,0.35,0.3441424709613014
P2_rgkf,7,GPR,57,0.09,0.1243101403879244
P2_rgkf,7,GPR,59,0.1,0.126899695003365
P2_rgkf,7,GPR,81,0.14,0.1447669170826669
P2_rgkf,7,GPR,84,0.19,0.1947825458780486
P2_rgkf,7,GPR,86,0.17,0.1978500653467869
P2_rgkf,7,GPR,94,0.17,0.1785179435199393
P2_rgkf,7,GPR,97,0.47,0.3619447662176403
P2_rgkf,7,GPR,98,0.64,0.5943128850673544
P2_rgkf,7,GPR,99,0.44,0.3637088289450715
P2_rgkf,7,GPR,107,0.21,0.203345940586295
P2_rgkf,7,GPR,109,0.17,0.2053510604387317
P2_rgkf,7,ANN,0,0.37,0.3305457429248694
P2_rgkf,7,ANN,1,0.37,0.3305457429248694
P2_rgkf,7,ANN,3,0.42,0.3729852132553015
P2_rgkf,7,ANN,12,0.46,0.4402239332432783
P2_rgkf,7,ANN,17,0.76,0.5872676756742947
P2_rgkf,7,ANN,20,0.74,0.5308025045589275
P2_rgkf,7,ANN,24,0.27,0.3501624568853368
P2_rgkf,7,ANN,26,0.38,0.3548025412988857
P2_rgkf,7,ANN,41,0.18,0.158272400840147
P2_rgkf,7,ANN,50,0.35,0.3674260660760226
P2_rgkf,7,ANN,57,0.09,0.1565741038725366
P2_rgkf,7,ANN,59,0.1,0.1639175663909698
P2_rgkf,7,ANN,81,0.14,0.2472838606115392
P2_rgkf,7,ANN,84,0.19,0.1370547509799883
P2_rgkf,7,ANN,86,0.17,0.2901116884544641
P2_rgkf,7,ANN,94,0.17,0.1611579335004355
P2_rgkf,7,ANN,97,0.47,0.3729852132553015
P2_rgkf,7,ANN,98,0.64,0.7420869429165169
P2_rgkf,7,ANN,99,0.44,0.3632595450266064
P2_rgkf,7,ANN,107,0.21,0.2179468783799303
P2_rgkf,7,ANN,109,0.17,0.219516486108891
P2_rgkf,7,Mean,6,0.64,0.293
P2_rgkf,7,Mean,7,0.42,0.293
P2_rgkf,7,Mean,8,0.26,0.293
P2_rgkf,7,Mean,13,0.48,0.293
P2_rgkf,7,Mean,14,0.48,0.293
P2_rgkf,7,Mean,21,0.44,0.293
P2_rgkf,7,Mean,28,0.38,0.293
P2_rgkf,7,Mean,29,0.64,0.293
P2_rgkf,7,Mean,30,0.54,0.293
P2_rgkf,7,Mean,33,0.54,0.293
P2_rgkf,7,Mean,36,0.17,0.293
P2_rgkf,7,Mean,51,0.23,0.293
P2_rgkf,7,Mean,53,0.35,0.293
P2_rgkf,7,Mean,60,0.02,0.293
P2_rgkf,7,Mean,68,0.15,0.293
P2_rgkf,7,Mean,72,0.21,0.293
P2_rgkf,7,Mean,74,0.15,0.293
P2_rgkf,7,Mean,75,0.19,0.293
P2_rgkf,7,Mean,78,0.14,0.293
P2_rgkf,7,Mean,91,0.14,0.293
P2_rgkf,7,MVR,6,0.64,0.5376374701470192
P2_rgkf,7,MVR,7,0.42,0.4445754522926672
P2_rgkf,7,MVR,8,0.26,0.4445754522926672
P2_rgkf,7,MVR,13,0.48,0.4728864645749563
P2_rgkf,7,MVR,14,0.48,0.5056252854182312
P2_rgkf,7,MVR,21,0.44,0.550580688774845
P2_rgkf,7,MVR,28,0.38,0.2660983395948165
P2_rgkf,7,MVR,29,0.64,0.3805782348528334
P2_rgkf,7,MVR,30,0.54,0.5983912912842618
P2_rgkf,7,MVR,33,0.54,0.5084479012947576
P2_rgkf,7,MVR,36,0.17,0.1993445021023032
P2_rgkf,7,MVR,51,0.23,0.3832465780041019
P2_rgkf,7,MVR,53,0.35,0.2903647705682137
P2_rgkf,7,MVR,60,0.02,0.0825997958908456
P2_rgkf,7,MVR,68,0.15,0.1814871680631133
P2_rgkf,7,MVR,72,0.21,0.183725970172195
P2_rgkf,7,MVR,74,0.15,0.2277938335795991
P2_rgkf,7,MVR,75,0.19,0.2263368787929355
P2_rgkf,7,MVR,78,0.14,0.1858345239748584
P2_rgkf,7,MVR,91,0.14,0.1998293613481032
P2_rgkf,7,Ridge,6,0.64,0.4956807716476309
P2_rgkf,7,Ridge,7,0.42,0.4571993823620683
P2_rgkf,7,Ridge,8,0.26,0.4571993823620683
P2_rgkf,7,Ridge,13,0.48,0.4391021038925727
P2_rgkf,7,Ridge,14,0.48,0.4541241249265494
P2_rgkf,7,Ridge,21,0.44,0.5140261853735064
P2_rgkf,7,Ridge,28,0.38,0.3280008156135284
P2_rgkf,7,Ridge,29,0.64,0.3899590308157125
P2_rgkf,7,Ridge,30,0.54,0.6308233569506692
P2_rgkf,7,Ridge,33,0.54,0.5621363559168986
P2_rgkf,7,Ridge,36,0.17,0.2213562611346176
P2_rgkf,7,Ridge,51,0.23,0.4254876890363529
P2_rgkf,7,Ridge,53,0.35,0.3328107043877354
P2_rgkf,7,Ridge,60,0.02,0.2195294128005877
P2_rgkf,7,Ridge,68,0.15,0.195077106729809
P2_rgkf,7,Ridge,72,0.21,0.1904150836314414
P2_rgkf,7,Ridge,74,0.15,0.2488361075676027
P2_rgkf,7,Ridge,75,0.19,0.2500123384075997
P2_rgkf,7,Ridge,78,0.14,0.2061866524681498
P2_rgkf,7,Ridge,91,0.14,0.2172838272266642
P2_rgkf,7,RF,6,0.64,0.3822996406195929
P2_rgkf,7,RF,7,0.42,0.3923849655132446
P2_rgkf,7,RF,8,0.26,0.3923849655132446
P2_rgkf,7,RF,13,0.48,0.4581530351560208
P2_rgkf,7,RF,14,0.48,0.5019112679477388
P2_rgkf,7,RF,21,0.44,0.6614876551226553
P2_rgkf,7,RF,28,0.38,0.3856295512209483
P2_rgkf,7,RF,29,0.64,0.6186032251082257
P2_rgkf,7,RF,30,0.54,0.6208796726190482
P2_rgkf,7,RF,33,0.54,0.6359615480699856
P2_rgkf,7,RF,36,0.17,0.1741590050468505
P2_rgkf,7,RF,51,0.23,0.4404623057644106
P2_rgkf,7,RF,53,0.35,0.2719308856691649
P2_rgkf,7,RF,60,0.02,0.1364105310636676
P2_rgkf,7,RF,68,0.15,0.1755975893840059
P2_rgkf,7,RF,72,0.21,0.1769985307992815
P2_rgkf,7,RF,74,0.15,0.1786609233948552
P2_rgkf,7,RF,75,0.19,0.1891824372740897
P2_rgkf,7,RF,78,0.14,0.1867726680149992
P2_rgkf,7,RF,91,0.14,0.1858210535256766
P2_rgkf,7,ET,6,0.64,0.3804600168350172
P2_rgkf,7,ET,7,0.42,0.4060752152477139
P2_rgkf,7,ET,8,0.26,0.4060752152477139
P2_rgkf,7,ET,13,0.48,0.5074404461279468
P2_rgkf,7,ET,14,0.48,0.5381003451178458
P2_rgkf,7,ET,21,0.44,0.6415499531024556
P2_rgkf,7,ET,28,0.38,0.4204403571428555
P2_rgkf,7,ET,29,0.64,0.5614980086580097
P2_rgkf,7,ET,30,0.54,0.6049340404040411
P2_rgkf,7,ET,33,0.54,0.6233557996633009
P2_rgkf,7,ET,36,0.17,0.1544151487401481
P2_rgkf,7,ET,51,0.23,0.4226054100529093
P2_rgkf,7,ET,53,0.35,0.259164198209198
P2_rgkf,7,ET,60,0.02,0.1600018253968253
P2_rgkf,7,ET,68,0.15,0.1681185332907833
P2_rgkf,7,ET,72,0.21,0.2043732326192322
P2_rgkf,7,ET,74,0.15,0.1762228139175637
P2_rgkf,7,ET,75,0.19,0.1807921169293667
P2_rgkf,7,ET,78,0.14,0.1806738039460539
P2_rgkf,7,ET,91,0.14,0.1819606876641878
P2_rgkf,7,XGB,6,0.64,0.3531672358512878
P2_rgkf,7,XGB,7,0.42,0.3911219537258148
P2_rgkf,7,XGB,8,0.26,0.3911219537258148
P2_rgkf,7,XGB,13,0.48,0.4785118401050567
P2_rgkf,7,XGB,14,0.48,0.4925658702850342
P2_rgkf,7,XGB,21,0.44,0.5940812230110168
P2_rgkf,7,XGB,28,0.38,0.3962414264678955
P2_rgkf,7,XGB,29,0.64,0.6036090850830078
P2_rgkf,7,XGB,30,0.54,0.6007906198501587
P2_rgkf,7,XGB,33,0.54,0.5755540728569031
P2_rgkf,7,XGB,36,0.17,0.164162278175354
P2_rgkf,7,XGB,51,0.23,0.4012400805950165
P2_rgkf,7,XGB,53,0.35,0.3169633150100708
P2_rgkf,7,XGB,60,0.02,0.1028587073087692
P2_rgkf,7,XGB,68,0.15,0.1828257441520691
P2_rgkf,7,XGB,72,0.21,0.2277888804674148
P2_rgkf,7,XGB,74,0.15,0.1719018965959549
P2_rgkf,7,XGB,75,0.19,0.154601439833641
P2_rgkf,7,XGB,78,0.14,0.209281787276268
P2_rgkf,7,XGB,91,0.14,0.1775382459163665
P2_rgkf,7,LGBM,6,0.64,0.340877312318778
P2_rgkf,7,LGBM,7,0.42,0.4082723655033089
P2_rgkf,7,LGBM,8,0.26,0.4082723655033089
P2_rgkf,7,LGBM,13,0.48,0.4411778554004578
P2_rgkf,7,LGBM,14,0.48,0.4767735250103903
P2_rgkf,7,LGBM,21,0.44,0.6355762642209138
P2_rgkf,7,LGBM,28,0.38,0.3861463454193677
P2_rgkf,7,LGBM,29,0.64,0.6197455409828156
P2_rgkf,7,LGBM,30,0.54,0.5921248751573863
P2_rgkf,7,LGBM,33,0.54,0.6566769636990696
P2_rgkf,7,LGBM,36,0.17,0.1629200491806473
P2_rgkf,7,LGBM,51,0.23,0.4116074378029045
P2_rgkf,7,LGBM,53,0.35,0.3309383306444182
P2_rgkf,7,LGBM,60,0.02,0.1016870274962064
P2_rgkf,7,LGBM,68,0.15,0.1628645821111773
P2_rgkf,7,LGBM,72,0.21,0.2403682917125949
P2_rgkf,7,LGBM,74,0.15,0.1643093461839346
P2_rgkf,7,LGBM,75,0.19,0.1863512288228009
P2_rgkf,7,LGBM,78,0.14,0.1817718290690896
P2_rgkf,7,LGBM,91,0.14,0.181634649351451
P2_rgkf,7,CatB,6,0.64,0.3547255530694745
P2_rgkf,7,CatB,7,0.42,0.4247525918180851
P2_rgkf,7,CatB,8,0.26,0.4247525918180851
P2_rgkf,7,CatB,13,0.48,0.4354913131459788
P2_rgkf,7,CatB,14,0.48,0.5302359593104494
P2_rgkf,7,CatB,21,0.44,0.6679338191155368
P2_rgkf,7,CatB,28,0.38,0.3924028904873297
P2_rgkf,7,CatB,29,0.64,0.6312113753943644
P2_rgkf,7,CatB,30,0.54,0.5246021853300953
P2_rgkf,7,CatB,33,0.54,0.6570163361473793
P2_rgkf,7,CatB,36,0.17,0.1502649082941539
P2_rgkf,7,CatB,51,0.23,0.3828818669993085
P2_rgkf,7,CatB,53,0.35,0.2793021580301144
P2_rgkf,7,CatB,60,0.02,0.1029487182993072
P2_rgkf,7,CatB,68,0.15,0.1851190422260664
P2_rgkf,7,CatB,72,0.21,0.2300897679498554
P2_rgkf,7,CatB,74,0.15,0.1791500366907756
P2_rgkf,7,CatB,75,0.19,0.1662910925146484
P2_rgkf,7,CatB,78,0.14,0.1695491937564116
P2_rgkf,7,CatB,91,0.14,0.1879893382797205
P2_rgkf,7,SVR,6,0.64,0.4277375359087482
P2_rgkf,7,SVR,7,0.42,0.4220813615183003
P2_rgkf,7,SVR,8,0.26,0.4220813615183003
P2_rgkf,7,SVR,13,0.48,0.4080062172535441
P2_rgkf,7,SVR,14,0.48,0.4129616294758032
P2_rgkf,7,SVR,21,0.44,0.6212703625523336
P2_rgkf,7,SVR,28,0.38,0.3927796914431686
P2_rgkf,7,SVR,29,0.64,0.3565927296845212
P2_rgkf,7,SVR,30,0.54,0.6227706177748513
P2_rgkf,7,SVR,33,0.54,0.5865080507504291
P2_rgkf,7,SVR,36,0.17,0.1482165652952164
P2_rgkf,7,SVR,51,0.23,0.4563992154623492
P2_rgkf,7,SVR,53,0.35,0.2391069960861467
P2_rgkf,7,SVR,60,0.02,0.1074176603433273
P2_rgkf,7,SVR,68,0.15,0.1786104912392137
P2_rgkf,7,SVR,72,0.21,0.2308384602454125
P2_rgkf,7,SVR,74,0.15,0.2004205586176146
P2_rgkf,7,SVR,75,0.19,0.1986497960090881
P2_rgkf,7,SVR,78,0.14,0.1476318034999582
P2_rgkf,7,SVR,91,0.14,0.1864396905442789
P2_rgkf,7,GPR,6,0.64,0.3780242502652015
P2_rgkf,7,GPR,7,0.42,0.3892598424641009
P2_rgkf,7,GPR,8,0.26,0.3892598424641009
P2_rgkf,7,GPR,13,0.48,0.5364320770890942
P2_rgkf,7,GPR,14,0.48,0.5410088718080933
P2_rgkf,7,GPR,21,0.44,0.6860311830719927
P2_rgkf,7,GPR,28,0.38,0.3841576872788834
P2_rgkf,7,GPR,29,0.64,0.6160990146056305
P2_rgkf,7,GPR,30,0.54,0.6091023621408198
P2_rgkf,7,GPR,33,0.54,0.6075761526437122
P2_rgkf,7,GPR,36,0.17,0.1544597411463886
P2_rgkf,7,GPR,51,0.23,0.4206269381064227
P2_rgkf,7,GPR,53,0.35,0.1657181368527063
P2_rgkf,7,GPR,60,0.02,0.1062948119911099
P2_rgkf,7,GPR,68,0.15,0.1660482538299732
P2_rgkf,7,GPR,72,0.21,0.2116717758797277
P2_rgkf,7,GPR,74,0.15,0.164259490138801
P2_rgkf,7,GPR,75,0.19,0.1584094824997473
P2_rgkf,7,GPR,78,0.14,0.1363765845988478
P2_rgkf,7,GPR,91,0.14,0.1754935511105863
P2_rgkf,7,ANN,6,0.64,0.3893825083308312
P2_rgkf,7,ANN,7,0.42,0.4060440087162285
P2_rgkf,7,ANN,8,0.26,0.4060440087162285
P2_rgkf,7,ANN,13,0.48,0.422866393966386
P2_rgkf,7,ANN,14,0.48,0.4229703785623105
P2_rgkf,7,ANN,21,0.44,0.5958491344966973
P2_rgkf,7,ANN,28,0.38,0.3624033985999502
P2_rgkf,7,ANN,29,0.64,0.2866734205461272
P2_rgkf,7,ANN,30,0.54,0.5756163645941608
P2_rgkf,7,ANN,33,0.54,0.6080041789703158
P2_rgkf,7,ANN,36,0.17,0.1511407313904035
P2_rgkf,7,ANN,51,0.23,0.438098596388494
P2_rgkf,7,ANN,53,0.35,0.2203436723432869
P2_rgkf,7,ANN,60,0.02,0.0883592757556233
P2_rgkf,7,ANN,68,0.15,0.1871759844482458
P2_rgkf,7,ANN,72,0.21,0.2248108175588435
P2_rgkf,7,ANN,74,0.15,0.1824993930368881
P2_rgkf,7,ANN,75,0.19,0.1933381777167546
P2_rgkf,7,ANN,78,0.14,0.137404842955186
P2_rgkf,7,ANN,91,0.14,0.2174832676292764
P2_rgkf,8,Mean,13,0.48,0.3155172413793103
P2_rgkf,8,Mean,23,0.25,0.3155172413793103
P2_rgkf,8,Mean,32,0.64,0.3155172413793103
P2_rgkf,8,Mean,36,0.17,0.3155172413793103
P2_rgkf,8,Mean,41,0.18,0.3155172413793103
P2_rgkf,8,Mean,44,0.17,0.3155172413793103
P2_rgkf,8,Mean,56,0.09,0.3155172413793103
P2_rgkf,8,Mean,58,0.08,0.3155172413793103
P2_rgkf,8,Mean,64,0.22,0.3155172413793103
P2_rgkf,8,Mean,65,0.24,0.3155172413793103
P2_rgkf,8,Mean,66,0.26,0.3155172413793103
P2_rgkf,8,Mean,67,0.28,0.3155172413793103
P2_rgkf,8,Mean,69,0.17,0.3155172413793103
P2_rgkf,8,Mean,74,0.15,0.3155172413793103
P2_rgkf,8,Mean,78,0.14,0.3155172413793103
P2_rgkf,8,Mean,85,0.15,0.3155172413793103
P2_rgkf,8,Mean,87,0.19,0.3155172413793103
P2_rgkf,8,Mean,90,0.27,0.3155172413793103
P2_rgkf,8,Mean,92,0.14,0.3155172413793103
P2_rgkf,8,Mean,94,0.17,0.3155172413793103
P2_rgkf,8,Mean,98,0.64,0.3155172413793103
P2_rgkf,8,Mean,107,0.21,0.3155172413793103
P2_rgkf,8,Mean,108,0.2,0.3155172413793103
P2_rgkf,8,MVR,13,0.48,0.4312945743191816
P2_rgkf,8,MVR,23,0.25,0.1926861664590819
P2_rgkf,8,MVR,32,0.64,0.8289663040779808
P2_rgkf,8,MVR,36,0.17,0.2019307560444202
P2_rgkf,8,MVR,41,0.18,0.1387828892330229
P2_rgkf,8,MVR,44,0.17,0.1393484834790544
P2_rgkf,8,MVR,56,0.09,0.0620877940439064
P2_rgkf,8,MVR,58,0.08,0.0605819919309184
P2_rgkf,8,MVR,64,0.22,0.2547304497171471
P2_rgkf,8,MVR,65,0.24,0.2547304497171471
P2_rgkf,8,MVR,66,0.26,0.2547304497171471
P2_rgkf,8,MVR,67,0.28,0.2547304497171471
P2_rgkf,8,MVR,69,0.17,0.1368049731814111
P2_rgkf,8,MVR,74,0.15,0.2249146395628933
P2_rgkf,8,MVR,78,0.14,0.1727788159198071
P2_rgkf,8,MVR,85,0.15,0.1738728689326301
P2_rgkf,8,MVR,87,0.19,0.2423752084064651
P2_rgkf,8,MVR,90,0.27,0.122867557805491
P2_rgkf,8,MVR,92,0.14,0.1529299164178909
P2_rgkf,8,MVR,94,0.17,0.1451759023666546
P2_rgkf,8,MVR,98,0.64,0.4978926477226196
P2_rgkf,8,MVR,107,0.21,0.2372471818191854
P2_rgkf,8,MVR,108,0.2,0.2174250569954824
P2_rgkf,8,Ridge,13,0.48,0.4314432063998484
P2_rgkf,8,Ridge,23,0.25,0.2491378608776228
P2_rgkf,8,Ridge,32,0.64,0.7629903507617768
P2_rgkf,8,Ridge,36,0.17,0.2193702861810468
P2_rgkf,8,Ridge,41,0.18,0.1216389937496508
P2_rgkf,8,Ridge,44,0.17,0.0921429592927555
P2_rgkf,8,Ridge,56,0.09,0.0432733069265546
P2_rgkf,8,Ridge,58,0.08,0.0379352759591757
P2_rgkf,8,Ridge,64,0.22,0.2740046049498275
P2_rgkf,8,Ridge,65,0.24,0.2740046049498275
P2_rgkf,8,Ridge,66,0.26,0.2740046049498275
P2_rgkf,8,Ridge,67,0.28,0.2740046049498275
P2_rgkf,8,Ridge,69,0.17,0.1232018145072733
P2_rgkf,8,Ridge,74,0.15,0.2392116290432382
P2_rgkf,8,Ridge,78,0.14,0.1862662784896019
P2_rgkf,8,Ridge,85,0.15,0.122409962570694
P2_rgkf,8,Ridge,87,0.19,0.2243796824667237
P2_rgkf,8,Ridge,90,0.27,0.0942693759397009
P2_rgkf,8,Ridge,92,0.14,0.1635577026548525
P2_rgkf,8,Ridge,94,0.17,0.1519773550769079
P2_rgkf,8,Ridge,98,0.64,0.5065452446568759
P2_rgkf,8,Ridge,107,0.21,0.1971167991423062
P2_rgkf,8,Ridge,108,0.2,0.2375913882593963
P2_rgkf,8,RF,13,0.48,0.4714249640542283
P2_rgkf,8,RF,23,0.25,0.2845907449873945
P2_rgkf,8,RF,32,0.64,0.626076932271948
P2_rgkf,8,RF,36,0.17,0.1765476178211343
P2_rgkf,8,RF,41,0.18,0.1765476178211343
P2_rgkf,8,RF,44,0.17,0.1759131881975869
P2_rgkf,8,RF,56,0.09,0.0977695563731182
P2_rgkf,8,RF,58,0.08,0.0977695563731182
P2_rgkf,8,RF,64,0.22,0.176313003459328
P2_rgkf,8,RF,65,0.24,0.176313003459328
P2_rgkf,8,RF,66,0.26,0.176313003459328
P2_rgkf,8,RF,67,0.28,0.176313003459328
P2_rgkf,8,RF,69,0.17,0.1764063379340106
P2_rgkf,8,RF,74,0.15,0.1766183283020878
P2_rgkf,8,RF,78,0.14,0.1776368070698131
P2_rgkf,8,RF,85,0.15,0.1745795634935976
P2_rgkf,8,RF,87,0.19,0.1799077239712334
P2_rgkf,8,RF,90,0.27,0.1702288041839811
P2_rgkf,8,RF,92,0.14,0.1751823583128774
P2_rgkf,8,RF,94,0.17,0.1763897671159398
P2_rgkf,8,RF,98,0.64,0.5945289016478877
P2_rgkf,8,RF,107,0.21,0.1782785099069752
P2_rgkf,8,RF,108,0.2,0.1787733933448308
P2_rgkf,8,ET,13,0.48,0.4872798610322883
P2_rgkf,8,ET,23,0.25,0.2493418809168656
P2_rgkf,8,ET,32,0.64,0.5599458291708302
P2_rgkf,8,ET,36,0.17,0.1616610680729369
P2_rgkf,8,ET,41,0.18,0.1835319305863763
P2_rgkf,8,ET,44,0.17,0.1995037793376615
P2_rgkf,8,ET,56,0.09,0.1003943950056745
P2_rgkf,8,ET,58,0.08,0.1003693950056745
P2_rgkf,8,ET,64,0.22,0.1957308977428757
P2_rgkf,8,ET,65,0.24,0.1957308977428757
P2_rgkf,8,ET,66,0.26,0.1957308977428757
P2_rgkf,8,ET,67,0.28,0.1957308977428757
P2_rgkf,8,ET,69,0.17,0.1747104157503685
P2_rgkf,8,ET,74,0.15,0.1838996279110646
P2_rgkf,8,ET,78,0.14,0.1832272266335569
P2_rgkf,8,ET,85,0.15,0.1898730186561562
P2_rgkf,8,ET,87,0.19,0.205435988562807
P2_rgkf,8,ET,90,0.27,0.1531041145892816
P2_rgkf,8,ET,92,0.14,0.178475235731116
P2_rgkf,8,ET,94,0.17,0.1835324454347563
P2_rgkf,8,ET,98,0.64,0.586843276353277
P2_rgkf,8,ET,107,0.21,0.2017268943755899
P2_rgkf,8,ET,108,0.2,0.2027289201326896
P2_rgkf,8,XGB,13,0.48,0.4833694100379944
P2_rgkf,8,XGB,23,0.25,0.244448184967041
P2_rgkf,8,XGB,32,0.64,0.522777795791626
P2_rgkf,8,XGB,36,0.17,0.1639910042285919
P2_rgkf,8,XGB,41,0.18,0.1994336396455764
P2_rgkf,8,XGB,44,0.17,0.1790416538715362
P2_rgkf,8,XGB,56,0.09,0.0977372527122497
P2_rgkf,8,XGB,58,0.08,0.0977372527122497
P2_rgkf,8,XGB,64,0.22,0.2022896409034729
P2_rgkf,8,XGB,65,0.24,0.2022896409034729
P2_rgkf,8,XGB,66,0.26,0.2022896409034729
P2_rgkf,8,XGB,67,0.28,0.2022896409034729
P2_rgkf,8,XGB,69,0.17,0.1772265881299972
P2_rgkf,8,XGB,74,0.15,0.1979162245988845
P2_rgkf,8,XGB,78,0.14,0.1878108382225036
P2_rgkf,8,XGB,85,0.15,0.173317477107048
P2_rgkf,8,XGB,87,0.19,0.2083294838666916
P2_rgkf,8,XGB,90,0.27,0.1601102352142334
P2_rgkf,8,XGB,92,0.14,0.1737272888422012
P2_rgkf,8,XGB,94,0.17,0.1601637005805969
P2_rgkf,8,XGB,98,0.64,0.5901739597320557
P2_rgkf,8,XGB,107,0.21,0.2059604078531265
P2_rgkf,8,XGB,108,0.2,0.2029796987771988
P2_rgkf,8,LGBM,13,0.48,0.4627951419722436
P2_rgkf,8,LGBM,23,0.25,0.2527896220646171
P2_rgkf,8,LGBM,32,0.64,0.5804203719047442
P2_rgkf,8,LGBM,36,0.17,0.156053165566668
P2_rgkf,8,LGBM,41,0.18,0.2035605851422421
P2_rgkf,8,LGBM,44,0.17,0.1764071670731502
P2_rgkf,8,LGBM,56,0.09,0.0953710993362659
P2_rgkf,8,LGBM,58,0.08,0.0953710993362659
P2_rgkf,8,LGBM,64,0.22,0.2348479763317695
P2_rgkf,8,LGBM,65,0.24,0.2348479763317695
P2_rgkf,8,LGBM,66,0.26,0.2348479763317695
P2_rgkf,8,LGBM,67,0.28,0.2348479763317695
P2_rgkf,8,LGBM,69,0.17,0.1673284916005728
P2_rgkf,8,LGBM,74,0.15,0.1902803948258948
P2_rgkf,8,LGBM,78,0.14,0.1886309331071792
P2_rgkf,8,LGBM,85,0.15,0.118078087335498
P2_rgkf,8,LGBM,87,0.19,0.2035306516183485
P2_rgkf,8,LGBM,90,0.27,0.1088591256019318
P2_rgkf,8,LGBM,92,0.14,0.1781067752041239
P2_rgkf,8,LGBM,94,0.17,0.1626646077567402
P2_rgkf,8,LGBM,98,0.64,0.5865525336562781
P2_rgkf,8,LGBM,107,0.21,0.1953644411569208
P2_rgkf,8,LGBM,108,0.2,0.1838588717920078
P2_rgkf,8,CatB,13,0.48,0.4583749014397728
P2_rgkf,8,CatB,23,0.25,0.2568967495080702
P2_rgkf,8,CatB,32,0.64,0.6075230563779221
P2_rgkf,8,CatB,36,0.17,0.1553364714146013
P2_rgkf,8,CatB,41,0.18,0.1731651565890758
P2_rgkf,8,CatB,44,0.17,0.2067823328586789
P2_rgkf,8,CatB,56,0.09,0.0916692800419869
P2_rgkf,8,CatB,58,0.08,0.0916692800419869
P2_rgkf,8,CatB,64,0.22,0.2000642058225796
P2_rgkf,8,CatB,65,0.24,0.2000642058225796
P2_rgkf,8,CatB,66,0.26,0.2000642058225796
P2_rgkf,8,CatB,67,0.28,0.2000642058225796
P2_rgkf,8,CatB,69,0.17,0.1742971542244749
P2_rgkf,8,CatB,74,0.15,0.2003296145794618
P2_rgkf,8,CatB,78,0.14,0.184138980189473
P2_rgkf,8,CatB,85,0.15,0.1444379665512903
P2_rgkf,8,CatB,87,0.19,0.2392697388827365
P2_rgkf,8,CatB,90,0.27,0.1201129482326963
P2_rgkf,8,CatB,92,0.14,0.1725203527789245
P2_rgkf,8,CatB,94,0.17,0.1636026914327785
P2_rgkf,8,CatB,98,0.64,0.5886882602803862
P2_rgkf,8,CatB,107,0.21,0.1991106249076587
P2_rgkf,8,CatB,108,0.2,0.2058860914699157
P2_rgkf,8,SVR,13,0.48,0.4670800880583375
P2_rgkf,8,SVR,23,0.25,0.2488752979014405
P2_rgkf,8,SVR,32,0.64,0.3630832695726207
P2_rgkf,8,SVR,36,0.17,0.1680738472763
P2_rgkf,8,SVR,41,0.18,0.215005324151745
P2_rgkf,8,SVR,44,0.17,0.2229415844956347
P2_rgkf,8,SVR,56,0.09,0.0807153218932219
P2_rgkf,8,SVR,58,0.08,0.0803638065271996
P2_rgkf,8,SVR,64,0.22,0.1382192072953987
P2_rgkf,8,SVR,65,0.24,0.1382192072953987
P2_rgkf,8,SVR,66,0.26,0.1382192072953987
P2_rgkf,8,SVR,67,0.28,0.1382192072953987
P2_rgkf,8,SVR,69,0.17,0.1428475404417231
P2_rgkf,8,SVR,74,0.15,0.183061403715658
P2_rgkf,8,SVR,78,0.14,0.159020222752816
P2_rgkf,8,SVR,85,0.15,0.103062109976764
P2_rgkf,8,SVR,87,0.19,0.2497560210123504
P2_rgkf,8,SVR,90,0.27,0.1125909029863924
P2_rgkf,8,SVR,92,0.14,0.1724204942950195
P2_rgkf,8,SVR,94,0.17,0.1621860162441439
P2_rgkf,8,SVR,98,0.64,0.846248721470208
P2_rgkf,8,SVR,107,0.21,0.2178475082087378
P2_rgkf,8,SVR,108,0.2,0.210428292623402
P2_rgkf,8,GPR,13,0.48,0.4551423483810708
P2_rgkf,8,GPR,23,0.25,0.2565638609991242
P2_rgkf,8,GPR,32,0.64,0.5586593123026801
P2_rgkf,8,GPR,36,0.17,0.1511427238184308
P2_rgkf,8,GPR,41,0.18,0.1904518482722022
P2_rgkf,8,GPR,44,0.17,0.1962935406715309
P2_rgkf,8,GPR,56,0.09,0.0791467724586663
P2_rgkf,8,GPR,58,0.08,0.0786619969327433
P2_rgkf,8,GPR,64,0.22,0.2603740651826936
P2_rgkf,8,GPR,65,0.24,0.2603740651826936
P2_rgkf,8,GPR,66,0.26,0.2603740651826936
P2_rgkf,8,GPR,67,0.28,0.2603740651826936
P2_rgkf,8,GPR,69,0.17,0.1634226521512252
P2_rgkf,8,GPR,74,0.15,0.1652876810147609
P2_rgkf,8,GPR,78,0.14,0.1640969586143648
P2_rgkf,8,GPR,85,0.15,0.1912145559258727
P2_rgkf,8,GPR,87,0.19,0.1727572459876875
P2_rgkf,8,GPR,90,0.27,0.155597066897455
P2_rgkf,8,GPR,92,0.14,0.1549694600283869
P2_rgkf,8,GPR,94,0.17,0.1605462766263351
P2_rgkf,8,GPR,98,0.64,0.5882284244243472
P2_rgkf,8,GPR,107,0.21,0.1900586500403448
P2_rgkf,8,GPR,108,0.2,0.1859785323351991
P2_rgkf,8,ANN,13,0.48,0.4504799715060413
P2_rgkf,8,ANN,23,0.25,0.2360600858084202
P2_rgkf,8,ANN,32,0.64,0.353904804319457
P2_rgkf,8,ANN,36,0.17,0.1577812634436323
P2_rgkf,8,ANN,41,0.18,0.199199636429292
P2_rgkf,8,ANN,44,0.17,0.207036457021853
P2_rgkf,8,ANN,56,0.09,0.0864085993179062
P2_rgkf,8,ANN,58,0.08,0.086210842573428
P2_rgkf,8,ANN,64,0.22,0.2291750362583591
P2_rgkf,8,ANN,65,0.24,0.2291750362583591
P2_rgkf,8,ANN,66,0.26,0.2291750362583591
P2_rgkf,8,ANN,67,0.28,0.2291750362583591
P2_rgkf,8,ANN,69,0.17,0.1506172142964524
P2_rgkf,8,ANN,74,0.15,0.1688683528655729
P2_rgkf,8,ANN,78,0.14,0.1350552122343173
P2_rgkf,8,ANN,85,0.15,0.1518744404263464
P2_rgkf,8,ANN,87,0.19,0.2256998084873746
P2_rgkf,8,ANN,90,0.27,0.1515162881914781
P2_rgkf,8,ANN,92,0.14,0.1371363751744844
P2_rgkf,8,ANN,94,0.17,0.1202041840125562
P2_rgkf,8,ANN,98,0.64,1.0494048359779495
P2_rgkf,8,ANN,107,0.21,0.2203539459217201
P2_rgkf,8,ANN,108,0.2,0.2159754489765901
P2_rgkf,8,Mean,2,0.33,0.2818181818181818
P2_rgkf,8,Mean,3,0.42,0.2818181818181818
P2_rgkf,8,Mean,4,0.46,0.2818181818181818
P2_rgkf,8,Mean,9,0.42,0.2818181818181818
P2_rgkf,8,Mean,14,0.48,0.2818181818181818
P2_rgkf,8,Mean,16,0.96,0.2818181818181818
P2_rgkf,8,Mean,21,0.44,0.2818181818181818
P2_rgkf,8,Mean,27,0.37,0.2818181818181818
P2_rgkf,8,Mean,31,0.51,0.2818181818181818
P2_rgkf,8,Mean,34,0.69,0.2818181818181818
P2_rgkf,8,Mean,42,0.19,0.2818181818181818
P2_rgkf,8,Mean,43,0.16,0.2818181818181818
P2_rgkf,8,Mean,45,0.21,0.2818181818181818
P2_rgkf,8,Mean,48,0.35,0.2818181818181818
P2_rgkf,8,Mean,68,0.15,0.2818181818181818
P2_rgkf,8,Mean,73,0.21,0.2818181818181818
P2_rgkf,8,Mean,81,0.14,0.2818181818181818
P2_rgkf,8,Mean,88,0.22,0.2818181818181818
P2_rgkf,8,Mean,97,0.47,0.2818181818181818
P2_rgkf,8,Mean,99,0.44,0.2818181818181818
P2_rgkf,8,Mean,102,0.35,0.2818181818181818
P2_rgkf,8,Mean,109,0.17,0.2818181818181818
P2_rgkf,8,MVR,2,0.33,0.3558553354668117
P2_rgkf,8,MVR,3,0.42,0.3597064540011696
P2_rgkf,8,MVR,4,0.46,0.3558553354668117
P2_rgkf,8,MVR,9,0.42,0.4645184075350302
P2_rgkf,8,MVR,14,0.48,0.4425027919210672
P2_rgkf,8,MVR,16,0.96,0.601075516327357
P2_rgkf,8,MVR,21,0.44,0.5477622084946138
P2_rgkf,8,MVR,27,0.37,0.2601800417062777
P2_rgkf,8,MVR,31,0.51,0.6154293838561066
P2_rgkf,8,MVR,34,0.69,0.5403890714687647
P2_rgkf,8,MVR,42,0.19,0.2207863225925312
P2_rgkf,8,MVR,43,0.16,0.2014457013580069
P2_rgkf,8,MVR,45,0.21,0.1762817131647046
P2_rgkf,8,MVR,48,0.35,0.2734633766606332
P2_rgkf,8,MVR,68,0.15,0.1759748374569672
P2_rgkf,8,MVR,73,0.21,0.2023135896598289
P2_rgkf,8,MVR,81,0.14,0.1934073057260268
P2_rgkf,8,MVR,88,0.22,0.2182435930493772
P2_rgkf,8,MVR,97,0.47,0.3597064540011696
P2_rgkf,8,MVR,99,0.44,0.2593537023373895
P2_rgkf,8,MVR,102,0.35,0.1905063251860904
P2_rgkf,8,MVR,109,0.17,0.2616067973858073
P2_rgkf,8,Ridge,2,0.33,0.4088127183134887
P2_rgkf,8,Ridge,3,0.42,0.411130525924962
P2_rgkf,8,Ridge,4,0.46,0.4088127183134887
P2_rgkf,8,Ridge,9,0.42,0.4594602218510109
P2_rgkf,8,Ridge,14,0.48,0.41677531829038
P2_rgkf,8,Ridge,16,0.96,0.4879479836136815
P2_rgkf,8,Ridge,21,0.44,0.4823143467535668
P2_rgkf,8,Ridge,27,0.37,0.3172070235150364
P2_rgkf,8,Ridge,31,0.51,0.6247552252253512
P2_rgkf,8,Ridge,34,0.69,0.5704316932309585
P2_rgkf,8,Ridge,42,0.19,0.2378075862352737
P2_rgkf,8,Ridge,43,0.16,0.2246949236547979
P2_rgkf,8,Ridge,45,0.21,0.1629882856994027
P2_rgkf,8,Ridge,48,0.35,0.3242192617412674
P2_rgkf,8,Ridge,68,0.15,0.1908264772586609
P2_rgkf,8,Ridge,73,0.21,0.2145597992339084
P2_rgkf,8,Ridge,81,0.14,0.1937632946818639
P2_rgkf,8,Ridge,88,0.22,0.19764401917149
P2_rgkf,8,Ridge,97,0.47,0.411130525924962
P2_rgkf,8,Ridge,99,0.44,0.3164344209778786
P2_rgkf,8,Ridge,102,0.35,0.2146292568348093
P2_rgkf,8,Ridge,109,0.17,0.2718769159318347
P2_rgkf,8,RF,2,0.33,0.357095938804097
P2_rgkf,8,RF,3,0.42,0.3560229229310812
P2_rgkf,8,RF,4,0.46,0.357095938804097
P2_rgkf,8,RF,9,0.42,0.4280834416602776
P2_rgkf,8,RF,14,0.48,0.484630196803283
P2_rgkf,8,RF,16,0.96,0.6321567070347952
P2_rgkf,8,RF,21,0.44,0.6420326605007188
P2_rgkf,8,RF,27,0.37,0.3445478528578584
P2_rgkf,8,RF,31,0.51,0.5935731221882692
P2_rgkf,8,RF,34,0.69,0.6202856127097299
P2_rgkf,8,RF,42,0.19,0.2132313604508657
P2_rgkf,8,RF,43,0.16,0.2122553217510275
P2_rgkf,8,RF,45,0.21,0.2141723302347181
P2_rgkf,8,RF,48,0.35,0.434834433778771
P2_rgkf,8,RF,68,0.15,0.182823548706764
P2_rgkf,8,RF,73,0.21,0.1868720528145544
P2_rgkf,8,RF,81,0.14,0.1808187806693382
P2_rgkf,8,RF,88,0.22,0.1829883635215789
P2_rgkf,8,RF,97,0.47,0.3560229229310812
P2_rgkf,8,RF,99,0.44,0.3445478528578584
P2_rgkf,8,RF,102,0.35,0.4386567438968603
P2_rgkf,8,RF,109,0.17,0.183139878673094
P2_rgkf,8,ET,2,0.33,0.3752279587160534
P2_rgkf,8,ET,3,0.42,0.361347958716054
P2_rgkf,8,ET,4,0.46,0.3752279587160534
P2_rgkf,8,ET,9,0.42,0.4223534592097105
P2_rgkf,8,ET,14,0.48,0.4991947279811695
P2_rgkf,8,ET,16,0.96,0.6610089433497536
P2_rgkf,8,ET,21,0.44,0.6443256886600024
P2_rgkf,8,ET,27,0.37,0.3722115051144229
P2_rgkf,8,ET,31,0.51,0.5776581666666638
P2_rgkf,8,ET,34,0.69,0.5727844047619025
P2_rgkf,8,ET,42,0.19,0.2225293421405304
P2_rgkf,8,ET,43,0.16,0.2021908159260043
P2_rgkf,8,ET,45,0.21,0.253191619340455
P2_rgkf,8,ET,48,0.35,0.4241016785589892
P2_rgkf,8,ET,68,0.15,0.1758543662640382
P2_rgkf,8,ET,73,0.21,0.2023354634686062
P2_rgkf,8,ET,81,0.14,0.1748198110688012
P2_rgkf,8,ET,88,0.22,0.1972541596200643
P2_rgkf,8,ET,97,0.47,0.361347958716054
P2_rgkf,8,ET,99,0.44,0.3710248384477562
P2_rgkf,8,ET,102,0.35,0.4085128109113108
P2_rgkf,8,ET,109,0.17,0.199025756975003
P2_rgkf,8,XGB,2,0.33,0.364778071641922
P2_rgkf,8,XGB,3,0.42,0.3560394942760467
P2_rgkf,8,XGB,4,0.46,0.364778071641922
P2_rgkf,8,XGB,9,0.42,0.387811541557312
P2_rgkf,8,XGB,14,0.48,0.4614513218402862
P2_rgkf,8,XGB,16,0.96,0.6422191262245178
P2_rgkf,8,XGB,21,0.44,0.6531050205230713
P2_rgkf,8,XGB,27,0.37,0.3762136101722717
P2_rgkf,8,XGB,31,0.51,0.5769866108894348
P2_rgkf,8,XGB,34,0.69,0.5994215607643127
P2_rgkf,8,XGB,42,0.19,0.2002919912338256
P2_rgkf,8,XGB,43,0.16,0.2007422000169754
P2_rgkf,8,XGB,45,0.21,0.2241695970296859
P2_rgkf,8,XGB,48,0.35,0.4914008677005768
P2_rgkf,8,XGB,68,0.15,0.1726290434598922
P2_rgkf,8,XGB,73,0.21,0.1906841993331909
P2_rgkf,8,XGB,81,0.14,0.1674402058124542
P2_rgkf,8,XGB,88,0.22,0.1853184401988983
P2_rgkf,8,XGB,97,0.47,0.3560394942760467
P2_rgkf,8,XGB,99,0.44,0.3762136101722717
P2_rgkf,8,XGB,102,0.35,0.4468011856079101
P2_rgkf,8,XGB,109,0.17,0.2000905126333236
P2_rgkf,8,LGBM,2,0.33,0.3695607094296753
P2_rgkf,8,LGBM,3,0.42,0.3695607094296753
P2_rgkf,8,LGBM,4,0.46,0.3695607094296753
P2_rgkf,8,LGBM,9,0.42,0.3868213983148646
P2_rgkf,8,LGBM,14,0.48,0.4508023607025104
P2_rgkf,8,LGBM,16,0.96,0.6690601844674096
P2_rgkf,8,LGBM,21,0.44,0.7122705222216303
P2_rgkf,8,LGBM,27,0.37,0.3788729191197586
P2_rgkf,8,LGBM,31,0.51,0.5759836237653375
P2_rgkf,8,LGBM,34,0.69,0.5929572540394018
P2_rgkf,8,LGBM,42,0.19,0.1815919742471005
P2_rgkf,8,LGBM,43,0.16,0.1826219314733358
P2_rgkf,8,LGBM,45,0.21,0.1997676711249839
P2_rgkf,8,LGBM,48,0.35,0.4314004155869157
P2_rgkf,8,LGBM,68,0.15,0.163283774762166
P2_rgkf,8,LGBM,73,0.21,0.1819497570421603
P2_rgkf,8,LGBM,81,0.14,0.1444521209848268
P2_rgkf,8,LGBM,88,0.22,0.1972634652293911
P2_rgkf,8,LGBM,97,0.47,0.3695607094296753
P2_rgkf,8,LGBM,99,0.44,0.3788729191197586
P2_rgkf,8,LGBM,102,0.35,0.4383279079649466
P2_rgkf,8,LGBM,109,0.17,0.2036969015897962
P2_rgkf,8,CatB,2,0.33,0.3763818010981025
P2_rgkf,8,CatB,3,0.42,0.3426783369330056
P2_rgkf,8,CatB,4,0.46,0.3763818010981025
P2_rgkf,8,CatB,9,0.42,0.434176367692423
P2_rgkf,8,CatB,14,0.48,0.4590146983371471
P2_rgkf,8,CatB,16,0.96,0.6053422906450099
P2_rgkf,8,CatB,21,0.44,0.6644727243879995
P2_rgkf,8,CatB,27,0.37,0.3573985588454546
P2_rgkf,8,CatB,31,0.51,0.5635443478486488
P2_rgkf,8,CatB,34,0.69,0.5522436635220185
P2_rgkf,8,CatB,42,0.19,0.211489151648384
P2_rgkf,8,CatB,43,0.16,0.1956532607771678
P2_rgkf,8,CatB,45,0.21,0.2205762108044765
P2_rgkf,8,CatB,48,0.35,0.4174628496182437
P2_rgkf,8,CatB,68,0.15,0.1781986647293431
P2_rgkf,8,CatB,73,0.21,0.2022918439511016
P2_rgkf,8,CatB,81,0.14,0.1694114036729256
P2_rgkf,8,CatB,88,0.22,0.1849208957889697
P2_rgkf,8,CatB,97,0.47,0.3426783369330056
P2_rgkf,8,CatB,99,0.44,0.3573985588454546
P2_rgkf,8,CatB,102,0.35,0.394977324085223
P2_rgkf,8,CatB,109,0.17,0.2227170389926484
P2_rgkf,8,SVR,2,0.33,0.3734068687767405
P2_rgkf,8,SVR,3,0.42,0.3729708542966222
P2_rgkf,8,SVR,4,0.46,0.3734068687767405
P2_rgkf,8,SVR,9,0.42,0.3827056645949147
P2_rgkf,8,SVR,14,0.48,0.480395382660446
P2_rgkf,8,SVR,16,0.96,0.5822239914850985
P2_rgkf,8,SVR,21,0.44,0.532133995538268
P2_rgkf,8,SVR,27,0.37,0.3764413983311733
P2_rgkf,8,SVR,31,0.51,0.542695863146701
P2_rgkf,8,SVR,34,0.69,0.5384102103530558
P2_rgkf,8,SVR,42,0.19,0.1788895923549906
P2_rgkf,8,SVR,43,0.16,0.1810210472502599
P2_rgkf,8,SVR,45,0.21,0.1702029616235079
P2_rgkf,8,SVR,48,0.35,0.3940536623441544
P2_rgkf,8,SVR,68,0.15,0.1774870112322982
P2_rgkf,8,SVR,73,0.21,0.1854578365202006
P2_rgkf,8,SVR,81,0.14,0.1811747257076358
P2_rgkf,8,SVR,88,0.22,0.2097437980700919
P2_rgkf,8,SVR,97,0.47,0.3729708542966222
P2_rgkf,8,SVR,99,0.44,0.3758878864503254
P2_rgkf,8,SVR,102,0.35,0.2447436730348812
P2_rgkf,8,SVR,109,0.17,0.2557330281747185
P2_rgkf,8,GPR,2,0.33,0.3664038979893874
P2_rgkf,8,GPR,3,0.42,0.3577034940730322
P2_rgkf,8,GPR,4,0.46,0.3664038979893874
P2_rgkf,8,GPR,9,0.42,0.38309959990722
P2_rgkf,8,GPR,14,0.48,0.4595164533745393
P2_rgkf,8,GPR,16,0.96,0.7113818166559597
P2_rgkf,8,GPR,21,0.44,0.6194174909024407
P2_rgkf,8,GPR,27,0.37,0.3641693298234523
P2_rgkf,8,GPR,31,0.51,0.5757189311543354
P2_rgkf,8,GPR,34,0.69,0.5730162437540329
P2_rgkf,8,GPR,42,0.19,0.1841426994535719
P2_rgkf,8,GPR,43,0.16,0.1843081065371324
P2_rgkf,8,GPR,45,0.21,0.1770277170141675
P2_rgkf,8,GPR,48,0.35,0.450756968722713
P2_rgkf,8,GPR,68,0.15,0.1602927385410854
P2_rgkf,8,GPR,73,0.21,0.1897115484445998
P2_rgkf,8,GPR,81,0.14,0.1512470296766546
P2_rgkf,8,GPR,88,0.22,0.1864895653210841
P2_rgkf,8,GPR,97,0.47,0.3577034940730322
P2_rgkf,8,GPR,99,0.44,0.3608242943446271
P2_rgkf,8,GPR,102,0.35,0.5846651626035947
P2_rgkf,8,GPR,109,0.17,0.1969377198407278
P2_rgkf,8,ANN,2,0.33,0.3707394188635753
P2_rgkf,8,ANN,3,0.42,0.3725358045237335
P2_rgkf,8,ANN,4,0.46,0.3707394188635753
P2_rgkf,8,ANN,9,0.42,0.4007693406796772
P2_rgkf,8,ANN,14,0.48,0.4659239596414929
P2_rgkf,8,ANN,16,0.96,0.6339823684243561
P2_rgkf,8,ANN,21,0.44,0.6290080901829238
P2_rgkf,8,ANN,27,0.37,0.3670797117197353
P2_rgkf,8,ANN,31,0.51,0.5671653085579555
P2_rgkf,8,ANN,34,0.69,0.5497463740163302
P2_rgkf,8,ANN,42,0.19,0.1417366473202135
P2_rgkf,8,ANN,43,0.16,0.1432934855602175
P2_rgkf,8,ANN,45,0.21,0.2050272582108657
P2_rgkf,8,ANN,48,0.35,0.3666978447330691
P2_rgkf,8,ANN,68,0.15,0.1759044369862381
P2_rgkf,8,ANN,73,0.21,0.2128567051851035
P2_rgkf,8,ANN,81,0.14,0.2038940756425907
P2_rgkf,8,ANN,88,0.22,0.2087030404972279
P2_rgkf,8,ANN,97,0.47,0.3725358045237335
P2_rgkf,8,ANN,99,0.44,0.366283918206071
P2_rgkf,8,ANN,102,0.35,0.2994112307882841
P2_rgkf,8,ANN,109,0.17,0.2273137337713139
P2_rgkf,8,Mean,12,0.46,0.305632183908046
P2_rgkf,8,Mean,18,0.53,0.305632183908046
P2_rgkf,8,Mean,20,0.74,0.305632183908046
P2_rgkf,8,Mean,33,0.54,0.305632183908046
P2_rgkf,8,Mean,39,0.13,0.305632183908046
P2_rgkf,8,Mean,40,0.15,0.305632183908046
P2_rgkf,8,Mean,49,0.55,0.305632183908046
P2_rgkf,8,Mean,51,0.23,0.305632183908046
P2_rgkf,8,Mean,52,0.4,0.305632183908046
P2_rgkf,8,Mean,61,0.15,0.305632183908046
P2_rgkf,8,Mean,62,0.19,0.305632183908046
P2_rgkf,8,Mean,63,0.23,0.305632183908046
P2_rgkf,8,Mean,71,0.16,0.305632183908046
P2_rgkf,8,Mean,72,0.21,0.305632183908046
P2_rgkf,8,Mean,77,0.15,0.305632183908046
P2_rgkf,8,Mean,79,0.2,0.305632183908046
P2_rgkf,8,Mean,80,0.15,0.305632183908046
P2_rgkf,8,Mean,93,0.2,0.305632183908046
P2_rgkf,8,Mean,96,0.12,0.305632183908046
P2_rgkf,8,Mean,100,0.25,0.305632183908046
P2_rgkf,8,Mean,101,0.2,0.305632183908046
P2_rgkf,8,Mean,104,0.18,0.305632183908046
P2_rgkf,8,Mean,105,0.23,0.305632183908046
P2_rgkf,8,MVR,12,0.46,0.3874372500359895
P2_rgkf,8,MVR,18,0.53,0.6229947418380843
P2_rgkf,8,MVR,20,0.74,0.6087400621608376
P2_rgkf,8,MVR,33,0.54,0.543777835281879
P2_rgkf,8,MVR,39,0.13,0.242115050299002
P2_rgkf,8,MVR,40,0.15,0.2705763418100841
P2_rgkf,8,MVR,49,0.55,0.2389291390509106
P2_rgkf,8,MVR,51,0.23,0.3153006405744567
P2_rgkf,8,MVR,52,0.4,0.2679534933130781
P2_rgkf,8,MVR,61,0.15,0.1723975494844111
P2_rgkf,8,MVR,62,0.19,0.1723975494844111
P2_rgkf,8,MVR,63,0.23,0.1723975494844111
P2_rgkf,8,MVR,71,0.16,0.2328222462224617
P2_rgkf,8,MVR,72,0.21,0.18553155832166
P2_rgkf,8,MVR,77,0.15,0.234189149063088
P2_rgkf,8,MVR,79,0.2,0.284909013031859
P2_rgkf,8,MVR,80,0.15,0.2176803020653993
P2_rgkf,8,MVR,93,0.2,0.171916189226343
P2_rgkf,8,MVR,96,0.12,0.1914817035163393
P2_rgkf,8,MVR,100,0.25,0.199905701617264
P2_rgkf,8,MVR,101,0.2,0.1675419299908097
P2_rgkf,8,MVR,104,0.18,0.1723975494844111
P2_rgkf,8,MVR,105,0.23,0.2137102449176431
P2_rgkf,8,Ridge,12,0.46,0.4130813903044142
P2_rgkf,8,Ridge,18,0.53,0.5401351186748485
P2_rgkf,8,Ridge,20,0.74,0.5408694484311805
P2_rgkf,8,Ridge,33,0.54,0.5760125021650708
P2_rgkf,8,Ridge,39,0.13,0.2804404253215052
P2_rgkf,8,Ridge,40,0.15,0.2885150369184502
P2_rgkf,8,Ridge,49,0.55,0.3060709559595009
P2_rgkf,8,Ridge,51,0.23,0.4103003026338584
P2_rgkf,8,Ridge,52,0.4,0.3692671748148876
P2_rgkf,8,Ridge,61,0.15,0.1831792362982053
P2_rgkf,8,Ridge,62,0.19,0.1831792362982053
P2_rgkf,8,Ridge,63,0.23,0.1831792362982053
P2_rgkf,8,Ridge,71,0.16,0.2607624729543296
P2_rgkf,8,Ridge,72,0.21,0.1970923556730625
P2_rgkf,8,Ridge,77,0.15,0.2500157142114946
P2_rgkf,8,Ridge,79,0.2,0.3237328420180833
P2_rgkf,8,Ridge,80,0.15,0.2251071162147904
P2_rgkf,8,Ridge,93,0.2,0.1970869365833759
P2_rgkf,8,Ridge,96,0.12,0.1528040562099842
P2_rgkf,8,Ridge,100,0.25,0.2635873034562561
P2_rgkf,8,Ridge,101,0.2,0.1928571834893787
P2_rgkf,8,Ridge,104,0.18,0.1831792362982053
P2_rgkf,8,Ridge,105,0.23,0.2065882665781719
P2_rgkf,8,RF,12,0.46,0.50423922541744
P2_rgkf,8,RF,18,0.53,0.5812449773242637
P2_rgkf,8,RF,20,0.74,0.6407787698412707
P2_rgkf,8,RF,33,0.54,0.6292936451247184
P2_rgkf,8,RF,39,0.13,0.1764312174018794
P2_rgkf,8,RF,40,0.15,0.2053829723136343
P2_rgkf,8,RF,49,0.55,0.4519718197278922
P2_rgkf,8,RF,51,0.23,0.4367274376417241
P2_rgkf,8,RF,52,0.4,0.4570101870748312
P2_rgkf,8,RF,61,0.15,0.2439274809317665
P2_rgkf,8,RF,62,0.19,0.2439274809317665
P2_rgkf,8,RF,63,0.23,0.2439274809317665
P2_rgkf,8,RF,71,0.16,0.1808715963078274
P2_rgkf,8,RF,72,0.21,0.1913969396351352
P2_rgkf,8,RF,77,0.15,0.1715952326723233
P2_rgkf,8,RF,79,0.2,0.168741023409364
P2_rgkf,8,RF,80,0.15,0.1611391062663563
P2_rgkf,8,RF,93,0.2,0.2004041039714252
P2_rgkf,8,RF,96,0.12,0.1681346770564441
P2_rgkf,8,RF,100,0.25,0.2667738662131523
P2_rgkf,8,RF,101,0.2,0.1793612813062292
P2_rgkf,8,RF,104,0.18,0.2439274809317665
P2_rgkf,8,RF,105,0.23,0.1674888502641889
P2_rgkf,8,ET,12,0.46,0.4936827823565322
P2_rgkf,8,ET,18,0.53,0.5835715480924303
P2_rgkf,8,ET,20,0.74,0.588828815443815
P2_rgkf,8,ET,33,0.54,0.6065509102009102
P2_rgkf,8,ET,39,0.13,0.1772127427760285
P2_rgkf,8,ET,40,0.15,0.1910210058482388
P2_rgkf,8,ET,49,0.55,0.4496399370781725
P2_rgkf,8,ET,51,0.23,0.4408805226962581
P2_rgkf,8,ET,52,0.4,0.4548392263999622
P2_rgkf,8,ET,61,0.15,0.2289736540232786
P2_rgkf,8,ET,62,0.19,0.2289736540232786
P2_rgkf,8,ET,63,0.23,0.2289736540232786
P2_rgkf,8,ET,71,0.16,0.2001152638285235
P2_rgkf,8,ET,72,0.21,0.2053808600565702
P2_rgkf,8,ET,77,0.15,0.1806717838876408
P2_rgkf,8,ET,79,0.2,0.1902837641215167
P2_rgkf,8,ET,80,0.15,0.1747230896468687
P2_rgkf,8,ET,93,0.2,0.2226326201204656
P2_rgkf,8,ET,96,0.12,0.1777164198776513
P2_rgkf,8,ET,100,0.25,0.2465373175311101
P2_rgkf,8,ET,101,0.2,0.1867455900803705
P2_rgkf,8,ET,104,0.18,0.2289736540232786
P2_rgkf,8,ET,105,0.23,0.1730941353736563
P2_rgkf,8,XGB,12,0.46,0.4871270954608917
P2_rgkf,8,XGB,18,0.53,0.5631150603294373
P2_rgkf,8,XGB,20,0.74,0.574810266494751
P2_rgkf,8,XGB,33,0.54,0.6205232739448547
P2_rgkf,8,XGB,39,0.13,0.17836894094944
P2_rgkf,8,XGB,40,0.15,0.2194757014513015
P2_rgkf,8,XGB,49,0.55,0.4201961755752563
P2_rgkf,8,XGB,51,0.23,0.5280311107635498
P2_rgkf,8,XGB,52,0.4,0.5488353371620178
P2_rgkf,8,XGB,61,0.15,0.1984881907701492
P2_rgkf,8,XGB,62,0.19,0.1984881907701492
P2_rgkf,8,XGB,63,0.23,0.1984881907701492
P2_rgkf,8,XGB,71,0.16,0.2364328801631927
P2_rgkf,8,XGB,72,0.21,0.2077952176332473
P2_rgkf,8,XGB,77,0.15,0.202795460820198
P2_rgkf,8,XGB,79,0.2,0.1830621510744094
P2_rgkf,8,XGB,80,0.15,0.1505649983882904
P2_rgkf,8,XGB,93,0.2,0.1888064891099929
P2_rgkf,8,XGB,96,0.12,0.1612529307603836
P2_rgkf,8,XGB,100,0.25,0.2386251538991928
P2_rgkf,8,XGB,101,0.2,0.2040200680494308
P2_rgkf,8,XGB,104,0.18,0.1984881907701492
P2_rgkf,8,XGB,105,0.23,0.1619209200143814
P2_rgkf,8,LGBM,12,0.46,0.5244519603029917
P2_rgkf,8,LGBM,18,0.53,0.5044389102727193
P2_rgkf,8,LGBM,20,0.74,0.6317381362522815
P2_rgkf,8,LGBM,33,0.54,0.6620373353086952
P2_rgkf,8,LGBM,39,0.13,0.1668532993018327
P2_rgkf,8,LGBM,40,0.15,0.2467826031211589
P2_rgkf,8,LGBM,49,0.55,0.5072666234145644
P2_rgkf,8,LGBM,51,0.23,0.4706664454065362
P2_rgkf,8,LGBM,52,0.4,0.4728759323733761
P2_rgkf,8,LGBM,61,0.15,0.2322632203048341
P2_rgkf,8,LGBM,62,0.19,0.2322632203048341
P2_rgkf,8,LGBM,63,0.23,0.2322632203048341
P2_rgkf,8,LGBM,71,0.16,0.1784486774312935
P2_rgkf,8,LGBM,72,0.21,0.2331649756648665
P2_rgkf,8,LGBM,77,0.15,0.1867617809856299
P2_rgkf,8,LGBM,79,0.2,0.1594790648248904
P2_rgkf,8,LGBM,80,0.15,0.1654882481001429
P2_rgkf,8,LGBM,93,0.2,0.2135599964790755
P2_rgkf,8,LGBM,96,0.12,0.1647134551570491
P2_rgkf,8,LGBM,100,0.25,0.2597768264518669
P2_rgkf,8,LGBM,101,0.2,0.2245590002436569
P2_rgkf,8,LGBM,104,0.18,0.2322632203048341
P2_rgkf,8,LGBM,105,0.23,0.1538882487090397
P2_rgkf,8,CatB,12,0.46,0.4690255957103627
P2_rgkf,8,CatB,18,0.53,0.6290217738714905
P2_rgkf,8,CatB,20,0.74,0.5359887665844216
P2_rgkf,8,CatB,33,0.54,0.609542191316222
P2_rgkf,8,CatB,39,0.13,0.1874905847330179
P2_rgkf,8,CatB,40,0.15,0.183307904526049
P2_rgkf,8,CatB,49,0.55,0.4567910533299126
P2_rgkf,8,CatB,51,0.23,0.4669791500077796
P2_rgkf,8,CatB,52,0.4,0.4830709306637716
P2_rgkf,8,CatB,61,0.15,0.2074363283885362
P2_rgkf,8,CatB,62,0.19,0.2074363283885362
P2_rgkf,8,CatB,63,0.23,0.2074363283885362
P2_rgkf,8,CatB,71,0.16,0.2298917424402807
P2_rgkf,8,CatB,72,0.21,0.1998665765854786
P2_rgkf,8,CatB,77,0.15,0.1856787820610428
P2_rgkf,8,CatB,79,0.2,0.1802275959645916
P2_rgkf,8,CatB,80,0.15,0.1767576697974815
P2_rgkf,8,CatB,93,0.2,0.1933834640552003
P2_rgkf,8,CatB,96,0.12,0.2727732224599188
P2_rgkf,8,CatB,100,0.25,0.2442185909620552
P2_rgkf,8,CatB,101,0.2,0.2245511656977101
P2_rgkf,8,CatB,104,0.18,0.2074363283885362
P2_rgkf,8,CatB,105,0.23,0.1840431530942143
P2_rgkf,8,SVR,12,0.46,0.4773174477811097
P2_rgkf,8,SVR,18,0.53,0.5556750280828696
P2_rgkf,8,SVR,20,0.74,0.5420993101387762
P2_rgkf,8,SVR,33,0.54,0.7304858579368392
P2_rgkf,8,SVR,39,0.13,0.1841108395877645
P2_rgkf,8,SVR,40,0.15,0.1693709279713624
P2_rgkf,8,SVR,49,0.55,0.3875141836433235
P2_rgkf,8,SVR,51,0.23,1.117302493436023
P2_rgkf,8,SVR,52,0.4,1.1201135265472202
P2_rgkf,8,SVR,61,0.15,0.1769936573951037
P2_rgkf,8,SVR,62,0.19,0.1769936573951037
P2_rgkf,8,SVR,63,0.23,0.1769936573951037
P2_rgkf,8,SVR,71,0.16,0.2875329501072126
P2_rgkf,8,SVR,72,0.21,0.2657701737827372
P2_rgkf,8,SVR,77,0.15,0.1642144743904649
P2_rgkf,8,SVR,79,0.2,0.1140287973650716
P2_rgkf,8,SVR,80,0.15,0.1341336901466473
P2_rgkf,8,SVR,93,0.2,0.2583718770832829
P2_rgkf,8,SVR,96,0.12,0.0788710331641368
P2_rgkf,8,SVR,100,0.25,0.2392239731057989
P2_rgkf,8,SVR,101,0.2,0.1930321825870691
P2_rgkf,8,SVR,104,0.18,0.1769936573951037
P2_rgkf,8,SVR,105,0.23,0.1404596295392507
P2_rgkf,8,GPR,12,0.46,0.4653924639131067
P2_rgkf,8,GPR,18,0.53,0.5251761047856852
P2_rgkf,8,GPR,20,0.74,0.5263986668893579
P2_rgkf,8,GPR,33,0.54,0.5830870819684805
P2_rgkf,8,GPR,39,0.13,0.1601363086536012
P2_rgkf,8,GPR,40,0.15,0.1601924977057218
P2_rgkf,8,GPR,49,0.55,0.4384962964719383
P2_rgkf,8,GPR,51,0.23,0.437420136476454
P2_rgkf,8,GPR,52,0.4,0.440953462743936
P2_rgkf,8,GPR,61,0.15,0.2072146967734592
P2_rgkf,8,GPR,62,0.19,0.2072146967734592
P2_rgkf,8,GPR,63,0.23,0.2072146967734592
P2_rgkf,8,GPR,71,0.16,0.1466153448791102
P2_rgkf,8,GPR,72,0.21,0.1868728271026258
P2_rgkf,8,GPR,77,0.15,0.1953982290068578
P2_rgkf,8,GPR,79,0.2,0.2076990525328244
P2_rgkf,8,GPR,80,0.15,0.1610038547164991
P2_rgkf,8,GPR,93,0.2,0.1669154589045898
P2_rgkf,8,GPR,96,0.12,0.1654565219626147
P2_rgkf,8,GPR,100,0.25,0.2639351934027962
P2_rgkf,8,GPR,101,0.2,0.177935512486342
P2_rgkf,8,GPR,104,0.18,0.2072146967734594
P2_rgkf,8,GPR,105,0.23,0.1540599849152746
P2_rgkf,8,ANN,12,0.46,0.3967904471139385
P2_rgkf,8,ANN,18,0.53,0.5763084687700504
P2_rgkf,8,ANN,20,0.74,0.5766864454031547
P2_rgkf,8,ANN,33,0.54,0.5838334703628035
P2_rgkf,8,ANN,39,0.13,0.182354914773503
P2_rgkf,8,ANN,40,0.15,0.2074907488433046
P2_rgkf,8,ANN,49,0.55,0.4668094905803459
P2_rgkf,8,ANN,51,0.23,1.12881679109517
P2_rgkf,8,ANN,52,0.4,1.0324970142648384
P2_rgkf,8,ANN,61,0.15,0.1371729626314462
P2_rgkf,8,ANN,62,0.19,0.1371729626314462
P2_rgkf,8,ANN,63,0.23,0.1371729626314462
P2_rgkf,8,ANN,71,0.16,0.3229477185229862
P2_rgkf,8,ANN,72,0.21,0.2391075193113701
P2_rgkf,8,ANN,77,0.15,0.2129675380320531
P2_rgkf,8,ANN,79,0.2,0.1657075104460288
P2_rgkf,8,ANN,80,0.15,0.1800498109460582
P2_rgkf,8,ANN,93,0.2,0.2088163507640077
P2_rgkf,8,ANN,96,0.12,0.1177882785526528
P2_rgkf,8,ANN,100,0.25,0.2323424940163224
P2_rgkf,8,ANN,101,0.2,0.176028661268852
P2_rgkf,8,ANN,104,0.18,0.1371729626314462
P2_rgkf,8,ANN,105,0.23,0.1516854532158019
P2_rgkf,8,Mean,0,0.37,0.2921348314606742
P2_rgkf,8,Mean,1,0.37,0.2921348314606742
P2_rgkf,8,Mean,6,0.64,0.2921348314606742
P2_rgkf,8,Mean,15,0.75,0.2921348314606742
P2_rgkf,8,Mean,17,0.76,0.2921348314606742
P2_rgkf,8,Mean,22,0.23,0.2921348314606742
P2_rgkf,8,Mean,24,0.27,0.2921348314606742
P2_rgkf,8,Mean,25,0.3,0.2921348314606742
P2_rgkf,8,Mean,29,0.64,0.2921348314606742
P2_rgkf,8,Mean,35,0.17,0.2921348314606742
P2_rgkf,8,Mean,37,0.13,0.2921348314606742
P2_rgkf,8,Mean,38,0.17,0.2921348314606742
P2_rgkf,8,Mean,46,0.44,0.2921348314606742
P2_rgkf,8,Mean,50,0.35,0.2921348314606742
P2_rgkf,8,Mean,53,0.35,0.2921348314606742
P2_rgkf,8,Mean,54,0.29,0.2921348314606742
P2_rgkf,8,Mean,55,0.1,0.2921348314606742
P2_rgkf,8,Mean,70,0.14,0.2921348314606742
P2_rgkf,8,Mean,82,0.15,0.2921348314606742
P2_rgkf,8,Mean,83,0.15,0.2921348314606742
P2_rgkf,8,Mean,106,0.17,0.2921348314606742
P2_rgkf,8,MVR,0,0.37,0.2611498345399061
P2_rgkf,8,MVR,1,0.37,0.2611498345399061
P2_rgkf,8,MVR,6,0.64,0.4710715677978775
P2_rgkf,8,MVR,15,0.75,0.5178645330581189
P2_rgkf,8,MVR,17,0.76,0.4955177942728134
P2_rgkf,8,MVR,22,0.23,0.2065626524263655
P2_rgkf,8,MVR,24,0.27,0.2341950297392313
P2_rgkf,8,MVR,25,0.3,0.2044439708105976
P2_rgkf,8,MVR,29,0.64,0.4257641935149015
P2_rgkf,8,MVR,35,0.17,0.2253341582643331
P2_rgkf,8,MVR,37,0.13,0.2253341582643331
P2_rgkf,8,MVR,38,0.17,0.2179646821853708
P2_rgkf,8,MVR,46,0.44,0.2313487599857044
P2_rgkf,8,MVR,50,0.35,0.2980139728880678
P2_rgkf,8,MVR,53,0.35,0.2552197649749525
P2_rgkf,8,MVR,54,0.29,0.2225488107278755
P2_rgkf,8,MVR,55,0.1,0.1099996193004234
P2_rgkf,8,MVR,70,0.14,0.0989264118098947
P2_rgkf,8,MVR,82,0.15,0.2080362079855802
P2_rgkf,8,MVR,83,0.15,0.2881527079874991
P2_rgkf,8,MVR,106,0.17,0.1637276851721479
P2_rgkf,8,Ridge,0,0.37,0.3554530430549616
P2_rgkf,8,Ridge,1,0.37,0.3554530430549616
P2_rgkf,8,Ridge,6,0.64,0.4631839577821605
P2_rgkf,8,Ridge,15,0.75,0.4747205217108384
P2_rgkf,8,Ridge,17,0.76,0.4598757836075143
P2_rgkf,8,Ridge,22,0.23,0.2653535211326468
P2_rgkf,8,Ridge,24,0.27,0.2838734223626479
P2_rgkf,8,Ridge,25,0.3,0.2603138834531013
P2_rgkf,8,Ridge,29,0.64,0.4032216749325609
P2_rgkf,8,Ridge,35,0.17,0.2485286226470733
P2_rgkf,8,Ridge,37,0.13,0.2485286226470733
P2_rgkf,8,Ridge,38,0.17,0.2401852550209531
P2_rgkf,8,Ridge,46,0.44,0.2796417204044865
P2_rgkf,8,Ridge,50,0.35,0.3589168340439203
P2_rgkf,8,Ridge,53,0.35,0.2903520091437102
P2_rgkf,8,Ridge,54,0.29,0.2731666241161258
P2_rgkf,8,Ridge,55,0.1,0.1969214283919349
P2_rgkf,8,Ridge,70,0.14,0.1048249292558261
P2_rgkf,8,Ridge,82,0.15,0.2011307782539596
P2_rgkf,8,Ridge,83,0.15,0.3220713724667287
P2_rgkf,8,Ridge,106,0.17,0.1723871164171095
P2_rgkf,8,RF,0,0.37,0.4007127894327889
P2_rgkf,8,RF,1,0.37,0.4007127894327889
P2_rgkf,8,RF,6,0.64,0.3691833405211348
P2_rgkf,8,RF,15,0.75,0.73321952861953
P2_rgkf,8,RF,17,0.76,0.5271428288378279
P2_rgkf,8,RF,22,0.23,0.2719042032967033
P2_rgkf,8,RF,24,0.27,0.3584692334245276
P2_rgkf,8,RF,25,0.3,0.3491898345826287
P2_rgkf,8,RF,29,0.64,0.6169879629629619
P2_rgkf,8,RF,35,0.17,0.1761472879768074
P2_rgkf,8,RF,37,0.13,0.1761472879768074
P2_rgkf,8,RF,38,0.17,0.1763451096142343
P2_rgkf,8,RF,46,0.44,0.3966525742775736
P2_rgkf,8,RF,50,0.35,0.3961846560846567
P2_rgkf,8,RF,53,0.35,0.2184703858007019
P2_rgkf,8,RF,54,0.29,0.2276851195530272
P2_rgkf,8,RF,55,0.1,0.0856053475996293
P2_rgkf,8,RF,70,0.14,0.1754071565501443
P2_rgkf,8,RF,82,0.15,0.1821947283771143
P2_rgkf,8,RF,83,0.15,0.2008070512378602
P2_rgkf,8,RF,106,0.17,0.1954727777468733
P2_rgkf,8,ET,0,0.37,0.3811231406677622
P2_rgkf,8,ET,1,0.37,0.3811231406677622
P2_rgkf,8,ET,6,0.64,0.3777738189033202
P2_rgkf,8,ET,15,0.75,0.6064530409152241
P2_rgkf,8,ET,17,0.76,0.554311602217907
P2_rgkf,8,ET,22,0.23,0.2513143585609791
P2_rgkf,8,ET,24,0.27,0.3226477308553518
P2_rgkf,8,ET,25,0.3,0.3075295057471264
P2_rgkf,8,ET,29,0.64,0.5398056199473039
P2_rgkf,8,ET,35,0.17,0.159497396825397
P2_rgkf,8,ET,37,0.13,0.159497396825397
P2_rgkf,8,ET,38,0.17,0.1606634756431309
P2_rgkf,8,ET,46,0.44,0.3815890834581228
P2_rgkf,8,ET,50,0.35,0.3955030760689595
P2_rgkf,8,ET,53,0.35,0.2398107081035919
P2_rgkf,8,ET,54,0.29,0.2519663906432747
P2_rgkf,8,ET,55,0.1,0.1243733337049524
P2_rgkf,8,ET,70,0.14,0.1636281368871495
P2_rgkf,8,ET,82,0.15,0.1914340907403143
P2_rgkf,8,ET,83,0.15,0.2121832106321183
P2_rgkf,8,ET,106,0.17,0.1968046886537436
P2_rgkf,8,XGB,0,0.37,0.3850806951522827
P2_rgkf,8,XGB,1,0.37,0.3850806951522827
P2_rgkf,8,XGB,6,0.64,0.3473220765590668
P2_rgkf,8,XGB,15,0.75,0.6974010467529297
P2_rgkf,8,XGB,17,0.76,0.5018907189369202
P2_rgkf,8,XGB,22,0.23,0.251962661743164
P2_rgkf,8,XGB,24,0.27,0.3357531726360321
P2_rgkf,8,XGB,25,0.3,0.3127986490726471
P2_rgkf,8,XGB,29,0.64,0.6293767094612122
P2_rgkf,8,XGB,35,0.17,0.1616255640983581
P2_rgkf,8,XGB,37,0.13,0.1616255640983581
P2_rgkf,8,XGB,38,0.17,0.1617936789989471
P2_rgkf,8,XGB,46,0.44,0.3657746315002441
P2_rgkf,8,XGB,50,0.35,0.3242769539356231
P2_rgkf,8,XGB,53,0.35,0.2286363095045089
P2_rgkf,8,XGB,54,0.29,0.1544574350118637
P2_rgkf,8,XGB,55,0.1,0.0324813686311244
P2_rgkf,8,XGB,70,0.14,0.1173363327980041
P2_rgkf,8,XGB,82,0.15,0.1865286976099014
P2_rgkf,8,XGB,83,0.15,0.2001184821128845
P2_rgkf,8,XGB,106,0.17,0.190417468547821
P2_rgkf,8,LGBM,0,0.37,0.3620365862591511
P2_rgkf,8,LGBM,1,0.37,0.3620365862591511
P2_rgkf,8,LGBM,6,0.64,0.3490430809789095
P2_rgkf,8,LGBM,15,0.75,0.6590897198506951
P2_rgkf,8,LGBM,17,0.76,0.4674839351004569
P2_rgkf,8,LGBM,22,0.23,0.2490582587419298
P2_rgkf,8,LGBM,24,0.27,0.302489222775737
P2_rgkf,8,LGBM,25,0.3,0.2837138354738706
P2_rgkf,8,LGBM,29,0.64,0.6118886766010554
P2_rgkf,8,LGBM,35,0.17,0.1682820420370202
P2_rgkf,8,LGBM,37,0.13,0.1682820420370202
P2_rgkf,8,LGBM,38,0.17,0.1682820420370202
P2_rgkf,8,LGBM,46,0.44,0.3699366560513318
P2_rgkf,8,LGBM,50,0.35,0.3837163890657478
P2_rgkf,8,LGBM,53,0.35,0.2550689321192178
P2_rgkf,8,LGBM,54,0.29,0.2635863674650301
P2_rgkf,8,LGBM,55,0.1,0.0610266208618858
P2_rgkf,8,LGBM,70,0.14,0.1482499099668083
P2_rgkf,8,LGBM,82,0.15,0.1843570125116297
P2_rgkf,8,LGBM,83,0.15,0.2068644668739259
P2_rgkf,8,LGBM,106,0.17,0.1873838255579449
P2_rgkf,8,CatB,0,0.37,0.3795838600747242
P2_rgkf,8,CatB,1,0.37,0.3795838600747242
P2_rgkf,8,CatB,6,0.64,0.3774858945831324
P2_rgkf,8,CatB,15,0.75,0.6804022269741702
P2_rgkf,8,CatB,17,0.76,0.507263535221968
P2_rgkf,8,CatB,22,0.23,0.2644129959387538
P2_rgkf,8,CatB,24,0.27,0.3274044122496959
P2_rgkf,8,CatB,25,0.3,0.3026099005489205
P2_rgkf,8,CatB,29,0.64,0.6192652388118018
P2_rgkf,8,CatB,35,0.17,0.1656427731075476
P2_rgkf,8,CatB,37,0.13,0.1656427731075476
P2_rgkf,8,CatB,38,0.17,0.1649847662871081
P2_rgkf,8,CatB,46,0.44,0.3961216923598724
P2_rgkf,8,CatB,50,0.35,0.3402501694219647
P2_rgkf,8,CatB,53,0.35,0.2301814173398874
P2_rgkf,8,CatB,54,0.29,0.2218509877957103
P2_rgkf,8,CatB,55,0.1,0.0558493317477839
P2_rgkf,8,CatB,70,0.14,0.1578195886536275
P2_rgkf,8,CatB,82,0.15,0.1819493163138217
P2_rgkf,8,CatB,83,0.15,0.1844988295497361
P2_rgkf,8,CatB,106,0.17,0.1761520929583403
P2_rgkf,8,SVR,0,0.37,0.4008575615552764
P2_rgkf,8,SVR,1,0.37,0.4008575615552764
P2_rgkf,8,SVR,6,0.64,0.4221309745403279
P2_rgkf,8,SVR,15,0.75,0.5329112953508665
P2_rgkf,8,SVR,17,0.76,0.5197118959011735
P2_rgkf,8,SVR,22,0.23,0.2540469000965419
P2_rgkf,8,SVR,24,0.27,0.3311958774181776
P2_rgkf,8,SVR,25,0.3,0.3068160142733946
P2_rgkf,8,SVR,29,0.64,0.4300895978539947
P2_rgkf,8,SVR,35,0.17,0.1731443702267693
P2_rgkf,8,SVR,37,0.13,0.1731443702267693
P2_rgkf,8,SVR,38,0.17,0.1677832300159371
P2_rgkf,8,SVR,46,0.44,0.2402794008231427
P2_rgkf,8,SVR,50,0.35,0.4310043369177329
P2_rgkf,8,SVR,53,0.35,0.2202661865904148
P2_rgkf,8,SVR,54,0.29,0.3292882049648882
P2_rgkf,8,SVR,55,0.1,0.0638439119990095
P2_rgkf,8,SVR,70,0.14,0.1528557824191171
P2_rgkf,8,SVR,82,0.15,0.1396829608864219
P2_rgkf,8,SVR,83,0.15,0.2035928076481037
P2_rgkf,8,SVR,106,0.17,0.1555076598273632
P2_rgkf,8,GPR,0,0.37,0.3791751429938105
P2_rgkf,8,GPR,1,0.37,0.3791751429938105
P2_rgkf,8,GPR,6,0.64,0.3611806537730866
P2_rgkf,8,GPR,15,0.75,0.763898850909274
P2_rgkf,8,GPR,17,0.76,0.7337698974487454
P2_rgkf,8,GPR,22,0.23,0.257694946768691
P2_rgkf,8,GPR,24,0.27,0.3351696349376927
P2_rgkf,8,GPR,25,0.3,0.2895668047561285
P2_rgkf,8,GPR,29,0.64,0.6199263393412738
P2_rgkf,8,GPR,35,0.17,0.1544583787839321
P2_rgkf,8,GPR,37,0.13,0.1544583787839321
P2_rgkf,8,GPR,38,0.17,0.1578813369391106
P2_rgkf,8,GPR,46,0.44,0.3995473620180866
P2_rgkf,8,GPR,50,0.35,0.3163088937639411
P2_rgkf,8,GPR,53,0.35,0.0973943901012975
P2_rgkf,8,GPR,54,0.29,0.1042700667990195
P2_rgkf,8,GPR,55,0.1,0.0304160391843608
P2_rgkf,8,GPR,70,0.14,0.1592077351828433
P2_rgkf,8,GPR,82,0.15,0.1791036114398903
P2_rgkf,8,GPR,83,0.15,0.2449898754115091
P2_rgkf,8,GPR,106,0.17,0.2065946528880231
P2_rgkf,8,ANN,0,0.37,0.2890136830185618
P2_rgkf,8,ANN,1,0.37,0.2890136830185618
P2_rgkf,8,ANN,6,0.64,0.3555242867735166
P2_rgkf,8,ANN,15,0.75,0.6040275054251325
P2_rgkf,8,ANN,17,0.76,0.5235914453723727
P2_rgkf,8,ANN,22,0.23,0.2648664747355383
P2_rgkf,8,ANN,24,0.27,0.3619183169657178
P2_rgkf,8,ANN,25,0.3,0.3234307009639824
P2_rgkf,8,ANN,29,0.64,0.4438821715582222
P2_rgkf,8,ANN,35,0.17,0.1536292167761968
P2_rgkf,8,ANN,37,0.13,0.1536292167761968
P2_rgkf,8,ANN,38,0.17,0.1625958505834262
P2_rgkf,8,ANN,46,0.44,0.3969698447677544
P2_rgkf,8,ANN,50,0.35,0.3312375013555193
P2_rgkf,8,ANN,53,0.35,0.0586665159875141
P2_rgkf,8,ANN,54,0.29,0.1236806963951586
P2_rgkf,8,ANN,55,0.1,0.0262135385820589
P2_rgkf,8,ANN,70,0.14,0.1424712120775268
P2_rgkf,8,ANN,82,0.15,0.1383630191447152
P2_rgkf,8,ANN,83,0.15,0.2602055833283714
P2_rgkf,8,ANN,106,0.17,0.1839175666802267
P2_rgkf,8,Mean,5,0.37,0.3024719101123596
P2_rgkf,8,Mean,7,0.42,0.3024719101123596
P2_rgkf,8,Mean,8,0.26,0.3024719101123596
P2_rgkf,8,Mean,10,0.31,0.3024719101123596
P2_rgkf,8,Mean,11,0.38,0.3024719101123596
P2_rgkf,8,Mean,19,0.56,0.3024719101123596
P2_rgkf,8,Mean,26,0.38,0.3024719101123596
P2_rgkf,8,Mean,28,0.38,0.3024719101123596
P2_rgkf,8,Mean,30,0.54,0.3024719101123596
P2_rgkf,8,Mean,47,0.76,0.3024719101123596
P2_rgkf,8,Mean,57,0.09,0.3024719101123596
P2_rgkf,8,Mean,59,0.1,0.3024719101123596
P2_rgkf,8,Mean,60,0.02,0.3024719101123596
P2_rgkf,8,Mean,75,0.19,0.3024719101123596
P2_rgkf,8,Mean,76,0.18,0.3024719101123596
P2_rgkf,8,Mean,84,0.19,0.3024719101123596
P2_rgkf,8,Mean,86,0.17,0.3024719101123596
P2_rgkf,8,Mean,89,0.2,0.3024719101123596
P2_rgkf,8,Mean,91,0.14,0.3024719101123596
P2_rgkf,8,Mean,95,0.3,0.3024719101123596
P2_rgkf,8,Mean,103,0.08,0.3024719101123596
P2_rgkf,8,MVR,5,0.37,0.7240580306707532
P2_rgkf,8,MVR,7,0.42,0.4968418012692825
P2_rgkf,8,MVR,8,0.26,0.4968418012692825
P2_rgkf,8,MVR,10,0.31,0.6130425309511163
P2_rgkf,8,MVR,11,0.38,0.6130425309511163
P2_rgkf,8,MVR,19,0.56,0.6727883350890805
P2_rgkf,8,MVR,26,0.38,0.2704606781023139
P2_rgkf,8,MVR,28,0.38,0.277743906723176
P2_rgkf,8,MVR,30,0.54,0.6633883025971689
P2_rgkf,8,MVR,47,0.76,0.2121503625985325
P2_rgkf,8,MVR,57,0.09,0.1739560947313762
P2_rgkf,8,MVR,59,0.1,0.1801692801943058
P2_rgkf,8,MVR,60,0.02,0.0951325883050712
P2_rgkf,8,MVR,75,0.19,0.2192841134028223
P2_rgkf,8,MVR,76,0.18,0.2402193480614321
P2_rgkf,8,MVR,84,0.19,0.2279983552544437
P2_rgkf,8,MVR,86,0.17,0.209777902152543
P2_rgkf,8,MVR,89,0.2,0.2261964250832681
P2_rgkf,8,MVR,91,0.14,0.2064395580825632
P2_rgkf,8,MVR,95,0.3,0.232053237170964
P2_rgkf,8,MVR,103,0.08,0.0900979984737375
P2_rgkf,8,Ridge,5,0.37,0.5736046880249606
P2_rgkf,8,Ridge,7,0.42,0.5040475392152172
P2_rgkf,8,Ridge,8,0.26,0.5040475392152172
P2_rgkf,8,Ridge,10,0.31,0.5453255289495176
P2_rgkf,8,Ridge,11,0.38,0.5453255289495176
P2_rgkf,8,Ridge,19,0.56,0.5717451778354004
P2_rgkf,8,Ridge,26,0.38,0.3499029783225012
P2_rgkf,8,Ridge,28,0.38,0.3620371961979969
P2_rgkf,8,Ridge,30,0.54,0.6532012768582944
P2_rgkf,8,Ridge,47,0.76,0.2492679479635942
P2_rgkf,8,Ridge,57,0.09,0.2102418963919787
P2_rgkf,8,Ridge,59,0.1,0.2165378485345894
P2_rgkf,8,Ridge,60,0.02,0.1990461499937599
P2_rgkf,8,Ridge,75,0.19,0.2331467268998499
P2_rgkf,8,Ridge,76,0.18,0.2794970096904301
P2_rgkf,8,Ridge,84,0.19,0.1821870901719837
P2_rgkf,8,Ridge,86,0.17,0.1715303027448989
P2_rgkf,8,Ridge,89,0.2,0.2229847516748712
P2_rgkf,8,Ridge,91,0.14,0.2227183995911436
P2_rgkf,8,Ridge,95,0.3,0.2600159586678644
P2_rgkf,8,Ridge,103,0.08,0.088563698685056
P2_rgkf,8,RF,5,0.37,0.5529353556166051
P2_rgkf,8,RF,7,0.42,0.4342981666213905
P2_rgkf,8,RF,8,0.26,0.4342981666213905
P2_rgkf,8,RF,10,0.31,0.5414951704314199
P2_rgkf,8,RF,11,0.38,0.5414951704314199
P2_rgkf,8,RF,19,0.56,0.6585621741221747
P2_rgkf,8,RF,26,0.38,0.3923746551082931
P2_rgkf,8,RF,28,0.38,0.3936890995527376
P2_rgkf,8,RF,30,0.54,0.5953161093073586
P2_rgkf,8,RF,47,0.76,0.4070046231881722
P2_rgkf,8,RF,57,0.09,0.1961496958420318
P2_rgkf,8,RF,59,0.1,0.2014289325367097
P2_rgkf,8,RF,60,0.02,0.1322069551223286
P2_rgkf,8,RF,75,0.19,0.1716197956793373
P2_rgkf,8,RF,76,0.18,0.1742757165928244
P2_rgkf,8,RF,84,0.19,0.1891032721922801
P2_rgkf,8,RF,86,0.17,0.1835242341001013
P2_rgkf,8,RF,89,0.2,0.1843888089065906
P2_rgkf,8,RF,91,0.14,0.17602622189551
P2_rgkf,8,RF,95,0.3,0.1840092199848578
P2_rgkf,8,RF,103,0.08,0.1260989853530629
P2_rgkf,8,ET,5,0.37,0.5406950396825365
P2_rgkf,8,ET,7,0.42,0.4713630820105791
P2_rgkf,8,ET,8,0.26,0.4713630820105791
P2_rgkf,8,ET,10,0.31,0.5415824603174568
P2_rgkf,8,ET,11,0.38,0.5415824603174568
P2_rgkf,8,ET,19,0.56,0.6372827380952341
P2_rgkf,8,ET,26,0.38,0.4008056944444453
P2_rgkf,8,ET,28,0.38,0.4255351388888898
P2_rgkf,8,ET,30,0.54,0.587981666666666
P2_rgkf,8,ET,47,0.76,0.3898266666666659
P2_rgkf,8,ET,57,0.09,0.1835287962962961
P2_rgkf,8,ET,59,0.1,0.1904616666666664
P2_rgkf,8,ET,60,0.02,0.1513154166666677
P2_rgkf,8,ET,75,0.19,0.1542015894416903
P2_rgkf,8,ET,76,0.18,0.1637365878923141
P2_rgkf,8,ET,84,0.19,0.1887914162457918
P2_rgkf,8,ET,86,0.17,0.1817815782828291
P2_rgkf,8,ET,89,0.2,0.1935530729918231
P2_rgkf,8,ET,91,0.14,0.1799330185319235
P2_rgkf,8,ET,95,0.3,0.1887336794450845
P2_rgkf,8,ET,103,0.08,0.0884202380952389
P2_rgkf,8,XGB,5,0.37,0.6441535949707031
P2_rgkf,8,XGB,7,0.42,0.4024048745632171
P2_rgkf,8,XGB,8,0.26,0.4024048745632171
P2_rgkf,8,XGB,10,0.31,0.6664895415306091
P2_rgkf,8,XGB,11,0.38,0.6664895415306091
P2_rgkf,8,XGB,19,0.56,0.7064759135246277
P2_rgkf,8,XGB,26,0.38,0.4064691364765167
P2_rgkf,8,XGB,28,0.38,0.3990402817726135
P2_rgkf,8,XGB,30,0.54,0.5703864097595215
P2_rgkf,8,XGB,47,0.76,0.4386018514633178
P2_rgkf,8,XGB,57,0.09,0.2860750555992126
P2_rgkf,8,XGB,59,0.1,0.2860750555992126
P2_rgkf,8,XGB,60,0.02,0.1009321063756942
P2_rgkf,8,XGB,75,0.19,0.1289436221122741
P2_rgkf,8,XGB,76,0.18,0.1472892165184021
P2_rgkf,8,XGB,84,0.19,0.2410042881965637
P2_rgkf,8,XGB,86,0.17,0.1921471357345581
P2_rgkf,8,XGB,89,0.2,0.2007801532745361
P2_rgkf,8,XGB,91,0.14,0.1783709526062011
P2_rgkf,8,XGB,95,0.3,0.2317118644714355
P2_rgkf,8,XGB,103,0.08,0.0880774334073066
P2_rgkf,8,LGBM,5,0.37,0.6551817512679059
P2_rgkf,8,LGBM,7,0.42,0.4454961116896456
P2_rgkf,8,LGBM,8,0.26,0.4454961116896456
P2_rgkf,8,LGBM,10,0.31,0.6493974843480281
P2_rgkf,8,LGBM,11,0.38,0.6493974843480281
P2_rgkf,8,LGBM,19,0.56,0.6917780973450343
P2_rgkf,8,LGBM,26,0.38,0.3931221197563788
P2_rgkf,8,LGBM,28,0.38,0.4057933727675689
P2_rgkf,8,LGBM,30,0.54,0.6093074490700503
P2_rgkf,8,LGBM,47,0.76,0.400989666278685
P2_rgkf,8,LGBM,57,0.09,0.2560512031527424
P2_rgkf,8,LGBM,59,0.1,0.3927692912399787
P2_rgkf,8,LGBM,60,0.02,0.0995094540351994
P2_rgkf,8,LGBM,75,0.19,0.1067438212452335
P2_rgkf,8,LGBM,76,0.18,0.1706617368240761
P2_rgkf,8,LGBM,84,0.19,0.2534784965933855
P2_rgkf,8,LGBM,86,0.17,0.2279068367355329
P2_rgkf,8,LGBM,89,0.2,0.1917038546965677
P2_rgkf,8,LGBM,91,0.14,0.1753870004821326
P2_rgkf,8,LGBM,95,0.3,0.3464431572057092
P2_rgkf,8,LGBM,103,0.08,0.0893796844426629
P2_rgkf,8,CatB,5,0.37,0.6562923653179593
P2_rgkf,8,CatB,7,0.42,0.4568596159304
P2_rgkf,8,CatB,8,0.26,0.4568596159304
P2_rgkf,8,CatB,10,0.31,0.6114954256055605
P2_rgkf,8,CatB,11,0.38,0.6114954256055605
P2_rgkf,8,CatB,19,0.56,0.7412056341874564
P2_rgkf,8,CatB,26,0.38,0.3970344096788626
P2_rgkf,8,CatB,28,0.38,0.3881968633802268
P2_rgkf,8,CatB,30,0.54,0.5240707610111721
P2_rgkf,8,CatB,47,0.76,0.4135470308880458
P2_rgkf,8,CatB,57,0.09,0.2050890952405809
P2_rgkf,8,CatB,59,0.1,0.2341046033918734
P2_rgkf,8,CatB,60,0.02,0.1060867115838362
P2_rgkf,8,CatB,75,0.19,0.1366008247031649
P2_rgkf,8,CatB,76,0.18,0.1575526898880387
P2_rgkf,8,CatB,84,0.19,0.213786024543057
P2_rgkf,8,CatB,86,0.17,0.1685703955997845
P2_rgkf,8,CatB,89,0.2,0.200722678743718
P2_rgkf,8,CatB,91,0.14,0.1791465944342202
P2_rgkf,8,CatB,95,0.3,0.1982557949378882
P2_rgkf,8,CatB,103,0.08,0.0884121061736493
P2_rgkf,8,SVR,5,0.37,0.6258165650904239
P2_rgkf,8,SVR,7,0.42,0.4940220502532294
P2_rgkf,8,SVR,8,0.26,0.4940220502532294
P2_rgkf,8,SVR,10,0.31,0.5804238180570394
P2_rgkf,8,SVR,11,0.38,0.5804238180570394
P2_rgkf,8,SVR,19,0.56,0.6856858318091632
P2_rgkf,8,SVR,26,0.38,0.3882110402040701
P2_rgkf,8,SVR,28,0.38,0.4028952780118529
P2_rgkf,8,SVR,30,0.54,0.5710457649360821
P2_rgkf,8,SVR,47,0.76,0.4348841601426493
P2_rgkf,8,SVR,57,0.09,0.1604796231264532
P2_rgkf,8,SVR,59,0.1,0.165246755757169
P2_rgkf,8,SVR,60,0.02,0.1081505620831882
P2_rgkf,8,SVR,75,0.19,0.1714963945734142
P2_rgkf,8,SVR,76,0.18,0.1723781121768375
P2_rgkf,8,SVR,84,0.19,0.1941852771104381
P2_rgkf,8,SVR,86,0.17,0.1908772105689032
P2_rgkf,8,SVR,89,0.2,0.2193258344949097
P2_rgkf,8,SVR,91,0.14,0.1814474795373698
P2_rgkf,8,SVR,95,0.3,0.1856712864975179
P2_rgkf,8,SVR,103,0.08,0.0987049773036013
P2_rgkf,8,GPR,5,0.37,0.5382238646346814
P2_rgkf,8,GPR,7,0.42,0.4668051814735618
P2_rgkf,8,GPR,8,0.26,0.4668051814735618
P2_rgkf,8,GPR,10,0.31,0.515458317928706
P2_rgkf,8,GPR,11,0.38,0.515458317928706
P2_rgkf,8,GPR,19,0.56,0.6110173246991062
P2_rgkf,8,GPR,26,0.38,0.3816262291279499
P2_rgkf,8,GPR,28,0.38,0.4021057257742029
P2_rgkf,8,GPR,30,0.54,0.5951684639691065
P2_rgkf,8,GPR,47,0.76,0.4960759852005598
P2_rgkf,8,GPR,57,0.09,0.1506196987454232
P2_rgkf,8,GPR,59,0.1,0.1548295989452863
P2_rgkf,8,GPR,60,0.02,0.0940794792700503
P2_rgkf,8,GPR,75,0.19,0.1539339634970866
P2_rgkf,8,GPR,76,0.18,0.1668178105445154
P2_rgkf,8,GPR,84,0.19,0.2048754018789766
P2_rgkf,8,GPR,86,0.17,0.2039084131616059
P2_rgkf,8,GPR,89,0.2,0.1919780223298747
P2_rgkf,8,GPR,91,0.14,0.1779408297720995
P2_rgkf,8,GPR,95,0.3,0.1991147698614442
P2_rgkf,8,GPR,103,0.08,0.088980289366352
P2_rgkf,8,ANN,5,0.37,0.7084134315216911
P2_rgkf,8,ANN,7,0.42,0.4873906240726594
P2_rgkf,8,ANN,8,0.26,0.4873906240726594
P2_rgkf,8,ANN,10,0.31,0.6110118505301962
P2_rgkf,8,ANN,11,0.38,0.6110118505301962
P2_rgkf,8,ANN,19,0.56,0.6895343399919593
P2_rgkf,8,ANN,26,0.38,0.3833635131902042
P2_rgkf,8,ANN,28,0.38,0.4176654768407474
P2_rgkf,8,ANN,30,0.54,0.5977194188784423
P2_rgkf,8,ANN,47,0.76,0.3955849239562364
P2_rgkf,8,ANN,57,0.09,0.2357539327844873
P2_rgkf,8,ANN,59,0.1,0.2476992763753645
P2_rgkf,8,ANN,60,0.02,0.1011497500061154
P2_rgkf,8,ANN,75,0.19,0.1604755180735304
P2_rgkf,8,ANN,76,0.18,0.1889649886176143
P2_rgkf,8,ANN,84,0.19,0.1601109983282301
P2_rgkf,8,ANN,86,0.17,0.2020245544816461
P2_rgkf,8,ANN,89,0.2,0.2007410371511875
P2_rgkf,8,ANN,91,0.14,0.1809998677603666
P2_rgkf,8,ANN,95,0.3,0.185127328854275
P2_rgkf,8,ANN,103,0.08,0.0950243932358681
P2_rgkf,9,Mean,9,0.42,0.3055813953488372
P2_rgkf,9,Mean,19,0.56,0.3055813953488372
P2_rgkf,9,Mean,20,0.74,0.3055813953488372
P2_rgkf,9,Mean,28,0.38,0.3055813953488372
P2_rgkf,9,Mean,30,0.54,0.3055813953488372
P2_rgkf,9,Mean,32,0.64,0.3055813953488372
P2_rgkf,9,Mean,35,0.17,0.3055813953488372
P2_rgkf,9,Mean,37,0.13,0.3055813953488372
P2_rgkf,9,Mean,39,0.13,0.3055813953488372
P2_rgkf,9,Mean,41,0.18,0.3055813953488372
P2_rgkf,9,Mean,61,0.15,0.3055813953488372
P2_rgkf,9,Mean,62,0.19,0.3055813953488372
P2_rgkf,9,Mean,63,0.23,0.3055813953488372
P2_rgkf,9,Mean,80,0.15,0.3055813953488372
P2_rgkf,9,Mean,81,0.14,0.3055813953488372
P2_rgkf,9,Mean,83,0.15,0.3055813953488372
P2_rgkf,9,Mean,89,0.2,0.3055813953488372
P2_rgkf,9,Mean,90,0.27,0.3055813953488372
P2_rgkf,9,Mean,91,0.14,0.3055813953488372
P2_rgkf,9,Mean,100,0.25,0.3055813953488372
P2_rgkf,9,Mean,102,0.35,0.3055813953488372
P2_rgkf,9,Mean,104,0.18,0.3055813953488372
P2_rgkf,9,Mean,108,0.2,0.3055813953488372
P2_rgkf,9,Mean,109,0.17,0.3055813953488372
P2_rgkf,9,MVR,9,0.42,0.4860012436264195
P2_rgkf,9,MVR,19,0.56,0.6748624082149429
P2_rgkf,9,MVR,20,0.74,0.63903211672461
P2_rgkf,9,MVR,28,0.38,0.2850606919186361
P2_rgkf,9,MVR,30,0.54,0.673602788529783
P2_rgkf,9,MVR,32,0.64,0.896752859174253
P2_rgkf,9,MVR,35,0.17,0.2291690937307053
P2_rgkf,9,MVR,37,0.13,0.2291690937307053
P2_rgkf,9,MVR,39,0.13,0.2514817964452887
P2_rgkf,9,MVR,41,0.18,0.1510184910246032
P2_rgkf,9,MVR,61,0.15,0.171007619787116
P2_rgkf,9,MVR,62,0.19,0.171007619787116
P2_rgkf,9,MVR,63,0.23,0.171007619787116
P2_rgkf,9,MVR,80,0.15,0.2163432598604598
P2_rgkf,9,MVR,81,0.14,0.203723876965716
P2_rgkf,9,MVR,83,0.15,0.286645437314163
P2_rgkf,9,MVR,89,0.2,0.1853207550777661
P2_rgkf,9,MVR,90,0.27,0.1417284193074136
P2_rgkf,9,MVR,91,0.14,0.2139289232070985
P2_rgkf,9,MVR,100,0.25,0.1966706033577823
P2_rgkf,9,MVR,102,0.35,0.1964827217541303
P2_rgkf,9,MVR,104,0.18,0.171007619787116
P2_rgkf,9,MVR,108,0.2,0.1926147716903682
P2_rgkf,9,MVR,109,0.17,0.2790374034187529
P2_rgkf,9,Ridge,9,0.42,0.4762260061520109
P2_rgkf,9,Ridge,19,0.56,0.5553757590299053
P2_rgkf,9,Ridge,20,0.74,0.5439739726753481
P2_rgkf,9,Ridge,28,0.38,0.3398451762529786
P2_rgkf,9,Ridge,30,0.54,0.6883537763275238
P2_rgkf,9,Ridge,32,0.64,0.8147516047590138
P2_rgkf,9,Ridge,35,0.17,0.2557195439719685
P2_rgkf,9,Ridge,37,0.13,0.2557195439719685
P2_rgkf,9,Ridge,39,0.13,0.277952834303768
P2_rgkf,9,Ridge,41,0.18,0.1460230708273984
P2_rgkf,9,Ridge,61,0.15,0.1796901325223582
P2_rgkf,9,Ridge,62,0.19,0.1796901325223582
P2_rgkf,9,Ridge,63,0.23,0.1796901325223582
P2_rgkf,9,Ridge,80,0.15,0.2207033521700427
P2_rgkf,9,Ridge,81,0.14,0.2050041302738064
P2_rgkf,9,Ridge,83,0.15,0.3397554303827821
P2_rgkf,9,Ridge,89,0.2,0.2210284068847471
P2_rgkf,9,Ridge,90,0.27,0.1194012375660092
P2_rgkf,9,Ridge,91,0.14,0.2121238146863351
P2_rgkf,9,Ridge,100,0.25,0.2539148104649821
P2_rgkf,9,Ridge,102,0.35,0.2269996679865529
P2_rgkf,9,Ridge,104,0.18,0.1796901325223582
P2_rgkf,9,Ridge,108,0.2,0.226283525014392
P2_rgkf,9,Ridge,109,0.17,0.2896800616636724
P2_rgkf,9,RF,9,0.42,0.4519592522556809
P2_rgkf,9,RF,19,0.56,0.646634849515565
P2_rgkf,9,RF,20,0.74,0.646522825706041
P2_rgkf,9,RF,28,0.38,0.3921848412698406
P2_rgkf,9,RF,30,0.54,0.5936141950113382
P2_rgkf,9,RF,32,0.64,0.5954703854875287
P2_rgkf,9,RF,35,0.17,0.174513540438894
P2_rgkf,9,RF,37,0.13,0.174513540438894
P2_rgkf,9,RF,39,0.13,0.1753153170959437
P2_rgkf,9,RF,41,0.18,0.1731067556505093
P2_rgkf,9,RF,61,0.15,0.2278931703637163
P2_rgkf,9,RF,62,0.19,0.2278931703637163
P2_rgkf,9,RF,63,0.23,0.2278931703637163
P2_rgkf,9,RF,80,0.15,0.192989612453504
P2_rgkf,9,RF,81,0.14,0.1758947468561181
P2_rgkf,9,RF,83,0.15,0.1845251585955117
P2_rgkf,9,RF,89,0.2,0.1696966832544793
P2_rgkf,9,RF,90,0.27,0.1660465766070454
P2_rgkf,9,RF,91,0.14,0.1963868024032989
P2_rgkf,9,RF,100,0.25,0.2658020006184296
P2_rgkf,9,RF,102,0.35,0.4346451814058953
P2_rgkf,9,RF,104,0.18,0.2278931703637163
P2_rgkf,9,RF,108,0.2,0.1695523975401936
P2_rgkf,9,RF,109,0.17,0.1994839879519553
P2_rgkf,9,ET,9,0.42,0.4303601980796983
P2_rgkf,9,ET,19,0.56,0.6206404285714315
P2_rgkf,9,ET,20,0.74,0.6036730909090936
P2_rgkf,9,ET,28,0.38,0.4069352654567668
P2_rgkf,9,ET,30,0.54,0.5840694285714304
P2_rgkf,9,ET,32,0.64,0.583748095238097
P2_rgkf,9,ET,35,0.17,0.1725254526258051
P2_rgkf,9,ET,37,0.13,0.1725254526258051
P2_rgkf,9,ET,39,0.13,0.1807651585081578
P2_rgkf,9,ET,41,0.18,0.1868076166284696
P2_rgkf,9,ET,61,0.15,0.2261812508602508
P2_rgkf,9,ET,62,0.19,0.2261812508602508
P2_rgkf,9,ET,63,0.23,0.2261812508602508
P2_rgkf,9,ET,80,0.15,0.1881373029317939
P2_rgkf,9,ET,81,0.14,0.1640282540068625
P2_rgkf,9,ET,83,0.15,0.1971823999181408
P2_rgkf,9,ET,89,0.2,0.2046470851060703
P2_rgkf,9,ET,90,0.27,0.1466324265010351
P2_rgkf,9,ET,91,0.14,0.1923842242555679
P2_rgkf,9,ET,100,0.25,0.2440617044622029
P2_rgkf,9,ET,102,0.35,0.4153018888888891
P2_rgkf,9,ET,104,0.18,0.2261812508602508
P2_rgkf,9,ET,108,0.2,0.2064359825419677
P2_rgkf,9,ET,109,0.17,0.2057418672792109
P2_rgkf,9,XGB,9,0.42,0.4177573919296264
P2_rgkf,9,XGB,19,0.56,0.6304985880851746
P2_rgkf,9,XGB,20,0.74,0.6026853919029236
P2_rgkf,9,XGB,28,0.38,0.3900068402290344
P2_rgkf,9,XGB,30,0.54,0.5760436058044434
P2_rgkf,9,XGB,32,0.64,0.5360667109489441
P2_rgkf,9,XGB,35,0.17,0.176658034324646
P2_rgkf,9,XGB,37,0.13,0.176658034324646
P2_rgkf,9,XGB,39,0.13,0.179484337568283
P2_rgkf,9,XGB,41,0.18,0.1857280135154724
P2_rgkf,9,XGB,61,0.15,0.2413150072097778
P2_rgkf,9,XGB,62,0.19,0.2413150072097778
P2_rgkf,9,XGB,63,0.23,0.2413150072097778
P2_rgkf,9,XGB,80,0.15,0.1822030842304229
P2_rgkf,9,XGB,81,0.14,0.176539197564125
P2_rgkf,9,XGB,83,0.15,0.1923629939556121
P2_rgkf,9,XGB,89,0.2,0.1913286447525024
P2_rgkf,9,XGB,90,0.27,0.1265033483505249
P2_rgkf,9,XGB,91,0.14,0.1940419673919677
P2_rgkf,9,XGB,100,0.25,0.2401731312274933
P2_rgkf,9,XGB,102,0.35,0.4212693572044372
P2_rgkf,9,XGB,104,0.18,0.2413150072097778
P2_rgkf,9,XGB,108,0.2,0.1912139952182769
P2_rgkf,9,XGB,109,0.17,0.2108844965696334
P2_rgkf,9,LGBM,9,0.42,0.4089463340964512
P2_rgkf,9,LGBM,19,0.56,0.6830956521507507
P2_rgkf,9,LGBM,20,0.74,0.6836411110015572
P2_rgkf,9,LGBM,28,0.38,0.3937042485599971
P2_rgkf,9,LGBM,30,0.54,0.5792651478005916
P2_rgkf,9,LGBM,32,0.64,0.5914256006499127
P2_rgkf,9,LGBM,35,0.17,0.1724870356332331
P2_rgkf,9,LGBM,37,0.13,0.1724870356332331
P2_rgkf,9,LGBM,39,0.13,0.1701085690399193
P2_rgkf,9,LGBM,41,0.18,0.1987368874683834
P2_rgkf,9,LGBM,61,0.15,0.2016041802558277
P2_rgkf,9,LGBM,62,0.19,0.2016041802558277
P2_rgkf,9,LGBM,63,0.23,0.2016041802558277
P2_rgkf,9,LGBM,80,0.15,0.1900011322960995
P2_rgkf,9,LGBM,81,0.14,0.1534893122844763
P2_rgkf,9,LGBM,83,0.15,0.1764597834714536
P2_rgkf,9,LGBM,89,0.2,0.1722790536887476
P2_rgkf,9,LGBM,90,0.27,0.1192777822812266
P2_rgkf,9,LGBM,91,0.14,0.1896679091356579
P2_rgkf,9,LGBM,100,0.25,0.2448748535369413
P2_rgkf,9,LGBM,102,0.35,0.4089575340240634
P2_rgkf,9,LGBM,104,0.18,0.2016041802558277
P2_rgkf,9,LGBM,108,0.2,0.1722790536887476
P2_rgkf,9,LGBM,109,0.17,0.2151187657843282
P2_rgkf,9,CatB,9,0.42,0.417272508370728
P2_rgkf,9,CatB,19,0.56,0.6875669797905168
P2_rgkf,9,CatB,20,0.74,0.5943113913980058
P2_rgkf,9,CatB,28,0.38,0.3815521157338029
P2_rgkf,9,CatB,30,0.54,0.5759300247039949
P2_rgkf,9,CatB,32,0.64,0.5777427964080901
P2_rgkf,9,CatB,35,0.17,0.1768106001119318
P2_rgkf,9,CatB,37,0.13,0.1768106001119318
P2_rgkf,9,CatB,39,0.13,0.1802799525607989
P2_rgkf,9,CatB,41,0.18,0.1753709823788091
P2_rgkf,9,CatB,61,0.15,0.210772922056086
P2_rgkf,9,CatB,62,0.19,0.210772922056086
P2_rgkf,9,CatB,63,0.23,0.210772922056086
P2_rgkf,9,CatB,80,0.15,0.1858670935961828
P2_rgkf,9,CatB,81,0.14,0.1552313446078396
P2_rgkf,9,CatB,83,0.15,0.170655408617168
P2_rgkf,9,CatB,89,0.2,0.1978403708676087
P2_rgkf,9,CatB,90,0.27,0.1315887615996622
P2_rgkf,9,CatB,91,0.14,0.1937845054235726
P2_rgkf,9,CatB,100,0.25,0.2584883582465431
P2_rgkf,9,CatB,102,0.35,0.3491802392173
P2_rgkf,9,CatB,104,0.18,0.210772922056086
P2_rgkf,9,CatB,108,0.2,0.1981184939039228
P2_rgkf,9,CatB,109,0.17,0.2228399167369189
P2_rgkf,9,SVR,9,0.42,0.387066032368495
P2_rgkf,9,SVR,19,0.56,0.5210827069211195
P2_rgkf,9,SVR,20,0.74,0.505594304896662
P2_rgkf,9,SVR,28,0.38,0.3582353114351272
P2_rgkf,9,SVR,30,0.54,0.5212983918813392
P2_rgkf,9,SVR,32,0.64,0.2607751566946522
P2_rgkf,9,SVR,35,0.17,0.1747846028310253
P2_rgkf,9,SVR,37,0.13,0.1747846028310253
P2_rgkf,9,SVR,39,0.13,0.1916401649933828
P2_rgkf,9,SVR,41,0.18,0.181910145978911
P2_rgkf,9,SVR,61,0.15,0.2042399178425107
P2_rgkf,9,SVR,62,0.19,0.2042399178425107
P2_rgkf,9,SVR,63,0.23,0.2042399178425107
P2_rgkf,9,SVR,80,0.15,0.2637229036373851
P2_rgkf,9,SVR,81,0.14,0.2127658146967716
P2_rgkf,9,SVR,83,0.15,0.2304963704148444
P2_rgkf,9,SVR,89,0.2,0.2311708235748639
P2_rgkf,9,SVR,90,0.27,0.1261987266974372
P2_rgkf,9,SVR,91,0.14,0.2392010694476004
P2_rgkf,9,SVR,100,0.25,0.2499882980334875
P2_rgkf,9,SVR,102,0.35,0.3333400668853447
P2_rgkf,9,SVR,104,0.18,0.2042399178425107
P2_rgkf,9,SVR,108,0.2,0.236472385734701
P2_rgkf,9,SVR,109,0.17,0.2898650572368952
P2_rgkf,9,GPR,9,0.42,0.3984330765755374
P2_rgkf,9,GPR,19,0.56,0.5312976292007549
P2_rgkf,9,GPR,20,0.74,0.5291263651707323
P2_rgkf,9,GPR,28,0.38,0.4409493048768767
P2_rgkf,9,GPR,30,0.54,0.5747666568750618
P2_rgkf,9,GPR,32,0.64,0.5754398009362364
P2_rgkf,9,GPR,35,0.17,0.1651994673178052
P2_rgkf,9,GPR,37,0.13,0.1651994673178052
P2_rgkf,9,GPR,39,0.13,0.1625513641153019
P2_rgkf,9,GPR,41,0.18,0.1881713205100093
P2_rgkf,9,GPR,61,0.15,0.2062701796910974
P2_rgkf,9,GPR,62,0.19,0.2062701796910974
P2_rgkf,9,GPR,63,0.23,0.2062701796910974
P2_rgkf,9,GPR,80,0.15,0.1644619851328325
P2_rgkf,9,GPR,81,0.14,0.1504740369571742
P2_rgkf,9,GPR,83,0.15,0.2386037134954345
P2_rgkf,9,GPR,89,0.2,0.1517412788741663
P2_rgkf,9,GPR,90,0.27,0.1598056134790519
P2_rgkf,9,GPR,91,0.14,0.1881208520094957
P2_rgkf,9,GPR,100,0.25,0.2509943056150969
P2_rgkf,9,GPR,102,0.35,0.6115819872499129
P2_rgkf,9,GPR,104,0.18,0.2062701796910974
P2_rgkf,9,GPR,108,0.2,0.1525787030988832
P2_rgkf,9,GPR,109,0.17,0.1809094013732298
P2_rgkf,9,ANN,9,0.42,0.393176911242367
P2_rgkf,9,ANN,19,0.56,0.5695986155589107
P2_rgkf,9,ANN,20,0.74,0.5083232993897504
P2_rgkf,9,ANN,28,0.38,0.4206297989955121
P2_rgkf,9,ANN,30,0.54,0.5251220303224882
P2_rgkf,9,ANN,32,0.64,0.4010872593028941
P2_rgkf,9,ANN,35,0.17,0.1785889246216261
P2_rgkf,9,ANN,37,0.13,0.1785889246216261
P2_rgkf,9,ANN,39,0.13,0.1992739522367489
P2_rgkf,9,ANN,41,0.18,0.1937930768082593
P2_rgkf,9,ANN,61,0.15,0.1721087578984103
P2_rgkf,9,ANN,62,0.19,0.1721087578984103
P2_rgkf,9,ANN,63,0.23,0.1721087578984103
P2_rgkf,9,ANN,80,0.15,0.2833327742516737
P2_rgkf,9,ANN,81,0.14,0.4013850560263418
P2_rgkf,9,ANN,83,0.15,0.2173262851477603
P2_rgkf,9,ANN,89,0.2,0.1957161906871737
P2_rgkf,9,ANN,90,0.27,0.1922719755604211
P2_rgkf,9,ANN,91,0.14,0.2481101828388234
P2_rgkf,9,ANN,100,0.25,0.2389006099951494
P2_rgkf,9,ANN,102,0.35,0.3190933815444386
P2_rgkf,9,ANN,104,0.18,0.1721087578984103
P2_rgkf,9,ANN,108,0.2,0.2116411619582509
P2_rgkf,9,ANN,109,0.17,0.2305346098699948
P2_rgkf,9,Mean,0,0.37,0.2839325842696629
P2_rgkf,9,Mean,1,0.37,0.2839325842696629
P2_rgkf,9,Mean,13,0.48,0.2839325842696629
P2_rgkf,9,Mean,15,0.75,0.2839325842696629
P2_rgkf,9,Mean,16,0.96,0.2839325842696629
P2_rgkf,9,Mean,17,0.76,0.2839325842696629
P2_rgkf,9,Mean,21,0.44,0.2839325842696629
P2_rgkf,9,Mean,26,0.38,0.2839325842696629
P2_rgkf,9,Mean,43,0.16,0.2839325842696629
P2_rgkf,9,Mean,47,0.76,0.2839325842696629
P2_rgkf,9,Mean,50,0.35,0.2839325842696629
P2_rgkf,9,Mean,51,0.23,0.2839325842696629
P2_rgkf,9,Mean,54,0.29,0.2839325842696629
P2_rgkf,9,Mean,72,0.21,0.2839325842696629
P2_rgkf,9,Mean,75,0.19,0.2839325842696629
P2_rgkf,9,Mean,76,0.18,0.2839325842696629
P2_rgkf,9,Mean,77,0.15,0.2839325842696629
P2_rgkf,9,Mean,78,0.14,0.2839325842696629
P2_rgkf,9,Mean,87,0.19,0.2839325842696629
P2_rgkf,9,Mean,103,0.08,0.2839325842696629
P2_rgkf,9,Mean,105,0.23,0.2839325842696629
P2_rgkf,9,MVR,0,0.37,0.2778282180519069
P2_rgkf,9,MVR,1,0.37,0.2778282180519069
P2_rgkf,9,MVR,13,0.48,0.3972081053517528
P2_rgkf,9,MVR,15,0.75,0.5141462087205474
P2_rgkf,9,MVR,16,0.96,0.5773835049973127
P2_rgkf,9,MVR,17,0.76,0.491876215685513
P2_rgkf,9,MVR,21,0.44,0.5348646863774671
P2_rgkf,9,MVR,26,0.38,0.258211898390548
P2_rgkf,9,MVR,43,0.16,0.1959168060514589
P2_rgkf,9,MVR,47,0.76,0.2132058599054413
P2_rgkf,9,MVR,50,0.35,0.3243530306745208
P2_rgkf,9,MVR,51,0.23,0.3186857087918324
P2_rgkf,9,MVR,54,0.29,0.2326910361986109
P2_rgkf,9,MVR,72,0.21,0.1839713650813891
P2_rgkf,9,MVR,75,0.19,0.207334839543708
P2_rgkf,9,MVR,76,0.18,0.2607635971563461
P2_rgkf,9,MVR,77,0.15,0.2306635093429838
P2_rgkf,9,MVR,78,0.14,0.172597221138789
P2_rgkf,9,MVR,87,0.19,0.2230991179409531
P2_rgkf,9,MVR,103,0.08,0.0663553487833849
P2_rgkf,9,MVR,105,0.23,0.2026634727799139
P2_rgkf,9,Ridge,0,0.37,0.3667372706578721
P2_rgkf,9,Ridge,1,0.37,0.3667372706578721
P2_rgkf,9,Ridge,13,0.48,0.3759644566693926
P2_rgkf,9,Ridge,15,0.75,0.4364582567095822
P2_rgkf,9,Ridge,16,0.96,0.4496421381637882
P2_rgkf,9,Ridge,17,0.76,0.4236231004600846
P2_rgkf,9,Ridge,21,0.44,0.4464675487586444
P2_rgkf,9,Ridge,26,0.38,0.3079445641955016
P2_rgkf,9,Ridge,43,0.16,0.236262047339098
P2_rgkf,9,Ridge,47,0.76,0.2470638285991341
P2_rgkf,9,Ridge,50,0.35,0.3913687574811595
P2_rgkf,9,Ridge,51,0.23,0.319147096073363
P2_rgkf,9,Ridge,54,0.29,0.2839607602219118
P2_rgkf,9,Ridge,72,0.21,0.1734530487661634
P2_rgkf,9,Ridge,75,0.19,0.2315679868415857
P2_rgkf,9,Ridge,76,0.18,0.2754439173971765
P2_rgkf,9,Ridge,77,0.15,0.2460458487569506
P2_rgkf,9,Ridge,78,0.14,0.1870054229410561
P2_rgkf,9,Ridge,87,0.19,0.2153931196575969
P2_rgkf,9,Ridge,103,0.08,0.0854140045835847
P2_rgkf,9,Ridge,105,0.23,0.2133560717855028
P2_rgkf,9,RF,0,0.37,0.3855319792473248
P2_rgkf,9,RF,1,0.37,0.3855319792473248
P2_rgkf,9,RF,13,0.48,0.445286757300369
P2_rgkf,9,RF,15,0.75,0.5435641392599291
P2_rgkf,9,RF,16,0.96,0.5210891556134014
P2_rgkf,9,RF,17,0.76,0.4741944182489481
P2_rgkf,9,RF,21,0.44,0.5761708750063734
P2_rgkf,9,RF,26,0.38,0.3848214087782619
P2_rgkf,9,RF,43,0.16,0.1903236447562784
P2_rgkf,9,RF,47,0.76,0.4041449589990634
P2_rgkf,9,RF,50,0.35,0.443865644947575
P2_rgkf,9,RF,51,0.23,0.4026105643799949
P2_rgkf,9,RF,54,0.29,0.3238934602738308
P2_rgkf,9,RF,72,0.21,0.1825185634627243
P2_rgkf,9,RF,75,0.19,0.1845844735841038
P2_rgkf,9,RF,76,0.18,0.1848029924675193
P2_rgkf,9,RF,77,0.15,0.1865069868088488
P2_rgkf,9,RF,78,0.14,0.1818857422537275
P2_rgkf,9,RF,87,0.19,0.1849406133596095
P2_rgkf,9,RF,103,0.08,0.1041278683717792
P2_rgkf,9,RF,105,0.23,0.1750827987909874
P2_rgkf,9,ET,0,0.37,0.3953440398490394
P2_rgkf,9,ET,1,0.37,0.3953440398490394
P2_rgkf,9,ET,13,0.48,0.4591402332112324
P2_rgkf,9,ET,15,0.75,0.5271268501498513
P2_rgkf,9,ET,16,0.96,0.5320479771339782
P2_rgkf,9,ET,17,0.76,0.5131797549117564
P2_rgkf,9,ET,21,0.44,0.5821811688311717
P2_rgkf,9,ET,26,0.38,0.3819475555555565
P2_rgkf,9,ET,43,0.16,0.1964058620268614
P2_rgkf,9,ET,47,0.76,0.4003043650793671
P2_rgkf,9,ET,50,0.35,0.3976975396825417
P2_rgkf,9,ET,51,0.23,0.3972653015873035
P2_rgkf,9,ET,54,0.29,0.2872766064586756
P2_rgkf,9,ET,72,0.21,0.1928142566418257
P2_rgkf,9,ET,75,0.19,0.1748957559203251
P2_rgkf,9,ET,76,0.18,0.1806420416346105
P2_rgkf,9,ET,77,0.15,0.1780114543330233
P2_rgkf,9,ET,78,0.14,0.1758306614037304
P2_rgkf,9,ET,87,0.19,0.2040097857142859
P2_rgkf,9,ET,103,0.08,0.0929109652014652
P2_rgkf,9,ET,105,0.23,0.1510229001094691
P2_rgkf,9,XGB,0,0.37,0.3711486756801605
P2_rgkf,9,XGB,1,0.37,0.3711486756801605
P2_rgkf,9,XGB,13,0.48,0.4532606601715088
P2_rgkf,9,XGB,15,0.75,0.5891301035881042
P2_rgkf,9,XGB,16,0.96,0.5449094772338867
P2_rgkf,9,XGB,17,0.76,0.4797707796096802
P2_rgkf,9,XGB,21,0.44,0.5524839162826538
P2_rgkf,9,XGB,26,0.38,0.3731007874011993
P2_rgkf,9,XGB,43,0.16,0.1726071238517761
P2_rgkf,9,XGB,47,0.76,0.388602614402771
P2_rgkf,9,XGB,50,0.35,0.4404243528842926
P2_rgkf,9,XGB,51,0.23,0.4699859917163849
P2_rgkf,9,XGB,54,0.29,0.3112742304801941
P2_rgkf,9,XGB,72,0.21,0.1739068925380706
P2_rgkf,9,XGB,75,0.19,0.1575074344873428
P2_rgkf,9,XGB,76,0.18,0.1629001796245575
P2_rgkf,9,XGB,77,0.15,0.1744670271873474
P2_rgkf,9,XGB,78,0.14,0.1507833898067474
P2_rgkf,9,XGB,87,0.19,0.2335814982652664
P2_rgkf,9,XGB,103,0.08,0.0931935682892799
P2_rgkf,9,XGB,105,0.23,0.1736623346805572
P2_rgkf,9,LGBM,0,0.37,0.3470221733325468
P2_rgkf,9,LGBM,1,0.37,0.3470221733325468
P2_rgkf,9,LGBM,13,0.48,0.4458215987137403
P2_rgkf,9,LGBM,15,0.75,0.5354661557101185
P2_rgkf,9,LGBM,16,0.96,0.5296598759134051
P2_rgkf,9,LGBM,17,0.76,0.4778569547180528
P2_rgkf,9,LGBM,21,0.44,0.5521167362281757
P2_rgkf,9,LGBM,26,0.38,0.389914947113409
P2_rgkf,9,LGBM,43,0.16,0.1900765357703736
P2_rgkf,9,LGBM,47,0.76,0.3831471433019338
P2_rgkf,9,LGBM,50,0.35,0.4220370539918457
P2_rgkf,9,LGBM,51,0.23,0.4362502555122422
P2_rgkf,9,LGBM,54,0.29,0.2960628515806452
P2_rgkf,9,LGBM,72,0.21,0.1864921076346896
P2_rgkf,9,LGBM,75,0.19,0.1586232828340779
P2_rgkf,9,LGBM,76,0.18,0.1666340684693409
P2_rgkf,9,LGBM,77,0.15,0.1955272410747671
P2_rgkf,9,LGBM,78,0.14,0.165827489021944
P2_rgkf,9,LGBM,87,0.19,0.2337034816517502
P2_rgkf,9,LGBM,103,0.08,0.098633245939277
P2_rgkf,9,LGBM,105,0.23,0.1653915232232469
P2_rgkf,9,CatB,0,0.37,0.3736020313265078
P2_rgkf,9,CatB,1,0.37,0.3736020313265078
P2_rgkf,9,CatB,13,0.48,0.4335665875612274
P2_rgkf,9,CatB,15,0.75,0.4891136711702056
P2_rgkf,9,CatB,16,0.96,0.4899988914890852
P2_rgkf,9,CatB,17,0.76,0.4347086321411194
P2_rgkf,9,CatB,21,0.44,0.5000911573682453
P2_rgkf,9,CatB,26,0.38,0.3509391707373457
P2_rgkf,9,CatB,43,0.16,0.2105627956159826
P2_rgkf,9,CatB,47,0.76,0.3639706630059233
P2_rgkf,9,CatB,50,0.35,0.4523323118566507
P2_rgkf,9,CatB,51,0.23,0.4214590322068771
P2_rgkf,9,CatB,54,0.29,0.3120188457958244
P2_rgkf,9,CatB,72,0.21,0.1998948621973191
P2_rgkf,9,CatB,75,0.19,0.1780235329686896
P2_rgkf,9,CatB,76,0.18,0.1907589184500201
P2_rgkf,9,CatB,77,0.15,0.192055268769524
P2_rgkf,9,CatB,78,0.14,0.1736098157978604
P2_rgkf,9,CatB,87,0.19,0.2181205538099392
P2_rgkf,9,CatB,103,0.08,0.1083994804792523
P2_rgkf,9,CatB,105,0.23,0.180860081167736
P2_rgkf,9,SVR,0,0.37,0.3575486891323673
P2_rgkf,9,SVR,1,0.37,0.3575486891323673
P2_rgkf,9,SVR,13,0.48,0.4131228544845174
P2_rgkf,9,SVR,15,0.75,0.5255306612316961
P2_rgkf,9,SVR,16,0.96,0.5459046750820212
P2_rgkf,9,SVR,17,0.76,0.5100327627252221
P2_rgkf,9,SVR,21,0.44,0.517834200410267
P2_rgkf,9,SVR,26,0.38,0.3675586994572664
P2_rgkf,9,SVR,43,0.16,0.185923587058248
P2_rgkf,9,SVR,47,0.76,0.3065644243004223
P2_rgkf,9,SVR,50,0.35,0.3191139591772216
P2_rgkf,9,SVR,51,0.23,0.4295975279611183
P2_rgkf,9,SVR,54,0.29,0.3307216892641327
P2_rgkf,9,SVR,72,0.21,0.2178194373344897
P2_rgkf,9,SVR,75,0.19,0.1829727293472595
P2_rgkf,9,SVR,76,0.18,0.2078842487569738
P2_rgkf,9,SVR,77,0.15,0.1920915216292947
P2_rgkf,9,SVR,78,0.14,0.1309381369685639
P2_rgkf,9,SVR,87,0.19,0.1823614850089488
P2_rgkf,9,SVR,103,0.08,0.0903475463686419
P2_rgkf,9,SVR,105,0.23,0.1625651047051857
P2_rgkf,9,GPR,0,0.37,0.2712546235776066
P2_rgkf,9,GPR,1,0.37,0.2712546235776066
P2_rgkf,9,GPR,13,0.48,0.4589255426466018
P2_rgkf,9,GPR,15,0.75,0.395124371506301
P2_rgkf,9,GPR,16,0.96,0.3951024955952851
P2_rgkf,9,GPR,17,0.76,0.3951024981177791
P2_rgkf,9,GPR,21,0.44,0.5958611097777878
P2_rgkf,9,GPR,26,0.38,0.3746671766579897
P2_rgkf,9,GPR,43,0.16,0.1909137690200013
P2_rgkf,9,GPR,47,0.76,0.4043545562589434
P2_rgkf,9,GPR,50,0.35,0.4736741573196888
P2_rgkf,9,GPR,51,0.23,0.4023701417049976
P2_rgkf,9,GPR,54,0.29,0.3127692538191176
P2_rgkf,9,GPR,72,0.21,0.1897830945626534
P2_rgkf,9,GPR,75,0.19,0.1385194600974397
P2_rgkf,9,GPR,76,0.18,0.1917563808268098
P2_rgkf,9,GPR,77,0.15,0.2445293234146751
P2_rgkf,9,GPR,78,0.14,0.1758333385709849
P2_rgkf,9,GPR,87,0.19,0.2220025368334468
P2_rgkf,9,GPR,103,0.08,0.0809569999152349
P2_rgkf,9,GPR,105,0.23,0.1408290667640298
P2_rgkf,9,ANN,0,0.37,0.3668414443662813
P2_rgkf,9,ANN,1,0.37,0.3668414443662813
P2_rgkf,9,ANN,13,0.48,0.410134169672895
P2_rgkf,9,ANN,15,0.75,0.5205046403690794
P2_rgkf,9,ANN,16,0.96,0.5464424846454372
P2_rgkf,9,ANN,17,0.76,0.4979459529283665
P2_rgkf,9,ANN,21,0.44,0.5453517661369979
P2_rgkf,9,ANN,26,0.38,0.3510995667621399
P2_rgkf,9,ANN,43,0.16,0.1736932642757866
P2_rgkf,9,ANN,47,0.76,0.354816158729095
P2_rgkf,9,ANN,50,0.35,0.576444502183135
P2_rgkf,9,ANN,51,0.23,0.4980044376220389
P2_rgkf,9,ANN,54,0.29,0.2828275586373391
P2_rgkf,9,ANN,72,0.21,0.1980149216379076
P2_rgkf,9,ANN,75,0.19,0.1781846086418932
P2_rgkf,9,ANN,76,0.18,0.2158443662646798
P2_rgkf,9,ANN,77,0.15,0.2003802446660801
P2_rgkf,9,ANN,78,0.14,0.140208899722719
P2_rgkf,9,ANN,87,0.19,0.2194808629881382
P2_rgkf,9,ANN,103,0.08,0.085339383132619
P2_rgkf,9,ANN,105,0.23,0.1672412720402495
P2_rgkf,9,Mean,6,0.64,0.2975862068965517
P2_rgkf,9,Mean,18,0.53,0.2975862068965517
P2_rgkf,9,Mean,22,0.23,0.2975862068965517
P2_rgkf,9,Mean,33,0.54,0.2975862068965517
P2_rgkf,9,Mean,42,0.19,0.2975862068965517
P2_rgkf,9,Mean,48,0.35,0.2975862068965517
P2_rgkf,9,Mean,49,0.55,0.2975862068965517
P2_rgkf,9,Mean,52,0.4,0.2975862068965517
P2_rgkf,9,Mean,53,0.35,0.2975862068965517
P2_rgkf,9,Mean,55,0.1,0.2975862068965517
P2_rgkf,9,Mean,58,0.08,0.2975862068965517
P2_rgkf,9,Mean,64,0.22,0.2975862068965517
P2_rgkf,9,Mean,65,0.24,0.2975862068965517
P2_rgkf,9,Mean,66,0.26,0.2975862068965517
P2_rgkf,9,Mean,67,0.28,0.2975862068965517
P2_rgkf,9,Mean,69,0.17,0.2975862068965517
P2_rgkf,9,Mean,70,0.14,0.2975862068965517
P2_rgkf,9,Mean,74,0.15,0.2975862068965517
P2_rgkf,9,Mean,86,0.17,0.2975862068965517
P2_rgkf,9,Mean,94,0.17,0.2975862068965517
P2_rgkf,9,Mean,98,0.64,0.2975862068965517
P2_rgkf,9,Mean,99,0.44,0.2975862068965517
P2_rgkf,9,Mean,107,0.21,0.2975862068965517
P2_rgkf,9,MVR,6,0.64,0.5151403500382999
P2_rgkf,9,MVR,18,0.53,0.6306726988820206
P2_rgkf,9,MVR,22,0.23,0.2126071243019447
P2_rgkf,9,MVR,33,0.54,0.4931788806418838
P2_rgkf,9,MVR,42,0.19,0.1976362696410344
P2_rgkf,9,MVR,48,0.35,0.2557784492219325
P2_rgkf,9,MVR,49,0.55,0.2211669490346062
P2_rgkf,9,MVR,52,0.4,0.2674651074564191
P2_rgkf,9,MVR,53,0.35,0.2556120511650253
P2_rgkf,9,MVR,55,0.1,0.1124713448196577
P2_rgkf,9,MVR,58,0.08,0.0693962365683138
P2_rgkf,9,MVR,64,0.22,0.2593836948081244
P2_rgkf,9,MVR,65,0.24,0.2593836948081244
P2_rgkf,9,MVR,66,0.26,0.2593836948081244
P2_rgkf,9,MVR,67,0.28,0.2593836948081244
P2_rgkf,9,MVR,69,0.17,0.1318244906270386
P2_rgkf,9,MVR,70,0.14,0.0944198590666306
P2_rgkf,9,MVR,74,0.15,0.2087492632613062
P2_rgkf,9,MVR,86,0.17,0.2311122337238905
P2_rgkf,9,MVR,94,0.17,0.150254150644665
P2_rgkf,9,MVR,98,0.64,0.4956840152705964
P2_rgkf,9,MVR,99,0.44,0.2740412824666935
P2_rgkf,9,MVR,107,0.21,0.2251897594482196
P2_rgkf,9,Ridge,6,0.64,0.4855721276700498
P2_rgkf,9,Ridge,18,0.53,0.5342549773908503
P2_rgkf,9,Ridge,22,0.23,0.2719875758778589
P2_rgkf,9,Ridge,33,0.54,0.5474546966301417
P2_rgkf,9,Ridge,42,0.19,0.1984022595016633
P2_rgkf,9,Ridge,48,0.35,0.3084804315640037
P2_rgkf,9,Ridge,49,0.55,0.2807589204566305
P2_rgkf,9,Ridge,52,0.4,0.3490165839379155
P2_rgkf,9,Ridge,53,0.35,0.306710375931535
P2_rgkf,9,Ridge,55,0.1,0.2075145683529495
P2_rgkf,9,Ridge,58,0.08,0.0742162746459886
P2_rgkf,9,Ridge,64,0.22,0.2730925270880148
P2_rgkf,9,Ridge,65,0.24,0.2730925270880148
P2_rgkf,9,Ridge,66,0.26,0.2730925270880148
P2_rgkf,9,Ridge,67,0.28,0.2730925270880148
P2_rgkf,9,Ridge,69,0.17,0.122613356269043
P2_rgkf,9,Ridge,70,0.14,0.0767461856161676
P2_rgkf,9,Ridge,74,0.15,0.226483623579549
P2_rgkf,9,Ridge,86,0.17,0.2012207143910993
P2_rgkf,9,Ridge,94,0.17,0.1645459751481199
P2_rgkf,9,Ridge,98,0.64,0.5008208638124145
P2_rgkf,9,Ridge,99,0.44,0.32774713729811
P2_rgkf,9,Ridge,107,0.21,0.1942671505984195
P2_rgkf,9,RF,6,0.64,0.3739270549242422
P2_rgkf,9,RF,18,0.53,0.6100276190476184
P2_rgkf,9,RF,22,0.23,0.2577414583333337
P2_rgkf,9,RF,33,0.54,0.6161054166666654
P2_rgkf,9,RF,42,0.19,0.1924798977829327
P2_rgkf,9,RF,48,0.35,0.4384399864718604
P2_rgkf,9,RF,49,0.55,0.6098587364718595
P2_rgkf,9,RF,52,0.4,0.5725618939393925
P2_rgkf,9,RF,53,0.35,0.2662975093132911
P2_rgkf,9,RF,55,0.1,0.0816734585084041
P2_rgkf,9,RF,58,0.08,0.0894958333333333
P2_rgkf,9,RF,64,0.22,0.188904516775718
P2_rgkf,9,RF,65,0.24,0.188904516775718
P2_rgkf,9,RF,66,0.26,0.188904516775718
P2_rgkf,9,RF,67,0.28,0.188904516775718
P2_rgkf,9,RF,69,0.17,0.1730521725122072
P2_rgkf,9,RF,70,0.14,0.1773003801281747
P2_rgkf,9,RF,74,0.15,0.1734037925270266
P2_rgkf,9,RF,86,0.17,0.1742662356004888
P2_rgkf,9,RF,94,0.17,0.2048766013188336
P2_rgkf,9,RF,98,0.64,0.6164874305555511
P2_rgkf,9,RF,99,0.44,0.3721177802579363
P2_rgkf,9,RF,107,0.21,0.1928027998494873
P2_rgkf,9,ET,6,0.64,0.3781799870129884
P2_rgkf,9,ET,18,0.53,0.6128968492063502
P2_rgkf,9,ET,22,0.23,0.2523124999999999
P2_rgkf,9,ET,33,0.54,0.5998182900432923
P2_rgkf,9,ET,42,0.19,0.1858298441558456
P2_rgkf,9,ET,48,0.35,0.3969366666666667
P2_rgkf,9,ET,49,0.55,0.4228133333333329
P2_rgkf,9,ET,52,0.4,0.3881926666666657
P2_rgkf,9,ET,53,0.35,0.2316311587301588
P2_rgkf,9,ET,55,0.1,0.1220381111111111
P2_rgkf,9,ET,58,0.08,0.0840173333333337
P2_rgkf,9,ET,64,0.22,0.2027560018870015
P2_rgkf,9,ET,65,0.24,0.2027560018870015
P2_rgkf,9,ET,66,0.26,0.2027560018870015
P2_rgkf,9,ET,67,0.28,0.2027560018870015
P2_rgkf,9,ET,69,0.17,0.1779230509490509
P2_rgkf,9,ET,70,0.14,0.1731790985680983
P2_rgkf,9,ET,74,0.15,0.1786661984126983
P2_rgkf,9,ET,86,0.17,0.1784891904761909
P2_rgkf,9,ET,94,0.17,0.2114474761904758
P2_rgkf,9,ET,98,0.64,0.6089170238095257
P2_rgkf,9,ET,99,0.44,0.3751486904761891
P2_rgkf,9,ET,107,0.21,0.2051298571428567
P2_rgkf,9,XGB,6,0.64,0.3679679036140442
P2_rgkf,9,XGB,18,0.53,0.6959505081176758
P2_rgkf,9,XGB,22,0.23,0.2419001311063766
P2_rgkf,9,XGB,33,0.54,0.6582380533218384
P2_rgkf,9,XGB,42,0.19,0.185059443116188
P2_rgkf,9,XGB,48,0.35,0.5205172896385193
P2_rgkf,9,XGB,49,0.55,0.6724767088890076
P2_rgkf,9,XGB,52,0.4,0.5529689788818359
P2_rgkf,9,XGB,53,0.35,0.3298723399639129
P2_rgkf,9,XGB,55,0.1,0.0286851339042186
P2_rgkf,9,XGB,58,0.08,0.0905484706163406
P2_rgkf,9,XGB,64,0.22,0.1768128722906112
P2_rgkf,9,XGB,65,0.24,0.1768128722906112
P2_rgkf,9,XGB,66,0.26,0.1768128722906112
P2_rgkf,9,XGB,67,0.28,0.1768128722906112
P2_rgkf,9,XGB,69,0.17,0.1408071368932724
P2_rgkf,9,XGB,70,0.14,0.0800591111183166
P2_rgkf,9,XGB,74,0.15,0.1456868350505828
P2_rgkf,9,XGB,86,0.17,0.1568736582994461
P2_rgkf,9,XGB,94,0.17,0.1745298355817794
P2_rgkf,9,XGB,98,0.64,0.6403637528419495
P2_rgkf,9,XGB,99,0.44,0.364387184381485
P2_rgkf,9,XGB,107,0.21,0.20951808989048
P2_rgkf,9,LGBM,6,0.64,0.3450078721722027
P2_rgkf,9,LGBM,18,0.53,0.5517215849273424
P2_rgkf,9,LGBM,22,0.23,0.2288706515679742
P2_rgkf,9,LGBM,33,0.54,0.6917727792818956
P2_rgkf,9,LGBM,42,0.19,0.1700558766505363
P2_rgkf,9,LGBM,48,0.35,0.4294731460626808
P2_rgkf,9,LGBM,49,0.55,0.7296026265675012
P2_rgkf,9,LGBM,52,0.4,0.4592460438659674
P2_rgkf,9,LGBM,53,0.35,0.2381572268149006
P2_rgkf,9,LGBM,55,0.1,0.0210092380377828
P2_rgkf,9,LGBM,58,0.08,0.0844753757213618
P2_rgkf,9,LGBM,64,0.22,0.1977911921170388
P2_rgkf,9,LGBM,65,0.24,0.1977911921170388
P2_rgkf,9,LGBM,66,0.26,0.1977911921170388
P2_rgkf,9,LGBM,67,0.28,0.1977911921170388
P2_rgkf,9,LGBM,69,0.17,0.1302450941129693
P2_rgkf,9,LGBM,70,0.14,0.1274283294634915
P2_rgkf,9,LGBM,74,0.15,0.1634487257310886
P2_rgkf,9,LGBM,86,0.17,0.1671637233621587
P2_rgkf,9,LGBM,94,0.17,0.1720919991126565
P2_rgkf,9,LGBM,98,0.64,0.6378521207589095
P2_rgkf,9,LGBM,99,0.44,0.3750152170414407
P2_rgkf,9,LGBM,107,0.21,0.2096080685218983
P2_rgkf,9,CatB,6,0.64,0.3695106272850152
P2_rgkf,9,CatB,18,0.53,0.6684051511123892
P2_rgkf,9,CatB,22,0.23,0.2571370069098046
P2_rgkf,9,CatB,33,0.54,0.6549073460021997
P2_rgkf,9,CatB,42,0.19,0.1771016302205126
P2_rgkf,9,CatB,48,0.35,0.4348191982885464
P2_rgkf,9,CatB,49,0.55,0.6960718972780435
P2_rgkf,9,CatB,52,0.4,0.4600329373371872
P2_rgkf,9,CatB,53,0.35,0.2763890457003131
P2_rgkf,9,CatB,55,0.1,0.044683806849368
P2_rgkf,9,CatB,58,0.08,0.0864716561518962
P2_rgkf,9,CatB,64,0.22,0.1982111122494352
P2_rgkf,9,CatB,65,0.24,0.1982111122494352
P2_rgkf,9,CatB,66,0.26,0.1982111122494352
P2_rgkf,9,CatB,67,0.28,0.1982111122494352
P2_rgkf,9,CatB,69,0.17,0.1696002325076183
P2_rgkf,9,CatB,70,0.14,0.1648567076322942
P2_rgkf,9,CatB,74,0.15,0.1829158190451136
P2_rgkf,9,CatB,86,0.17,0.1816661831660568
P2_rgkf,9,CatB,94,0.17,0.1804980288599126
P2_rgkf,9,CatB,98,0.64,0.6491794860601069
P2_rgkf,9,CatB,99,0.44,0.3726026716257529
P2_rgkf,9,CatB,107,0.21,0.201040938954829
P2_rgkf,9,SVR,6,0.64,0.3697406246786133
P2_rgkf,9,SVR,18,0.53,0.5823322868181341
P2_rgkf,9,SVR,22,0.23,0.2544558534152635
P2_rgkf,9,SVR,33,0.54,0.5981724699523244
P2_rgkf,9,SVR,42,0.19,0.1708012645102027
P2_rgkf,9,SVR,48,0.35,0.2638810290923837
P2_rgkf,9,SVR,49,0.55,0.2366619587396243
P2_rgkf,9,SVR,52,0.4,0.304618394159891
P2_rgkf,9,SVR,53,0.35,0.2255331203175851
P2_rgkf,9,SVR,55,0.1,0.0973243529686921
P2_rgkf,9,SVR,58,0.08,0.0914194959288198
P2_rgkf,9,SVR,64,0.22,0.19630562959332
P2_rgkf,9,SVR,65,0.24,0.19630562959332
P2_rgkf,9,SVR,66,0.26,0.19630562959332
P2_rgkf,9,SVR,67,0.28,0.19630562959332
P2_rgkf,9,SVR,69,0.17,0.1648025724673476
P2_rgkf,9,SVR,70,0.14,0.1908898255348635
P2_rgkf,9,SVR,74,0.15,0.1680934192252584
P2_rgkf,9,SVR,86,0.17,0.210674845317912
P2_rgkf,9,SVR,94,0.17,0.1788957125509334
P2_rgkf,9,SVR,98,0.64,0.2771226478087716
P2_rgkf,9,SVR,99,0.44,0.3629390881959671
P2_rgkf,9,SVR,107,0.21,0.2074757228853302
P2_rgkf,9,GPR,6,0.64,0.3632236550708324
P2_rgkf,9,GPR,18,0.53,0.6315576962919991
P2_rgkf,9,GPR,22,0.23,0.2554537489001648
P2_rgkf,9,GPR,33,0.54,0.5807152019642389
P2_rgkf,9,GPR,42,0.19,0.1664142008672735
P2_rgkf,9,GPR,48,0.35,0.5637910970552763
P2_rgkf,9,GPR,49,0.55,0.6768994355956989
P2_rgkf,9,GPR,52,0.4,0.3532914712905819
P2_rgkf,9,GPR,53,0.35,0.1063563041432241
P2_rgkf,9,GPR,55,0.1,0.0271021867141217
P2_rgkf,9,GPR,58,0.08,0.0826943187572428
P2_rgkf,9,GPR,64,0.22,0.3642575755109487
P2_rgkf,9,GPR,65,0.24,0.3642575755109487
P2_rgkf,9,GPR,66,0.26,0.3642575755109487
P2_rgkf,9,GPR,67,0.28,0.3642575755109487
P2_rgkf,9,GPR,69,0.17,0.1495165498206077
P2_rgkf,9,GPR,70,0.14,0.1445614681048494
P2_rgkf,9,GPR,74,0.15,0.167159751954254
P2_rgkf,9,GPR,86,0.17,0.1898645194686518
P2_rgkf,9,GPR,94,0.17,0.1749290056498917
P2_rgkf,9,GPR,98,0.64,0.6141242511598497
P2_rgkf,9,GPR,99,0.44,0.3711033828840678
P2_rgkf,9,GPR,107,0.21,0.1995981122599817
P2_rgkf,9,ANN,6,0.64,0.3572240518528903
P2_rgkf,9,ANN,18,0.53,0.63386388890405
P2_rgkf,9,ANN,22,0.23,0.2172312274225488
P2_rgkf,9,ANN,33,0.54,0.7176941550218059
P2_rgkf,9,ANN,42,0.19,0.1771264735392773
P2_rgkf,9,ANN,48,0.35,0.3585719046835768
P2_rgkf,9,ANN,49,0.55,0.4060658964089526
P2_rgkf,9,ANN,52,0.4,0.4060658964089526
P2_rgkf,9,ANN,53,0.35,0.2593956552739475
P2_rgkf,9,ANN,55,0.1,0.023136842089527
P2_rgkf,9,ANN,58,0.08,0.0849542085706283
P2_rgkf,9,ANN,64,0.22,0.1490902400662776
P2_rgkf,9,ANN,65,0.24,0.1490902400662776
P2_rgkf,9,ANN,66,0.26,0.1490902400662776
P2_rgkf,9,ANN,67,0.28,0.1490902400662776
P2_rgkf,9,ANN,69,0.17,0.0911232702329453
P2_rgkf,9,ANN,70,0.14,0.0689997964484094
P2_rgkf,9,ANN,74,0.15,0.1581753555758255
P2_rgkf,9,ANN,86,0.17,0.2105818120946747
P2_rgkf,9,ANN,94,0.17,0.1774105461719235
P2_rgkf,9,ANN,98,0.64,0.8032508282917546
P2_rgkf,9,ANN,99,0.44,0.3712027984389136
P2_rgkf,9,ANN,107,0.21,0.1937108913656875
P2_rgkf,9,Mean,2,0.33,0.2970786516853932
P2_rgkf,9,Mean,3,0.42,0.2970786516853932
P2_rgkf,9,Mean,4,0.46,0.2970786516853932
P2_rgkf,9,Mean,5,0.37,0.2970786516853932
P2_rgkf,9,Mean,12,0.46,0.2970786516853932
P2_rgkf,9,Mean,14,0.48,0.2970786516853932
P2_rgkf,9,Mean,23,0.25,0.2970786516853932
P2_rgkf,9,Mean,27,0.37,0.2970786516853932
P2_rgkf,9,Mean,31,0.51,0.2970786516853932
P2_rgkf,9,Mean,34,0.69,0.2970786516853932
P2_rgkf,9,Mean,40,0.15,0.2970786516853932
P2_rgkf,9,Mean,59,0.1,0.2970786516853932
P2_rgkf,9,Mean,71,0.16,0.2970786516853932
P2_rgkf,9,Mean,82,0.15,0.2970786516853932
P2_rgkf,9,Mean,84,0.19,0.2970786516853932
P2_rgkf,9,Mean,85,0.15,0.2970786516853932
P2_rgkf,9,Mean,88,0.22,0.2970786516853932
P2_rgkf,9,Mean,93,0.2,0.2970786516853932
P2_rgkf,9,Mean,97,0.47,0.2970786516853932
P2_rgkf,9,Mean,101,0.2,0.2970786516853932
P2_rgkf,9,Mean,106,0.17,0.2970786516853932
P2_rgkf,9,MVR,2,0.33,0.3615408424266094
P2_rgkf,9,MVR,3,0.42,0.3655227614003589
P2_rgkf,9,MVR,4,0.46,0.3615408424266094
P2_rgkf,9,MVR,5,0.37,0.6094453785137481
P2_rgkf,9,MVR,12,0.46,0.3980287168229932
P2_rgkf,9,MVR,14,0.48,0.4565009234700158
P2_rgkf,9,MVR,23,0.25,0.1914693493971854
P2_rgkf,9,MVR,27,0.37,0.2612185881199967
P2_rgkf,9,MVR,31,0.51,0.6481111824596397
P2_rgkf,9,MVR,34,0.69,0.5658674900461048
P2_rgkf,9,MVR,40,0.15,0.2684053127164149
P2_rgkf,9,MVR,59,0.1,0.1310952097141593
P2_rgkf,9,MVR,71,0.16,0.2349750969096908
P2_rgkf,9,MVR,82,0.15,0.1929511672652404
P2_rgkf,9,MVR,84,0.19,0.2380495704523996
P2_rgkf,9,MVR,85,0.15,0.1660738322195577
P2_rgkf,9,MVR,88,0.22,0.2274338434080684
P2_rgkf,9,MVR,93,0.2,0.1788804371864565
P2_rgkf,9,MVR,97,0.47,0.3655227614003589
P2_rgkf,9,MVR,101,0.2,0.1652546785178102
P2_rgkf,9,MVR,106,0.17,0.1667480774680072
P2_rgkf,9,Ridge,2,0.33,0.4261809986324718
P2_rgkf,9,Ridge,3,0.42,0.4288010235276129
P2_rgkf,9,Ridge,4,0.46,0.4261809986324718
P2_rgkf,9,Ridge,5,0.37,0.5395977169309277
P2_rgkf,9,Ridge,12,0.46,0.4279692511571846
P2_rgkf,9,Ridge,14,0.48,0.4583472059993417
P2_rgkf,9,Ridge,23,0.25,0.2580427736871005
P2_rgkf,9,Ridge,27,0.37,0.3279298593796217
P2_rgkf,9,Ridge,31,0.51,0.6574767973832976
P2_rgkf,9,Ridge,34,0.69,0.5982449564890119
P2_rgkf,9,Ridge,40,0.15,0.2848153559519325
P2_rgkf,9,Ridge,59,0.1,0.1966684531140279
P2_rgkf,9,Ridge,71,0.16,0.2644379254519416
P2_rgkf,9,Ridge,82,0.15,0.1696602594793554
P2_rgkf,9,Ridge,84,0.19,0.1761658308075966
P2_rgkf,9,Ridge,85,0.15,0.1071229300254337
P2_rgkf,9,Ridge,88,0.22,0.1793265670715367
P2_rgkf,9,Ridge,93,0.2,0.1985307644901439
P2_rgkf,9,Ridge,97,0.47,0.4288010235276129
P2_rgkf,9,Ridge,101,0.2,0.1839269132674343
P2_rgkf,9,Ridge,106,0.17,0.1767633357320568
P2_rgkf,9,RF,2,0.33,0.3813175000000011
P2_rgkf,9,RF,3,0.42,0.3622042559523817
P2_rgkf,9,RF,4,0.46,0.3813175000000011
P2_rgkf,9,RF,5,0.37,0.6128010416666623
P2_rgkf,9,RF,12,0.46,0.5133179166666663
P2_rgkf,9,RF,14,0.48,0.6062706249999991
P2_rgkf,9,RF,23,0.25,0.2546749350649347
P2_rgkf,9,RF,27,0.37,0.4103309761072238
P2_rgkf,9,RF,31,0.51,0.5613622916666707
P2_rgkf,9,RF,34,0.69,0.5706500000000043
P2_rgkf,9,RF,40,0.15,0.2297946957117495
P2_rgkf,9,RF,59,0.1,0.1519125000000014
P2_rgkf,9,RF,71,0.16,0.1960377852514438
P2_rgkf,9,RF,82,0.15,0.1699700942594646
P2_rgkf,9,RF,84,0.19,0.1949457068644368
P2_rgkf,9,RF,85,0.15,0.1790873345800626
P2_rgkf,9,RF,88,0.22,0.2002179288826143
P2_rgkf,9,RF,93,0.2,0.2026262999114955
P2_rgkf,9,RF,97,0.47,0.3622042559523817
P2_rgkf,9,RF,101,0.2,0.1802100779586734
P2_rgkf,9,RF,106,0.17,0.1925948898742903
P2_rgkf,9,ET,2,0.33,0.3718905834165844
P2_rgkf,9,ET,3,0.42,0.3625385184815196
P2_rgkf,9,ET,4,0.46,0.3718905834165844
P2_rgkf,9,ET,5,0.37,0.5482474433605576
P2_rgkf,9,ET,12,0.46,0.4906065526009906
P2_rgkf,9,ET,14,0.48,0.5310955430941583
P2_rgkf,9,ET,23,0.25,0.2504852383483748
P2_rgkf,9,ET,27,0.37,0.3945408639970341
P2_rgkf,9,ET,31,0.51,0.5584379342324333
P2_rgkf,9,ET,34,0.69,0.5531827805527795
P2_rgkf,9,ET,40,0.15,0.1788338908432933
P2_rgkf,9,ET,59,0.1,0.0921549813928769
P2_rgkf,9,ET,71,0.16,0.2020245212964983
P2_rgkf,9,ET,82,0.15,0.1764685152880984
P2_rgkf,9,ET,84,0.19,0.1981175910770285
P2_rgkf,9,ET,85,0.15,0.1891038664726897
P2_rgkf,9,ET,88,0.22,0.2002960270546743
P2_rgkf,9,ET,93,0.2,0.2132679403620445
P2_rgkf,9,ET,97,0.47,0.3625385184815196
P2_rgkf,9,ET,101,0.2,0.1842234778482811
P2_rgkf,9,ET,106,0.17,0.1865611660663833
P2_rgkf,9,XGB,2,0.33,0.4385469853878021
P2_rgkf,9,XGB,3,0.42,0.375284880399704
P2_rgkf,9,XGB,4,0.46,0.4385469853878021
P2_rgkf,9,XGB,5,0.37,0.5469239354133606
P2_rgkf,9,XGB,12,0.46,0.4558317065238952
P2_rgkf,9,XGB,14,0.48,0.459871232509613
P2_rgkf,9,XGB,23,0.25,0.2519276738166809
P2_rgkf,9,XGB,27,0.37,0.397699773311615
P2_rgkf,9,XGB,31,0.51,0.5880838632583618
P2_rgkf,9,XGB,34,0.69,0.5559048652648926
P2_rgkf,9,XGB,40,0.15,0.1990179121494293
P2_rgkf,9,XGB,59,0.1,0.1139635145664215
P2_rgkf,9,XGB,71,0.16,0.2301577478647232
P2_rgkf,9,XGB,82,0.15,0.2048422992229461
P2_rgkf,9,XGB,84,0.19,0.2540663778781891
P2_rgkf,9,XGB,85,0.15,0.1753107160329818
P2_rgkf,9,XGB,88,0.22,0.1787056624889373
P2_rgkf,9,XGB,93,0.2,0.2283143252134323
P2_rgkf,9,XGB,97,0.47,0.375284880399704
P2_rgkf,9,XGB,101,0.2,0.2196041941642761
P2_rgkf,9,XGB,106,0.17,0.1828368753194809
P2_rgkf,9,LGBM,2,0.33,0.3998846108607319
P2_rgkf,9,LGBM,3,0.42,0.3998846108607319
P2_rgkf,9,LGBM,4,0.46,0.3998846108607319
P2_rgkf,9,LGBM,5,0.37,0.5000097795847591
P2_rgkf,9,LGBM,12,0.46,0.447655179134303
P2_rgkf,9,LGBM,14,0.48,0.4465138516577405
P2_rgkf,9,LGBM,23,0.25,0.2444833317694134
P2_rgkf,9,LGBM,27,0.37,0.3817749366106764
P2_rgkf,9,LGBM,31,0.51,0.5970638815260455
P2_rgkf,9,LGBM,34,0.69,0.5348007482196638
P2_rgkf,9,LGBM,40,0.15,0.259459521138316
P2_rgkf,9,LGBM,59,0.1,0.2035566215670013
P2_rgkf,9,LGBM,71,0.16,0.198264455425971
P2_rgkf,9,LGBM,82,0.15,0.1636045879954925
P2_rgkf,9,LGBM,84,0.19,0.2430280832081301
P2_rgkf,9,LGBM,85,0.15,0.1340307737576488
P2_rgkf,9,LGBM,88,0.22,0.1799564520934164
P2_rgkf,9,LGBM,93,0.2,0.2118739133141202
P2_rgkf,9,LGBM,97,0.47,0.3998846108607319
P2_rgkf,9,LGBM,101,0.2,0.2367682165704338
P2_rgkf,9,LGBM,106,0.17,0.1885355042205324
P2_rgkf,9,CatB,2,0.33,0.3816583244700725
P2_rgkf,9,CatB,3,0.42,0.363504455896888
P2_rgkf,9,CatB,4,0.46,0.3816583244700725
P2_rgkf,9,CatB,5,0.37,0.6075799167844044
P2_rgkf,9,CatB,12,0.46,0.4584253889786195
P2_rgkf,9,CatB,14,0.48,0.5846984183440196
P2_rgkf,9,CatB,23,0.25,0.2441583702279989
P2_rgkf,9,CatB,27,0.37,0.378217837219024
P2_rgkf,9,CatB,31,0.51,0.5582963800108898
P2_rgkf,9,CatB,34,0.69,0.5486627969121645
P2_rgkf,9,CatB,40,0.15,0.199426374506085
P2_rgkf,9,CatB,59,0.1,0.1617781446674565
P2_rgkf,9,CatB,71,0.16,0.2225547393759943
P2_rgkf,9,CatB,82,0.15,0.164996732110863
P2_rgkf,9,CatB,84,0.19,0.2323601439036187
P2_rgkf,9,CatB,85,0.15,0.1455758713149129
P2_rgkf,9,CatB,88,0.22,0.1945384542838726
P2_rgkf,9,CatB,93,0.2,0.190005351720473
P2_rgkf,9,CatB,97,0.47,0.363504455896888
P2_rgkf,9,CatB,101,0.2,0.1759762699026629
P2_rgkf,9,CatB,106,0.17,0.1696954628611116
P2_rgkf,9,SVR,2,0.33,0.3691746623764685
P2_rgkf,9,SVR,3,0.42,0.3682192471136735
P2_rgkf,9,SVR,4,0.46,0.3691746623764685
P2_rgkf,9,SVR,5,0.37,0.4875884092926183
P2_rgkf,9,SVR,12,0.46,0.4563703594610034
P2_rgkf,9,SVR,14,0.48,0.4997300614303522
P2_rgkf,9,SVR,23,0.25,0.2293267901114792
P2_rgkf,9,SVR,27,0.37,0.3788148706682771
P2_rgkf,9,SVR,31,0.51,0.5683949945650338
P2_rgkf,9,SVR,34,0.69,0.5425668277036297
P2_rgkf,9,SVR,40,0.15,0.1615973360433111
P2_rgkf,9,SVR,59,0.1,0.1130991258462858
P2_rgkf,9,SVR,71,0.16,0.2875191659652483
P2_rgkf,9,SVR,82,0.15,0.1164481221109726
P2_rgkf,9,SVR,84,0.19,0.1863410533523283
P2_rgkf,9,SVR,85,0.15,0.1397805947798756
P2_rgkf,9,SVR,88,0.22,0.2065967685725153
P2_rgkf,9,SVR,93,0.2,0.2195780220687916
P2_rgkf,9,SVR,97,0.47,0.3682192471136735
P2_rgkf,9,SVR,101,0.2,0.1640104837548246
P2_rgkf,9,SVR,106,0.17,0.1722949897971522
P2_rgkf,9,GPR,2,0.33,0.388894939697493
P2_rgkf,9,GPR,3,0.42,0.3829119565760433
P2_rgkf,9,GPR,4,0.46,0.388894939697493
P2_rgkf,9,GPR,5,0.37,0.3889061224215761
P2_rgkf,9,GPR,12,0.46,0.4390678411213153
P2_rgkf,9,GPR,14,0.48,0.4390712929673839
P2_rgkf,9,GPR,23,0.25,0.2622452352634059
P2_rgkf,9,GPR,27,0.37,0.3869829258438745
P2_rgkf,9,GPR,31,0.51,0.5571551546916425
P2_rgkf,9,GPR,34,0.69,0.5571528092662437
P2_rgkf,9,GPR,40,0.15,0.1541444726973623
P2_rgkf,9,GPR,59,0.1,0.0825653021938527
P2_rgkf,9,GPR,71,0.16,0.1536502721012764
P2_rgkf,9,GPR,82,0.15,0.1957786001494938
P2_rgkf,9,GPR,84,0.19,0.1928398606316329
P2_rgkf,9,GPR,85,0.15,0.1757987383738962
P2_rgkf,9,GPR,88,0.22,0.1964199127451809
P2_rgkf,9,GPR,93,0.2,0.1862871830543219
P2_rgkf,9,GPR,97,0.47,0.3829119565760433
P2_rgkf,9,GPR,101,0.2,0.1793232488678061
P2_rgkf,9,GPR,106,0.17,0.1810028298298664
P2_rgkf,9,ANN,2,0.33,0.3341316846044668
P2_rgkf,9,ANN,3,0.42,0.3339450051582955
P2_rgkf,9,ANN,4,0.46,0.3341316846044668
P2_rgkf,9,ANN,5,0.37,0.5934044941141656
P2_rgkf,9,ANN,12,0.46,0.4249477649344825
P2_rgkf,9,ANN,14,0.48,0.4966783065444701
P2_rgkf,9,ANN,23,0.25,0.2259287553275384
P2_rgkf,9,ANN,27,0.37,0.3606696558155942
P2_rgkf,9,ANN,31,0.51,0.5687839286016406
P2_rgkf,9,ANN,34,0.69,0.5583250410789665
P2_rgkf,9,ANN,40,0.15,0.1424576344585265
P2_rgkf,9,ANN,59,0.1,0.1096142530705037
P2_rgkf,9,ANN,71,0.16,0.3210974443000311
P2_rgkf,9,ANN,82,0.15,0.1256344048497343
P2_rgkf,9,ANN,84,0.19,0.1817295243258091
P2_rgkf,9,ANN,85,0.15,0.0771873334560025
P2_rgkf,9,ANN,88,0.22,0.2189412415570174
P2_rgkf,9,ANN,93,0.2,0.2387399409726069
P2_rgkf,9,ANN,97,0.47,0.3339450051582955
P2_rgkf,9,ANN,101,0.2,0.1643644762929278
P2_rgkf,9,ANN,106,0.17,0.1840002238707012
P2_rgkf,9,Mean,7,0.42,0.3132584269662921
P2_rgkf,9,Mean,8,0.26,0.3132584269662921
P2_rgkf,9,Mean,10,0.31,0.3132584269662921
P2_rgkf,9,Mean,11,0.38,0.3132584269662921
P2_rgkf,9,Mean,24,0.27,0.3132584269662921
P2_rgkf,9,Mean,25,0.3,0.3132584269662921
P2_rgkf,9,Mean,29,0.64,0.3132584269662921
P2_rgkf,9,Mean,36,0.17,0.3132584269662921
P2_rgkf,9,Mean,38,0.17,0.3132584269662921
P2_rgkf,9,Mean,44,0.17,0.3132584269662921
P2_rgkf,9,Mean,45,0.21,0.3132584269662921
P2_rgkf,9,Mean,46,0.44,0.3132584269662921
P2_rgkf,9,Mean,56,0.09,0.3132584269662921
P2_rgkf,9,Mean,57,0.09,0.3132584269662921
P2_rgkf,9,Mean,60,0.02,0.3132584269662921
P2_rgkf,9,Mean,68,0.15,0.3132584269662921
P2_rgkf,9,Mean,73,0.21,0.3132584269662921
P2_rgkf,9,Mean,79,0.2,0.3132584269662921
P2_rgkf,9,Mean,92,0.14,0.3132584269662921
P2_rgkf,9,Mean,95,0.3,0.3132584269662921
P2_rgkf,9,Mean,96,0.12,0.3132584269662921
P2_rgkf,9,MVR,7,0.42,0.4791917514449056
P2_rgkf,9,MVR,8,0.26,0.4791917514449056
P2_rgkf,9,MVR,10,0.31,0.5791364582651382
P2_rgkf,9,MVR,11,0.38,0.5791364582651382
P2_rgkf,9,MVR,24,0.27,0.226344249300691
P2_rgkf,9,MVR,25,0.3,0.210251433495295
P2_rgkf,9,MVR,29,0.64,0.3897462818243993
P2_rgkf,9,MVR,36,0.17,0.1879261444552836
P2_rgkf,9,MVR,38,0.17,0.1859916278547442
P2_rgkf,9,MVR,44,0.17,0.1384428600220853
P2_rgkf,9,MVR,45,0.21,0.153833938153668
P2_rgkf,9,MVR,46,0.44,0.2387898644523651
P2_rgkf,9,MVR,56,0.09,0.0863080135331717
P2_rgkf,9,MVR,57,0.09,0.1496877196223578
P2_rgkf,9,MVR,60,0.02,0.0851444216535709
P2_rgkf,9,MVR,68,0.15,0.1782416840941946
P2_rgkf,9,MVR,73,0.21,0.1836686387271759
P2_rgkf,9,MVR,79,0.2,0.2372766098804355
P2_rgkf,9,MVR,92,0.14,0.174124951295747
P2_rgkf,9,MVR,95,0.3,0.2285633798422799
P2_rgkf,9,MVR,96,0.12,0.1772894342277764
P2_rgkf,9,Ridge,7,0.42,0.4921231270084428
P2_rgkf,9,Ridge,8,0.26,0.4921231270084428
P2_rgkf,9,Ridge,10,0.31,0.5398352805284088
P2_rgkf,9,Ridge,11,0.38,0.5398352805284088
P2_rgkf,9,Ridge,24,0.27,0.3023534328537294
P2_rgkf,9,Ridge,25,0.3,0.2812155468860957
P2_rgkf,9,Ridge,29,0.64,0.3630158985996773
P2_rgkf,9,Ridge,36,0.17,0.2024363247369496
P2_rgkf,9,Ridge,38,0.17,0.1980670825335545
P2_rgkf,9,Ridge,44,0.17,0.0662151481321588
P2_rgkf,9,Ridge,45,0.21,0.0967998435559244
P2_rgkf,9,Ridge,46,0.44,0.2990090477526289
P2_rgkf,9,Ridge,56,0.09,0.0511086187342179
P2_rgkf,9,Ridge,57,0.09,0.1792032500866366
P2_rgkf,9,Ridge,60,0.02,0.2258360447917758
P2_rgkf,9,Ridge,68,0.15,0.1740960221987128
P2_rgkf,9,Ridge,73,0.21,0.2148429459106419
P2_rgkf,9,Ridge,79,0.2,0.302973622978373
P2_rgkf,9,Ridge,92,0.14,0.1639052607989773
P2_rgkf,9,Ridge,95,0.3,0.2473532218371178
P2_rgkf,9,Ridge,96,0.12,0.1240750686218493
P2_rgkf,9,RF,7,0.42,0.4185289864205714
P2_rgkf,9,RF,8,0.26,0.4185289864205714
P2_rgkf,9,RF,10,0.31,0.5055833465207187
P2_rgkf,9,RF,11,0.38,0.5055833465207187
P2_rgkf,9,RF,24,0.27,0.3456366184131913
P2_rgkf,9,RF,25,0.3,0.331174806579192
P2_rgkf,9,RF,29,0.64,0.6029703175643799
P2_rgkf,9,RF,36,0.17,0.1710343236226042
P2_rgkf,9,RF,38,0.17,0.1710343236226042
P2_rgkf,9,RF,44,0.17,0.1751602510963961
P2_rgkf,9,RF,45,0.21,0.1933520314379599
P2_rgkf,9,RF,46,0.44,0.3864009941447435
P2_rgkf,9,RF,56,0.09,0.1082161396825111
P2_rgkf,9,RF,57,0.09,0.1342112848291707
P2_rgkf,9,RF,60,0.02,0.1269374230667728
P2_rgkf,9,RF,68,0.15,0.1732818391720989
P2_rgkf,9,RF,73,0.21,0.1776386424501762
P2_rgkf,9,RF,79,0.2,0.1764475911992954
P2_rgkf,9,RF,92,0.14,0.1871258711404128
P2_rgkf,9,RF,95,0.3,0.1884869721932459
P2_rgkf,9,RF,96,0.12,0.186330916622471
P2_rgkf,9,ET,7,0.42,0.4530003373015874
P2_rgkf,9,ET,8,0.26,0.4530003373015874
P2_rgkf,9,ET,10,0.31,0.5008827777777789
P2_rgkf,9,ET,11,0.38,0.5008827777777789
P2_rgkf,9,ET,24,0.27,0.3302910539215679
P2_rgkf,9,ET,25,0.3,0.3146491666666658
P2_rgkf,9,ET,29,0.64,0.5681708358308362
P2_rgkf,9,ET,36,0.17,0.1500147979797977
P2_rgkf,9,ET,38,0.17,0.1513784884559882
P2_rgkf,9,ET,44,0.17,0.1947133356676002
P2_rgkf,9,ET,45,0.21,0.2094915873015871
P2_rgkf,9,ET,46,0.44,0.4045907106782107
P2_rgkf,9,ET,56,0.09,0.0893624999999998
P2_rgkf,9,ET,57,0.09,0.1188986111111109
P2_rgkf,9,ET,60,0.02,0.1585863364413364
P2_rgkf,9,ET,68,0.15,0.1621154951298701
P2_rgkf,9,ET,73,0.21,0.2061436327561326
P2_rgkf,9,ET,79,0.2,0.1817836713980463
P2_rgkf,9,ET,92,0.14,0.192099880952381
P2_rgkf,9,ET,95,0.3,0.1913122588277735
P2_rgkf,9,ET,96,0.12,0.1895727106676004
P2_rgkf,9,XGB,7,0.42,0.4303180277347564
P2_rgkf,9,XGB,8,0.26,0.4303180277347564
P2_rgkf,9,XGB,10,0.31,0.5413835048675537
P2_rgkf,9,XGB,11,0.38,0.5413835048675537
P2_rgkf,9,XGB,24,0.27,0.3328944146633148
P2_rgkf,9,XGB,25,0.3,0.2908447086811065
P2_rgkf,9,XGB,29,0.64,0.6058306097984314
P2_rgkf,9,XGB,36,0.17,0.153107538819313
P2_rgkf,9,XGB,38,0.17,0.153107538819313
P2_rgkf,9,XGB,44,0.17,0.1942322850227356
P2_rgkf,9,XGB,45,0.21,0.225852757692337
P2_rgkf,9,XGB,46,0.44,0.3702248930931091
P2_rgkf,9,XGB,56,0.09,0.0910936817526817
P2_rgkf,9,XGB,57,0.09,0.1072907596826553
P2_rgkf,9,XGB,60,0.02,0.118956409394741
P2_rgkf,9,XGB,68,0.15,0.1355080753564834
P2_rgkf,9,XGB,73,0.21,0.2301426082849502
P2_rgkf,9,XGB,79,0.2,0.1467982679605484
P2_rgkf,9,XGB,92,0.14,0.180011510848999
P2_rgkf,9,XGB,95,0.3,0.164215087890625
P2_rgkf,9,XGB,96,0.12,0.1991486549377441
P2_rgkf,9,LGBM,7,0.42,0.4172778879619418
P2_rgkf,9,LGBM,8,0.26,0.4172778879619418
P2_rgkf,9,LGBM,10,0.31,0.530395628590881
P2_rgkf,9,LGBM,11,0.38,0.530395628590881
P2_rgkf,9,LGBM,24,0.27,0.2765650512213813
P2_rgkf,9,LGBM,25,0.3,0.2751616095763685
P2_rgkf,9,LGBM,29,0.64,0.5998585740932945
P2_rgkf,9,LGBM,36,0.17,0.1616452138023197
P2_rgkf,9,LGBM,38,0.17,0.1616452138023197
P2_rgkf,9,LGBM,44,0.17,0.1775963585250906
P2_rgkf,9,LGBM,45,0.21,0.2316641474135856
P2_rgkf,9,LGBM,46,0.44,0.3828486351809891
P2_rgkf,9,LGBM,56,0.09,0.0953592121633638
P2_rgkf,9,LGBM,57,0.09,0.1217831751526579
P2_rgkf,9,LGBM,60,0.02,0.100450990304399
P2_rgkf,9,LGBM,68,0.15,0.1628570723256662
P2_rgkf,9,LGBM,73,0.21,0.2243423802754877
P2_rgkf,9,LGBM,79,0.2,0.1652994455586956
P2_rgkf,9,LGBM,92,0.14,0.1805076700013305
P2_rgkf,9,LGBM,95,0.3,0.1876013313449038
P2_rgkf,9,LGBM,96,0.12,0.1956941948764038
P2_rgkf,9,CatB,7,0.42,0.4352093515435427
P2_rgkf,9,CatB,8,0.26,0.4352093515435427
P2_rgkf,9,CatB,10,0.31,0.5222703067240667
P2_rgkf,9,CatB,11,0.38,0.5222703067240667
P2_rgkf,9,CatB,24,0.27,0.3302220778498665
P2_rgkf,9,CatB,25,0.3,0.2923252670583385
P2_rgkf,9,CatB,29,0.64,0.6420899031029892
P2_rgkf,9,CatB,36,0.17,0.1468047092995632
P2_rgkf,9,CatB,38,0.17,0.1468047092995632
P2_rgkf,9,CatB,44,0.17,0.2717471884355282
P2_rgkf,9,CatB,45,0.21,0.3220851244582001
P2_rgkf,9,CatB,46,0.44,0.3380577887356716
P2_rgkf,9,CatB,56,0.09,0.0929425607116676
P2_rgkf,9,CatB,57,0.09,0.0978698217425942
P2_rgkf,9,CatB,60,0.02,0.1162355537208555
P2_rgkf,9,CatB,68,0.15,0.1670374664200891
P2_rgkf,9,CatB,73,0.21,0.2006791669060879
P2_rgkf,9,CatB,79,0.2,0.1892610107810104
P2_rgkf,9,CatB,92,0.14,0.1826662426968341
P2_rgkf,9,CatB,95,0.3,0.2082460121965871
P2_rgkf,9,CatB,96,0.12,0.1762822692188622
P2_rgkf,9,SVR,7,0.42,0.4535094991074176
P2_rgkf,9,SVR,8,0.26,0.4535094991074176
P2_rgkf,9,SVR,10,0.31,0.4994329729807691
P2_rgkf,9,SVR,11,0.38,0.4994329729807691
P2_rgkf,9,SVR,24,0.27,0.3272407583117537
P2_rgkf,9,SVR,25,0.3,0.3009013567861326
P2_rgkf,9,SVR,29,0.64,0.3701199725533941
P2_rgkf,9,SVR,36,0.17,0.1463299244489808
P2_rgkf,9,SVR,38,0.17,0.1460612359268189
P2_rgkf,9,SVR,44,0.17,0.2476096674742054
P2_rgkf,9,SVR,45,0.21,0.2492650861174383
P2_rgkf,9,SVR,46,0.44,0.2959055882204564
P2_rgkf,9,SVR,56,0.09,0.0928108712320883
P2_rgkf,9,SVR,57,0.09,0.1138143905832464
P2_rgkf,9,SVR,60,0.02,0.115746727350874
P2_rgkf,9,SVR,68,0.15,0.1519869915365604
P2_rgkf,9,SVR,73,0.21,0.2132272553697127
P2_rgkf,9,SVR,79,0.2,0.155436461092535
P2_rgkf,9,SVR,92,0.14,0.1581489388317186
P2_rgkf,9,SVR,95,0.3,0.1859734489212924
P2_rgkf,9,SVR,96,0.12,0.1305160966615207
P2_rgkf,9,GPR,7,0.42,0.4443372822885059
P2_rgkf,9,GPR,8,0.26,0.4443372822885059
P2_rgkf,9,GPR,10,0.31,0.4527476909636679
P2_rgkf,9,GPR,11,0.38,0.4527476909636679
P2_rgkf,9,GPR,24,0.27,0.3311487188526907
P2_rgkf,9,GPR,25,0.3,0.2972258097451061
P2_rgkf,9,GPR,29,0.64,0.6111409283778065
P2_rgkf,9,GPR,36,0.17,0.1481568874576019
P2_rgkf,9,GPR,38,0.17,0.1489789156943333
P2_rgkf,9,GPR,44,0.17,0.1884247985217123
P2_rgkf,9,GPR,45,0.21,0.1911090469998699
P2_rgkf,9,GPR,46,0.44,0.3851066823534212
P2_rgkf,9,GPR,56,0.09,0.0847487403996935
P2_rgkf,9,GPR,57,0.09,0.1038738105824055
P2_rgkf,9,GPR,60,0.02,0.1015319650208118
P2_rgkf,9,GPR,68,0.15,0.1572473601547658
P2_rgkf,9,GPR,73,0.21,0.1986187521607821
P2_rgkf,9,GPR,79,0.2,0.1662396054598154
P2_rgkf,9,GPR,92,0.14,0.1532691349493465
P2_rgkf,9,GPR,95,0.3,0.1912177295072536
P2_rgkf,9,GPR,96,0.12,0.1497014545819796
P2_rgkf,9,ANN,7,0.42,0.4641557008702663
P2_rgkf,9,ANN,8,0.26,0.4641557008702663
P2_rgkf,9,ANN,10,0.31,0.4900131339031788
P2_rgkf,9,ANN,11,0.38,0.4900131339031788
P2_rgkf,9,ANN,24,0.27,0.3526404783977883
P2_rgkf,9,ANN,25,0.3,0.3624775858140918
P2_rgkf,9,ANN,29,0.64,0.3423830898479018
P2_rgkf,9,ANN,36,0.17,0.1438840157322954
P2_rgkf,9,ANN,38,0.17,0.1440045871159695
P2_rgkf,9,ANN,44,0.17,0.2197593035719255
P2_rgkf,9,ANN,45,0.21,0.232225787367325
P2_rgkf,9,ANN,46,0.44,0.375396303111959
P2_rgkf,9,ANN,56,0.09,0.0837473026083881
P2_rgkf,9,ANN,57,0.09,0.1038299366597453
P2_rgkf,9,ANN,60,0.02,0.0897726676653715
P2_rgkf,9,ANN,68,0.15,0.1867136741627401
P2_rgkf,9,ANN,73,0.21,0.1973032870259873
P2_rgkf,9,ANN,79,0.2,0.1255572504596693
P2_rgkf,9,ANN,92,0.14,0.1417253538729708
P2_rgkf,9,ANN,95,0.3,0.2156615792128672
P2_rgkf,9,ANN,96,0.12,0.099019987462455
